/*******************************************************************************
 * Size: 42 px
 * Bpp: 4
 * Opts: --font VT323-Regular.ttf -r 0x20-0x7F,0xA0-0xFF --size 42 --bpp 4 --format lvgl --no-compress --lv-include lvgl.h -o fonts2/font_vt323_42.c
 ******************************************************************************/

#ifdef LV_LVGL_H_INCLUDE_SIMPLE
#include "lvgl.h"
#else
#include "lvgl.h"
#endif

#ifndef FONT_VT323_42
#define FONT_VT323_42 1
#endif

#if FONT_VT323_42

/*-----------------
 *    BITMAPS
 *----------------*/

/*Store the image of the glyphs*/
static LV_ATTRIBUTE_LARGE_CONST const uint8_t glyph_bitmap[] = {
    /* U+0020 " " */

    /* U+0021 "!" */
    0x5f, 0xff, 0x27, 0xff, 0xf3, 0x6f, 0xff, 0x35,
    0xff, 0xf1, 0x6f, 0xff, 0x36, 0xff, 0xf3, 0x5f,
    0xff, 0x16, 0xff, 0xf2, 0x6f, 0xff, 0x35, 0xff,
    0xf2, 0x5f, 0xff, 0x26, 0xff, 0xf3, 0x6f, 0xff,
    0x35, 0xff, 0xf1, 0x6f, 0xff, 0x36, 0xff, 0xf3,
    0x5f, 0xff, 0x20, 0x0, 0x0, 0x0, 0x0, 0x0,
    0x0, 0x0, 0x26, 0x66, 0x6, 0xff, 0xf3, 0x7f,
    0xff, 0x35, 0xff, 0xf2,

    /* U+0022 "\"" */
    0x9c, 0xca, 0x0, 0xc, 0xcc, 0x6c, 0xff, 0xd0,
    0x1, 0xff, 0xf9, 0xcf, 0xfd, 0x0, 0xf, 0xff,
    0x8a, 0xff, 0xb0, 0x0, 0xff, 0xf7, 0xcf, 0xfd,
    0x0, 0xf, 0xff, 0x9c, 0xff, 0xe0, 0x1, 0xff,
    0xf9, 0xbf, 0xfc, 0x0, 0xf, 0xff, 0x80,

    /* U+0023 "#" */
    0x0, 0x4f, 0xff, 0x30, 0x6f, 0xff, 0x10, 0x0,
    0x6, 0xff, 0xf4, 0x8, 0xff, 0xf2, 0x0, 0x0,
    0x5f, 0xff, 0x40, 0x7f, 0xff, 0x20, 0x2, 0x69,
    0xff, 0xf8, 0x6a, 0xff, 0xf7, 0x61, 0x7f, 0xff,
    0xff, 0xff, 0xff, 0xff, 0xff, 0x37, 0xff, 0xff,
    0xff, 0xff, 0xff, 0xff, 0xf4, 0x6f, 0xff, 0xff,
    0xff, 0xff, 0xff, 0xff, 0x30, 0x4, 0xff, 0xf3,
    0x6, 0xff, 0xf1, 0x0, 0x0, 0x6f, 0xff, 0x40,
    0x8f, 0xff, 0x20, 0x0, 0x4, 0xff, 0xf3, 0x6,
    0xff, 0xf1, 0x0, 0x0, 0x4f, 0xff, 0x20, 0x6f,
    0xff, 0x0, 0x0, 0x5, 0xff, 0xf4, 0x7, 0xff,
    0xf2, 0x0, 0x0, 0x5f, 0xff, 0x40, 0x7f, 0xff,
    0x20, 0x2, 0x68, 0xff, 0xf8, 0x6a, 0xff, 0xf6,
    0x61, 0x7f, 0xff, 0xff, 0xff, 0xff, 0xff, 0xff,
    0x37, 0xff, 0xff, 0xff, 0xff, 0xff, 0xff, 0xf4,
    0x5f, 0xff, 0xff, 0xff, 0xff, 0xff, 0xff, 0x20,
    0x4, 0xff, 0xf3, 0x6, 0xff, 0xf1, 0x0, 0x0,
    0x6f, 0xff, 0x40, 0x8f, 0xff, 0x20, 0x0, 0x5,
    0xff, 0xf4, 0x7, 0xff, 0xf2, 0x0, 0x0, 0x28,
    0x88, 0x10, 0x38, 0x88, 0x0, 0x0,

    /* U+0024 "$" */
    0x0, 0x0, 0x0, 0xff, 0xb0, 0x0, 0x0, 0x0,
    0x0, 0x0, 0xf, 0xfc, 0x0, 0x0, 0x0, 0x0,
    0x0, 0x0, 0xef, 0xb0, 0x0, 0x0, 0x0, 0xb,
    0xff, 0xff, 0xff, 0xff, 0xf8, 0x0, 0x0, 0xcf,
    0xff, 0xff, 0xff, 0xff, 0x90, 0x0, 0xc, 0xff,
    0xff, 0xff, 0xff, 0xf8, 0x0, 0x4c, 0xef, 0x76,
    0xff, 0xd6, 0x9f, 0xec, 0x27, 0xff, 0xf2, 0xf,
    0xfc, 0x6, 0xff, 0xf4, 0x7f, 0xff, 0x20, 0xff,
    0xc0, 0x6f, 0xff, 0x45, 0xff, 0xf1, 0xe, 0xfb,
    0x2, 0x99, 0x91, 0x7f, 0xff, 0x20, 0xff, 0xc0,
    0x0, 0x0, 0x7, 0xff, 0xf3, 0xf, 0xfd, 0x0,
    0x0, 0x0, 0x5f, 0xff, 0x20, 0xff, 0xc0, 0x0,
    0x0, 0x0, 0xb, 0xf7, 0x6f, 0xfd, 0x66, 0x63,
    0x0, 0x0, 0xcf, 0xff, 0xff, 0xff, 0xff, 0x90,
    0x0, 0xc, 0xff, 0xff, 0xff, 0xff, 0xf8, 0x0,
    0x0, 0x69, 0x99, 0xff, 0xd9, 0xbf, 0xa6, 0x10,
    0x0, 0x0, 0xf, 0xfc, 0x5, 0xff, 0xf3, 0x0,
    0x0, 0x0, 0xff, 0xc0, 0x6f, 0xff, 0x40, 0x0,
    0x0, 0xe, 0xfb, 0x4, 0xff, 0xf2, 0x6f, 0xff,
    0x10, 0xff, 0xb0, 0x5f, 0xff, 0x37, 0xff, 0xf2,
    0xf, 0xfc, 0x6, 0xff, 0xf4, 0x6f, 0xff, 0x20,
    0xff, 0xc0, 0x5f, 0xff, 0x32, 0x6c, 0xf7, 0x6e,
    0xfc, 0x69, 0xfa, 0x60, 0x0, 0xcf, 0xff, 0xff,
    0xff, 0xff, 0x90, 0x0, 0xc, 0xff, 0xff, 0xff,
    0xff, 0xf9, 0x0, 0x0, 0xbf, 0xff, 0xff, 0xff,
    0xff, 0x80, 0x0, 0x0, 0x0, 0xf, 0xfb, 0x0,
    0x0, 0x0, 0x0, 0x0, 0x0, 0xff, 0xc0, 0x0,
    0x0, 0x0, 0x0, 0x0, 0xf, 0xfc, 0x0, 0x0,
    0x0, 0x0, 0x0, 0x0, 0x78, 0x50, 0x0, 0x0,
    0x0,

    /* U+0025 "%" */
    0x0, 0xef, 0xf9, 0x0, 0x0, 0x7, 0xff, 0x30,
    0xf, 0xff, 0xa0, 0x0, 0x0, 0x8f, 0xf4, 0x0,
    0xff, 0xfa, 0x0, 0x0, 0x8, 0xff, 0x32, 0x6e,
    0x8c, 0xb6, 0x0, 0x26, 0xa8, 0x60, 0x7f, 0xf5,
    0xaf, 0xf1, 0x6, 0xff, 0x50, 0x7, 0xff, 0x5b,
    0xff, 0x20, 0x7f, 0xf6, 0x0, 0x6f, 0xf4, 0x9f,
    0xf0, 0x5, 0xff, 0x40, 0x0, 0xe, 0xff, 0x90,
    0xf, 0xfa, 0x0, 0x0, 0x0, 0xff, 0xfa, 0x2,
    0xff, 0xb0, 0x0, 0x0, 0xf, 0xff, 0x90, 0x1f,
    0xfa, 0x0, 0x0, 0x0, 0x56, 0x63, 0x56, 0xd6,
    0x30, 0x0, 0x0, 0x0, 0x0, 0xf, 0xfc, 0x0,
    0x0, 0x0, 0x0, 0x0, 0x0, 0xff, 0xc0, 0x0,
    0x0, 0x0, 0x0, 0x0, 0xf, 0xfb, 0x0, 0x0,
    0x0, 0x0, 0x0, 0xdf, 0xd0, 0xc, 0xff, 0xb0,
    0x0, 0x0, 0xe, 0xfe, 0x0, 0xdf, 0xfc, 0x0,
    0x0, 0x0, 0xcf, 0xd0, 0xc, 0xff, 0xb0, 0x0,
    0x8, 0xff, 0x20, 0x4f, 0xf6, 0x7f, 0xf3, 0x0,
    0x9f, 0xf3, 0x5, 0xff, 0x78, 0xff, 0x40, 0x8,
    0xff, 0x20, 0x4f, 0xf7, 0x8f, 0xf3, 0x26, 0xa8,
    0x60, 0x1, 0x6d, 0xaa, 0xd6, 0x7, 0xff, 0x50,
    0x0, 0x0, 0xdf, 0xfc, 0x0, 0x7f, 0xf5, 0x0,
    0x0, 0xd, 0xff, 0xc0, 0x6, 0xff, 0x40, 0x0,
    0x0, 0xcf, 0xfb, 0x0,

    /* U+0026 "&" */
    0x0, 0x0, 0xff, 0xff, 0xf2, 0x0, 0x0, 0x0,
    0x0, 0x1f, 0xff, 0xff, 0x30, 0x0, 0x0, 0x0,
    0x1, 0xff, 0xff, 0xf3, 0x0, 0x0, 0x0, 0x4,
    0x6f, 0x66, 0x6e, 0x75, 0x0, 0x0, 0x0, 0xcf,
    0xf0, 0x0, 0xef, 0xe0, 0x0, 0x0, 0xc, 0xff,
    0x0, 0xe, 0xfe, 0x0, 0x0, 0x0, 0xbf, 0xf0,
    0x0, 0xdf, 0xd0, 0x0, 0x0, 0x0, 0xf, 0xff,
    0xf5, 0x0, 0x7f, 0xf3, 0x0, 0x1, 0xff, 0xff,
    0x60, 0x8, 0xff, 0x40, 0x0, 0xf, 0xff, 0xf5,
    0x0, 0x7f, 0xf3, 0x0, 0x69, 0xfd, 0x6f, 0xb5,
    0x7, 0xff, 0x20, 0xc, 0xff, 0xd2, 0xff, 0xa0,
    0x8f, 0xf4, 0x0, 0xcf, 0xfd, 0x2f, 0xfa, 0x8,
    0xff, 0x40, 0xb, 0xfc, 0x91, 0xcf, 0x90, 0x7c,
    0xc2, 0x6f, 0xff, 0x20, 0x0, 0xdf, 0xff, 0x10,
    0x7, 0xff, 0xf2, 0x0, 0xe, 0xff, 0xf2, 0x0,
    0x6f, 0xff, 0x10, 0x0, 0xdf, 0xff, 0x10, 0x5,
    0xff, 0xf1, 0x1, 0xcf, 0xa7, 0xfc, 0x40, 0x7f,
    0xff, 0x20, 0x2f, 0xfa, 0x6f, 0xf6, 0x6, 0xff,
    0xf2, 0x2, 0xff, 0x95, 0xff, 0x60, 0x39, 0xdf,
    0x76, 0x6f, 0xb5, 0x4f, 0xf9, 0x10, 0xc, 0xff,
    0xff, 0xf5, 0x5, 0xff, 0xf3, 0x0, 0xcf, 0xff,
    0xff, 0x60, 0x6f, 0xff, 0x40, 0xb, 0xff, 0xff,
    0xf5, 0x5, 0xff, 0xf3,

    /* U+0027 "'" */
    0x4c, 0xcc, 0x16, 0xff, 0xf3, 0x6f, 0xff, 0x35,
    0xff, 0xf1, 0x6f, 0xff, 0x37, 0xff, 0xf3, 0x5f,
    0xff, 0x20,

    /* U+0028 "(" */
    0x0, 0x0, 0x3f, 0xf0, 0x0, 0x0, 0x4f, 0xf1,
    0x0, 0x0, 0x2f, 0xf0, 0x0, 0x4f, 0xf0, 0x0,
    0x0, 0x5f, 0xf0, 0x0, 0x0, 0x5f, 0xf0, 0x0,
    0x0, 0x4e, 0x50, 0x0, 0x5, 0xff, 0x0, 0x0,
    0x6, 0xff, 0x0, 0x0, 0x5, 0xfe, 0x0, 0x0,
    0x9f, 0xfe, 0x0, 0x0, 0xbf, 0xff, 0x0, 0x0,
    0xaf, 0xfe, 0x0, 0x0, 0x9f, 0xfd, 0x0, 0x0,
    0xaf, 0xff, 0x0, 0x0, 0xaf, 0xff, 0x0, 0x0,
    0x9f, 0xfd, 0x0, 0x0, 0xaf, 0xfe, 0x0, 0x0,
    0xbf, 0xff, 0x0, 0x0, 0x9f, 0xfe, 0x0, 0x0,
    0x17, 0xfd, 0x0, 0x0, 0x6, 0xff, 0x0, 0x0,
    0x6, 0xfe, 0x0, 0x0, 0x2, 0xbe, 0x50, 0x0,
    0x0, 0x5f, 0xf0, 0x0, 0x0, 0x6f, 0xf0, 0x0,
    0x0, 0x4f, 0xf0, 0x0, 0x0, 0x0, 0x3f, 0xf0,
    0x0, 0x0, 0x4f, 0xf1, 0x0, 0x0, 0x3f, 0xf0,
    0x0, 0x0, 0x6, 0x60,

    /* U+0029 ")" */
    0x4f, 0xf0, 0x0, 0x0, 0x5f, 0xf1, 0x0, 0x0,
    0x3f, 0xf0, 0x0, 0x0, 0x0, 0x2f, 0xf1, 0x0,
    0x0, 0x3f, 0xf2, 0x0, 0x0, 0x3f, 0xf2, 0x0,
    0x0, 0x6, 0xf1, 0x0, 0x0, 0x2, 0xff, 0x20,
    0x0, 0x2, 0xff, 0x30, 0x0, 0x1, 0xff, 0x20,
    0x0, 0x1, 0xff, 0xf6, 0x0, 0x2, 0xff, 0xf7,
    0x0, 0x1, 0xff, 0xf6, 0x0, 0x0, 0xff, 0xf6,
    0x0, 0x2, 0xff, 0xf7, 0x0, 0x2, 0xff, 0xf7,
    0x0, 0x0, 0xff, 0xf6, 0x0, 0x1, 0xff, 0xf7,
    0x0, 0x2, 0xff, 0xf7, 0x0, 0x1, 0xff, 0xf6,
    0x0, 0x1, 0xff, 0x51, 0x0, 0x2, 0xff, 0x30,
    0x0, 0x2, 0xff, 0x30, 0x0, 0x6, 0xf9, 0x10,
    0x0, 0x3f, 0xf2, 0x0, 0x0, 0x3f, 0xf3, 0x0,
    0x0, 0x2f, 0xf1, 0x0, 0x4f, 0xf0, 0x0, 0x0,
    0x5f, 0xf1, 0x0, 0x0, 0x4f, 0xf0, 0x0, 0x0,
    0x16, 0x60, 0x0, 0x0,

    /* U+002A "*" */
    0x0, 0x0, 0xf, 0xfb, 0x0, 0x0, 0x0, 0x0,
    0x0, 0xff, 0xc0, 0x0, 0x0, 0x0, 0x0, 0xe,
    0xfb, 0x0, 0x0, 0x8, 0xff, 0xf0, 0xff, 0xb2,
    0xff, 0xf5, 0xaf, 0xff, 0xf, 0xfc, 0x3f, 0xff,
    0x69, 0xff, 0xf0, 0xff, 0xc2, 0xff, 0xf5, 0x36,
    0x66, 0x6e, 0xfc, 0x66, 0x66, 0x10, 0x0, 0x3f,
    0xff, 0xff, 0x0, 0x0, 0x0, 0x4, 0xff, 0xff,
    0xf1, 0x0, 0x0, 0x0, 0x3f, 0xff, 0xff, 0x0,
    0x0, 0x8f, 0xff, 0xf, 0xfb, 0x2f, 0xff, 0x5a,
    0xff, 0xf0, 0xff, 0xc3, 0xff, 0xf6, 0x9f, 0xff,
    0xf, 0xfb, 0x2f, 0xff, 0x53, 0x66, 0x50, 0xef,
    0xb0, 0x66, 0x61, 0x0, 0x0, 0xf, 0xfc, 0x0,
    0x0, 0x0, 0x0, 0x0, 0xff, 0xc0, 0x0, 0x0,
    0x0, 0x0, 0xe, 0xfb, 0x0, 0x0, 0x0,

    /* U+002B "+" */
    0x0, 0x0, 0x5f, 0xff, 0x20, 0x0, 0x0, 0x0,
    0x7, 0xff, 0xf3, 0x0, 0x0, 0x0, 0x0, 0x6f,
    0xff, 0x30, 0x0, 0x0, 0x0, 0x5, 0xff, 0xf1,
    0x0, 0x0, 0x0, 0x0, 0x6f, 0xff, 0x30, 0x0,
    0x0, 0x0, 0x7, 0xff, 0xf3, 0x0, 0x0, 0x0,
    0x0, 0x5f, 0xff, 0x20, 0x0, 0x8, 0xff, 0xff,
    0xff, 0xff, 0xff, 0xf5, 0xaf, 0xff, 0xff, 0xff,
    0xff, 0xff, 0x79, 0xff, 0xff, 0xff, 0xff, 0xff,
    0xf6, 0x36, 0x66, 0x9f, 0xff, 0x76, 0x66, 0x20,
    0x0, 0x6, 0xff, 0xf3, 0x0, 0x0, 0x0, 0x0,
    0x6f, 0xff, 0x30, 0x0, 0x0, 0x0, 0x5, 0xff,
    0xf1, 0x0, 0x0, 0x0, 0x0, 0x6f, 0xff, 0x30,
    0x0, 0x0, 0x0, 0x6, 0xff, 0xf3, 0x0, 0x0,
    0x0, 0x0, 0x5f, 0xff, 0x20, 0x0, 0x0,

    /* U+002C "," */
    0x9c, 0xcc, 0x7d, 0xff, 0xfa, 0xdf, 0xff, 0x9b,
    0xff, 0xf8, 0xdf, 0xff, 0xad, 0xff, 0xfa, 0xcf,
    0xff, 0x90, 0x1f, 0xf9, 0x2, 0xff, 0xa0, 0x1f,
    0xf9, 0x46, 0xf9, 0x5d, 0xff, 0x0, 0xdf, 0xf0,
    0xc, 0xfe, 0x0,

    /* U+002D "-" */
    0x56, 0x66, 0x66, 0x66, 0x4e, 0xff, 0xff, 0xff,
    0xfb, 0xff, 0xff, 0xff, 0xff, 0xce, 0xff, 0xff,
    0xff, 0xfa,

    /* U+002E "." */
    0x9c, 0xcc, 0x7d, 0xff, 0xfa, 0xdf, 0xff, 0x9b,
    0xff, 0xf8, 0xdf, 0xff, 0xad, 0xff, 0xfa, 0xcf,
    0xff, 0x90,

    /* U+002F "/" */
    0x0, 0x0, 0x0, 0x0, 0x0, 0x5f, 0xff, 0x30,
    0x0, 0x0, 0x0, 0x0, 0x6, 0xff, 0xf4, 0x0,
    0x0, 0x0, 0x0, 0x0, 0x4f, 0xff, 0x20, 0x0,
    0x0, 0x0, 0x0, 0x9f, 0xff, 0x0, 0x0, 0x0,
    0x0, 0x0, 0xa, 0xff, 0xf0, 0x0, 0x0, 0x0,
    0x0, 0x0, 0x9f, 0xff, 0x0, 0x0, 0x0, 0x0,
    0x0, 0xae, 0xfb, 0x20, 0x0, 0x0, 0x0, 0x0,
    0xe, 0xff, 0xb0, 0x0, 0x0, 0x0, 0x0, 0x0,
    0xef, 0xfb, 0x0, 0x0, 0x0, 0x0, 0x0, 0xd,
    0xfd, 0x80, 0x0, 0x0, 0x0, 0x0, 0x1f, 0xff,
    0x70, 0x0, 0x0, 0x0, 0x0, 0x2, 0xff, 0xf7,
    0x0, 0x0, 0x0, 0x0, 0x0, 0x1f, 0xff, 0x60,
    0x0, 0x0, 0x0, 0x0, 0x4d, 0xff, 0x20, 0x0,
    0x0, 0x0, 0x0, 0x6, 0xff, 0xf3, 0x0, 0x0,
    0x0, 0x0, 0x0, 0x6f, 0xff, 0x30, 0x0, 0x0,
    0x0, 0x0, 0x5, 0xff, 0xc1, 0x0, 0x0, 0x0,
    0x0, 0xa, 0xff, 0xe0, 0x0, 0x0, 0x0, 0x0,
    0x0, 0xbf, 0xff, 0x0, 0x0, 0x0, 0x0, 0x0,
    0x9, 0xff, 0xd0, 0x0, 0x0, 0x0, 0x0, 0xb,
    0xef, 0xa0, 0x0, 0x0, 0x0, 0x0, 0x0, 0xff,
    0xfb, 0x0, 0x0, 0x0, 0x0, 0x0, 0xe, 0xff,
    0xa0, 0x0, 0x0, 0x0, 0x0, 0x6, 0xef, 0xb5,
    0x0, 0x0, 0x0, 0x0, 0x3, 0xff, 0xf6, 0x0,
    0x0, 0x0, 0x0, 0x0, 0x3f, 0xff, 0x70, 0x0,
    0x0, 0x0, 0x0, 0x2, 0xff, 0xf6, 0x0, 0x0,
    0x0, 0x0, 0x6, 0xff, 0xf1, 0x0, 0x0, 0x0,
    0x0, 0x0, 0x7f, 0xff, 0x30, 0x0, 0x0, 0x0,
    0x0, 0x6, 0xff, 0xf2, 0x0, 0x0, 0x0, 0x0,
    0x0, 0x26, 0x66, 0x0, 0x0, 0x0, 0x0, 0x0,
    0x0,

    /* U+0030 "0" */
    0x0, 0x0, 0xcf, 0xff, 0x90, 0x0, 0x0, 0x0,
    0xd, 0xff, 0xfa, 0x0, 0x0, 0x0, 0x0, 0xdf,
    0xff, 0x90, 0x0, 0x0, 0x0, 0x4, 0x66, 0x63,
    0x0, 0x0, 0x0, 0xef, 0x60, 0x0, 0x9f, 0xa0,
    0x0, 0xf, 0xf7, 0x0, 0xa, 0xfb, 0x0, 0x0,
    0xdf, 0x50, 0x0, 0x8f, 0xa0, 0x2, 0xff, 0xf6,
    0x0, 0x9, 0xff, 0xf0, 0x3f, 0xff, 0x70, 0x0,
    0xaf, 0xff, 0x2, 0xff, 0xf6, 0x0, 0x9, 0xff,
    0xf0, 0x1f, 0xff, 0x50, 0x0, 0x8f, 0xfe, 0x3,
    0xff, 0xf7, 0x0, 0xa, 0xff, 0xf0, 0x3f, 0xff,
    0x60, 0x0, 0xaf, 0xff, 0x1, 0xff, 0xf5, 0x0,
    0x8, 0xff, 0xe0, 0x2f, 0xff, 0x60, 0x0, 0x9f,
    0xff, 0x3, 0xff, 0xf7, 0x0, 0xa, 0xff, 0xf0,
    0x2f, 0xff, 0x50, 0x0, 0x9f, 0xfe, 0x0, 0x3e,
    0xf5, 0x0, 0x8, 0xfb, 0x20, 0x0, 0xff, 0x70,
    0x0, 0xaf, 0xb0, 0x0, 0xe, 0xf6, 0x0, 0x9,
    0xfb, 0x0, 0x0, 0x79, 0x76, 0x66, 0x89, 0x50,
    0x0, 0x0, 0xd, 0xff, 0xfa, 0x0, 0x0, 0x0,
    0x0, 0xdf, 0xff, 0xa0, 0x0, 0x0, 0x0, 0xc,
    0xff, 0xf9, 0x0, 0x0,

    /* U+0031 "1" */
    0x0, 0x5, 0xff, 0xf2, 0x0, 0x0, 0x0, 0x7f,
    0xff, 0x30, 0x0, 0x0, 0x6, 0xff, 0xf3, 0x0,
    0x0, 0x56, 0x9f, 0xff, 0x10, 0x0, 0xe, 0xff,
    0xff, 0xf3, 0x0, 0x0, 0xff, 0xff, 0xff, 0x30,
    0x0, 0xe, 0xff, 0xff, 0xf2, 0x0, 0x0, 0x0,
    0x5f, 0xff, 0x20, 0x0, 0x0, 0x7, 0xff, 0xf3,
    0x0, 0x0, 0x0, 0x6f, 0xff, 0x20, 0x0, 0x0,
    0x5, 0xff, 0xf1, 0x0, 0x0, 0x0, 0x6f, 0xff,
    0x30, 0x0, 0x0, 0x6, 0xff, 0xf3, 0x0, 0x0,
    0x0, 0x5f, 0xff, 0x20, 0x0, 0x0, 0x6, 0xff,
    0xf2, 0x0, 0x0, 0x0, 0x6f, 0xff, 0x30, 0x0,
    0x0, 0x5, 0xff, 0xf2, 0x0, 0x0, 0x0, 0x5f,
    0xff, 0x20, 0x0, 0x0, 0x6, 0xff, 0xf3, 0x0,
    0x0, 0x0, 0x6f, 0xff, 0x30, 0x0, 0x46, 0x69,
    0xff, 0xf7, 0x66, 0x3c, 0xff, 0xff, 0xff, 0xff,
    0xf9, 0xcf, 0xff, 0xff, 0xff, 0xff, 0x9b, 0xff,
    0xff, 0xff, 0xff, 0xf8,

    /* U+0032 "2" */
    0x0, 0xef, 0xff, 0xff, 0xff, 0xa0, 0x0, 0xf,
    0xff, 0xff, 0xff, 0xfc, 0x0, 0x0, 0xef, 0xff,
    0xff, 0xff, 0xb0, 0x6, 0xcf, 0x76, 0x66, 0x67,
    0xfe, 0xc4, 0x9f, 0xf2, 0x0, 0x0, 0x3f, 0xff,
    0x69, 0xff, 0x20, 0x0, 0x3, 0xff, 0xf6, 0x59,
    0x90, 0x0, 0x0, 0x1f, 0xff, 0x50, 0x0, 0x0,
    0x0, 0x3, 0xff, 0xf6, 0x0, 0x0, 0x0, 0x0,
    0x3f, 0xff, 0x60, 0x0, 0x0, 0x0, 0x3, 0xff,
    0xf5, 0x0, 0x0, 0x0, 0x16, 0x7f, 0x30, 0x0,
    0x0, 0x0, 0x4, 0xff, 0xf5, 0x0, 0x0, 0x0,
    0x0, 0x5f, 0xff, 0x50, 0x0, 0x0, 0x0, 0x4,
    0xff, 0xf4, 0x0, 0x0, 0x0, 0x5f, 0xff, 0x20,
    0x0, 0x0, 0x0, 0x6, 0xff, 0xf3, 0x0, 0x0,
    0x0, 0x0, 0x5f, 0xff, 0x20, 0x0, 0x0, 0x5,
    0xcd, 0xf3, 0x30, 0x0, 0x0, 0x0, 0x8f, 0xff,
    0x10, 0x0, 0x0, 0x0, 0x7, 0xff, 0xf1, 0x0,
    0x0, 0x0, 0x36, 0xaf, 0xff, 0x66, 0x66, 0x66,
    0x29, 0xff, 0xff, 0xff, 0xff, 0xff, 0xf6, 0xaf,
    0xff, 0xff, 0xff, 0xff, 0xff, 0x78, 0xff, 0xff,
    0xff, 0xff, 0xff, 0xf5,

    /* U+0033 "3" */
    0x0, 0xef, 0xff, 0xff, 0xff, 0xa0, 0x0, 0xf,
    0xff, 0xff, 0xff, 0xfc, 0x0, 0x0, 0xef, 0xff,
    0xff, 0xff, 0xb0, 0x6, 0xcf, 0xf6, 0x66, 0x67,
    0xfe, 0xc4, 0x9f, 0xff, 0x0, 0x0, 0x3f, 0xff,
    0x69, 0xff, 0xf0, 0x0, 0x3, 0xff, 0xf6, 0x59,
    0x99, 0x0, 0x0, 0x1f, 0xff, 0x50, 0x0, 0x0,
    0x0, 0x3, 0xff, 0xf6, 0x0, 0x0, 0x0, 0x0,
    0x3f, 0xff, 0x60, 0x0, 0x0, 0x0, 0x3, 0xff,
    0xf5, 0x0, 0x0, 0x26, 0x66, 0x7f, 0xa0, 0x0,
    0x0, 0x6, 0xff, 0xff, 0xfc, 0x0, 0x0, 0x0,
    0x6f, 0xff, 0xff, 0xb0, 0x0, 0x0, 0x3, 0x99,
    0x9a, 0xfc, 0x62, 0x0, 0x0, 0x0, 0x0, 0x3f,
    0xff, 0x60, 0x0, 0x0, 0x0, 0x3, 0xff, 0xf6,
    0x0, 0x0, 0x0, 0x0, 0x2f, 0xff, 0x58, 0xff,
    0xf0, 0x0, 0x2, 0xff, 0xf5, 0xaf, 0xff, 0x0,
    0x0, 0x3f, 0xff, 0x69, 0xff, 0xf0, 0x0, 0x2,
    0xff, 0xf5, 0x36, 0xef, 0x66, 0x66, 0x7f, 0xc6,
    0x10, 0xe, 0xff, 0xff, 0xff, 0xfb, 0x0, 0x0,
    0xff, 0xff, 0xff, 0xff, 0xb0, 0x0, 0xd, 0xff,
    0xff, 0xff, 0xfa, 0x0,

    /* U+0034 "4" */
    0x0, 0x0, 0x0, 0x8f, 0xff, 0xff, 0x80, 0x0,
    0x0, 0x0, 0x9, 0xff, 0xff, 0xf9, 0x0, 0x0,
    0x0, 0x0, 0x9f, 0xff, 0xff, 0x80, 0x0, 0x0,
    0x3, 0x66, 0x66, 0xff, 0xf7, 0x0, 0x0, 0x0,
    0xaf, 0xb0, 0xf, 0xff, 0x90, 0x0, 0x0, 0xb,
    0xfb, 0x1, 0xff, 0xf9, 0x0, 0x0, 0x0, 0x9f,
    0xa0, 0xf, 0xff, 0x80, 0x0, 0x0, 0xef, 0x60,
    0x0, 0xff, 0xf8, 0x0, 0x0, 0xf, 0xf7, 0x0,
    0x1f, 0xff, 0x90, 0x0, 0x0, 0xef, 0x60, 0x0,
    0xff, 0xf8, 0x0, 0x1, 0x9e, 0x71, 0x0, 0xf,
    0xff, 0x70, 0x0, 0x3f, 0xf2, 0x0, 0x0, 0xff,
    0xf9, 0x0, 0x3, 0xff, 0x30, 0x0, 0x1f, 0xff,
    0x90, 0x0, 0x2f, 0xf1, 0x0, 0x0, 0xff, 0xf8,
    0x0, 0x6f, 0xff, 0xff, 0xff, 0xff, 0xff, 0xff,
    0x37, 0xff, 0xff, 0xff, 0xff, 0xff, 0xff, 0xf4,
    0x6f, 0xff, 0xff, 0xff, 0xff, 0xff, 0xff, 0x32,
    0x66, 0x66, 0x66, 0x66, 0xff, 0xfb, 0x60, 0x0,
    0x0, 0x0, 0x0, 0x1f, 0xff, 0x90, 0x0, 0x0,
    0x0, 0x0, 0x0, 0xff, 0xf8, 0x0, 0x0, 0x0,
    0x0, 0x0, 0xf, 0xff, 0x70, 0x0, 0x0, 0x0,
    0x0, 0x0, 0xff, 0xf8, 0x0, 0x0, 0x0, 0x0,
    0x0, 0x1f, 0xff, 0x90, 0x0, 0x0, 0x0, 0x0,
    0x0, 0xff, 0xf7, 0x0,

    /* U+0035 "5" */
    0x8f, 0xff, 0xff, 0xff, 0xff, 0xff, 0x0, 0xaf,
    0xff, 0xff, 0xff, 0xff, 0xff, 0x0, 0x9f, 0xff,
    0xff, 0xff, 0xff, 0xff, 0x0, 0x8f, 0xff, 0x66,
    0x66, 0x66, 0x65, 0x0, 0x9f, 0xff, 0x0, 0x0,
    0x0, 0x0, 0x0, 0xaf, 0xff, 0x0, 0x0, 0x0,
    0x0, 0x0, 0x8f, 0xff, 0x0, 0x0, 0x0, 0x0,
    0x0, 0x8f, 0xff, 0xf, 0xff, 0xfd, 0x0, 0x0,
    0xaf, 0xff, 0xf, 0xff, 0xfe, 0x0, 0x0, 0x9f,
    0xff, 0xf, 0xff, 0xfd, 0x0, 0x0, 0x8f, 0xff,
    0x66, 0x66, 0xbe, 0x65, 0x0, 0x9f, 0xff, 0xf4,
    0x0, 0xaf, 0xff, 0x0, 0xaf, 0xff, 0xf4, 0x0,
    0xaf, 0xff, 0x0, 0x8f, 0xff, 0xf3, 0x0, 0x9f,
    0xff, 0x0, 0x0, 0x0, 0x0, 0x0, 0x5, 0xff,
    0xf3, 0x0, 0x0, 0x0, 0x0, 0x6, 0xff, 0xf4,
    0x0, 0x0, 0x0, 0x0, 0x4, 0xff, 0xf2, 0x8f,
    0xf1, 0x0, 0x0, 0x9f, 0xff, 0x0, 0xaf, 0xf2,
    0x0, 0x0, 0xaf, 0xff, 0x0, 0x9f, 0xf2, 0x0,
    0x0, 0x9f, 0xff, 0x0, 0x36, 0xe7, 0x66, 0x66,
    0xbe, 0x65, 0x0, 0x0, 0xef, 0xff, 0xff, 0xfe,
    0x0, 0x0, 0x0, 0xff, 0xff, 0xff, 0xfe, 0x0,
    0x0, 0x0, 0xdf, 0xff, 0xff, 0xfd, 0x0, 0x0,

    /* U+0036 "6" */
    0x0, 0x0, 0x2f, 0xff, 0xff, 0xe0, 0x0, 0x0,
    0x3, 0xff, 0xff, 0xff, 0x0, 0x0, 0x0, 0x3f,
    0xff, 0xff, 0xe0, 0x0, 0x36, 0x66, 0x66, 0x66,
    0x65, 0x0, 0x8, 0xff, 0xf0, 0x0, 0x0, 0x0,
    0x0, 0x9f, 0xff, 0x10, 0x0, 0x0, 0x0, 0x8,
    0xff, 0xf0, 0x0, 0x0, 0x0, 0xc, 0xff, 0xb0,
    0x0, 0x0, 0x0, 0x0, 0xdf, 0xfd, 0x0, 0x0,
    0x0, 0x0, 0xc, 0xff, 0xc0, 0x0, 0x0, 0x0,
    0x0, 0xbf, 0xfb, 0x6, 0x66, 0x66, 0x50, 0xd,
    0xff, 0xc3, 0xff, 0xff, 0xff, 0x0, 0xdf, 0xfd,
    0x3f, 0xff, 0xff, 0xf0, 0xc, 0xff, 0xc2, 0xff,
    0xff, 0xfe, 0x0, 0xcf, 0xff, 0xf0, 0x0, 0xf,
    0xff, 0x9d, 0xff, 0xff, 0x10, 0x0, 0xff, 0xfa,
    0xcf, 0xff, 0xf0, 0x0, 0xf, 0xff, 0x82, 0x9f,
    0xff, 0x0, 0x0, 0xef, 0xf8, 0x9, 0xff, 0xf1,
    0x0, 0xf, 0xff, 0xa0, 0x8f, 0xff, 0x0, 0x0,
    0xff, 0xf9, 0x4, 0x99, 0x96, 0x66, 0x6f, 0x99,
    0x40, 0x0, 0x3, 0xff, 0xff, 0xf1, 0x0, 0x0,
    0x0, 0x3f, 0xff, 0xff, 0x20, 0x0, 0x0, 0x2,
    0xff, 0xff, 0xf0, 0x0,

    /* U+0037 "7" */
    0x8f, 0xff, 0xff, 0xff, 0xff, 0xff, 0x5a, 0xff,
    0xff, 0xff, 0xff, 0xff, 0xf7, 0x9f, 0xff, 0xff,
    0xff, 0xff, 0xff, 0x63, 0x66, 0x66, 0x66, 0x67,
    0xff, 0xf5, 0x0, 0x0, 0x0, 0x0, 0x3f, 0xff,
    0x60, 0x0, 0x0, 0x0, 0x3, 0xff, 0xf6, 0x0,
    0x0, 0x0, 0x0, 0x2f, 0xff, 0x50, 0x0, 0x0,
    0x0, 0x6f, 0xff, 0x10, 0x0, 0x0, 0x0, 0x7,
    0xff, 0xf2, 0x0, 0x0, 0x0, 0x0, 0x6f, 0xff,
    0x10, 0x0, 0x0, 0x0, 0x8e, 0xfd, 0x30, 0x0,
    0x0, 0x0, 0xb, 0xff, 0xe0, 0x0, 0x0, 0x0,
    0x0, 0xbf, 0xfe, 0x0, 0x0, 0x0, 0x0, 0xa,
    0xfe, 0xa0, 0x0, 0x0, 0x0, 0xf, 0xff, 0x90,
    0x0, 0x0, 0x0, 0x0, 0xff, 0xfa, 0x0, 0x0,
    0x0, 0x0, 0xe, 0xff, 0x80, 0x0, 0x0, 0x0,
    0x3f, 0xff, 0x40, 0x0, 0x0, 0x0, 0x4, 0xff,
    0xf6, 0x0, 0x0, 0x0, 0x0, 0x3f, 0xff, 0x50,
    0x0, 0x0, 0x0, 0x27, 0xff, 0x92, 0x0, 0x0,
    0x0, 0x8, 0xff, 0xf1, 0x0, 0x0, 0x0, 0x0,
    0x8f, 0xff, 0x20, 0x0, 0x0, 0x0, 0x7, 0xff,
    0xf0, 0x0, 0x0, 0x0,

    /* U+0038 "8" */
    0x0, 0xf, 0xff, 0xff, 0xfd, 0x0, 0x0, 0x1,
    0xff, 0xff, 0xff, 0xe0, 0x0, 0x0, 0x1f, 0xff,
    0xff, 0xfd, 0x0, 0x1, 0xcc, 0xf9, 0x66, 0x6b,
    0xfc, 0xb0, 0x3f, 0xff, 0x70, 0x0, 0xaf, 0xff,
    0x2, 0xff, 0xf7, 0x0, 0xa, 0xff, 0xf0, 0x1f,
    0xff, 0x50, 0x0, 0x8f, 0xfe, 0x3, 0xff, 0xf6,
    0x0, 0x9, 0xff, 0xf0, 0x3f, 0xff, 0x70, 0x0,
    0xaf, 0xff, 0x1, 0xff, 0xf6, 0x0, 0xa, 0xff,
    0xe0, 0x0, 0xf, 0x96, 0x66, 0xbd, 0x0, 0x0,
    0x1, 0xff, 0xff, 0xff, 0xe0, 0x0, 0x0, 0x1f,
    0xff, 0xff, 0xfe, 0x0, 0x0, 0x0, 0xff, 0xff,
    0xff, 0xd0, 0x0, 0x2f, 0xff, 0x60, 0x0, 0x9f,
    0xff, 0x3, 0xff, 0xf7, 0x0, 0xa, 0xff, 0xf0,
    0x2f, 0xff, 0x60, 0x0, 0x9f, 0xff, 0x1, 0xff,
    0xf5, 0x0, 0x8, 0xff, 0xe0, 0x3f, 0xff, 0x70,
    0x0, 0xaf, 0xff, 0x2, 0xff, 0xf6, 0x0, 0x9,
    0xff, 0xf0, 0x9, 0x9f, 0x96, 0x66, 0xbe, 0x98,
    0x0, 0x1, 0xff, 0xff, 0xff, 0xe0, 0x0, 0x0,
    0x1f, 0xff, 0xff, 0xfe, 0x0, 0x0, 0x0, 0xff,
    0xff, 0xff, 0xd0, 0x0,

    /* U+0039 "9" */
    0x0, 0x4f, 0xff, 0xff, 0x0, 0x0, 0x0, 0x5,
    0xff, 0xff, 0xf0, 0x0, 0x0, 0x0, 0x4f, 0xff,
    0xff, 0x0, 0x0, 0x9, 0xcd, 0xd6, 0x66, 0x8c,
    0xcc, 0x30, 0xdf, 0xfc, 0x0, 0x4, 0xff, 0xf5,
    0xd, 0xff, 0xd0, 0x0, 0x4f, 0xff, 0x50, 0xcf,
    0xfb, 0x0, 0x3, 0xff, 0xf4, 0xc, 0xff, 0xb0,
    0x0, 0x3f, 0xff, 0xf8, 0xdf, 0xfd, 0x0, 0x4,
    0xff, 0xff, 0xab, 0xff, 0xc0, 0x0, 0x2f, 0xff,
    0xf9, 0x1, 0xfd, 0x66, 0x65, 0xf, 0xff, 0x80,
    0x2f, 0xff, 0xff, 0xf0, 0xff, 0xf9, 0x2, 0xff,
    0xff, 0xff, 0xf, 0xff, 0xa0, 0x1f, 0xff, 0xff,
    0xf0, 0xff, 0xf9, 0x0, 0x0, 0x0, 0x0, 0xf,
    0xff, 0x90, 0x0, 0x0, 0x0, 0x0, 0xff, 0xfa,
    0x0, 0x0, 0x0, 0x0, 0xe, 0xff, 0x80, 0x0,
    0x0, 0x0, 0x3f, 0xff, 0x71, 0x0, 0x0, 0x0,
    0x4, 0xff, 0xf5, 0x0, 0x0, 0x0, 0x0, 0x3f,
    0xff, 0x50, 0x0, 0x66, 0x66, 0x66, 0x66, 0x61,
    0x0, 0x2f, 0xff, 0xff, 0xf0, 0x0, 0x0, 0x2,
    0xff, 0xff, 0xff, 0x0, 0x0, 0x0, 0x1f, 0xff,
    0xff, 0xf0, 0x0, 0x0,

    /* U+003A ":" */
    0x9c, 0xcc, 0x7d, 0xff, 0xfa, 0xdf, 0xff, 0x9b,
    0xff, 0xf8, 0xdf, 0xff, 0xad, 0xff, 0xfa, 0xcf,
    0xff, 0x80, 0x0, 0x0, 0x0, 0x0, 0x0, 0x0,
    0x0, 0x0, 0x0, 0x0, 0x0, 0x0, 0x0, 0x0,
    0x0, 0x0, 0x0, 0x9c, 0xcc, 0x7d, 0xff, 0xfa,
    0xdf, 0xff, 0x9b, 0xff, 0xf8, 0xdf, 0xff, 0xad,
    0xff, 0xfa, 0xcf, 0xff, 0x90,

    /* U+003B ";" */
    0xcf, 0xff, 0x9d, 0xff, 0xfa, 0xcf, 0xff, 0x9b,
    0xff, 0xf8, 0xdf, 0xff, 0xad, 0xff, 0xfa, 0x9c,
    0xcc, 0x60, 0x0, 0x0, 0x0, 0x0, 0x0, 0x0,
    0x0, 0x0, 0x0, 0x0, 0x0, 0x0, 0x0, 0x0,
    0x9, 0xcc, 0xc7, 0xdf, 0xff, 0xad, 0xff, 0xf9,
    0xbf, 0xff, 0x8d, 0xff, 0xfa, 0xdf, 0xff, 0xac,
    0xff, 0xf9, 0x1, 0xff, 0x90, 0x2f, 0xfa, 0x1,
    0xff, 0x94, 0x6f, 0x95, 0xdf, 0xf0, 0xd, 0xff,
    0x0, 0xcf, 0xe0, 0x0,

    /* U+003C "<" */
    0x0, 0x0, 0x0, 0x3f, 0xff, 0x40, 0x0, 0x0,
    0x4, 0xff, 0xf6, 0x0, 0x0, 0x0, 0x4f, 0xff,
    0x50, 0x0, 0x1, 0x68, 0xf7, 0x61, 0x0, 0x0,
    0x5f, 0xff, 0x40, 0x0, 0x0, 0x6, 0xff, 0xf4,
    0x0, 0x0, 0x0, 0x4f, 0xff, 0x30, 0x0, 0x6,
    0xff, 0xf1, 0x0, 0x0, 0x0, 0x7f, 0xff, 0x20,
    0x0, 0x0, 0x6, 0xff, 0xf1, 0x0, 0x0, 0x36,
    0x9f, 0x66, 0x0, 0x0, 0x8, 0xff, 0xf0, 0x0,
    0x0, 0x0, 0x9f, 0xff, 0x10, 0x0, 0x0, 0x8,
    0xff, 0xf0, 0x0, 0x0, 0x0, 0x0, 0x6f, 0xff,
    0x10, 0x0, 0x0, 0x7, 0xff, 0xf2, 0x0, 0x0,
    0x0, 0x6f, 0xff, 0x10, 0x0, 0x0, 0x0, 0x4,
    0xff, 0xf3, 0x0, 0x0, 0x0, 0x6f, 0xff, 0x40,
    0x0, 0x0, 0x5, 0xff, 0xf3, 0x0, 0x0, 0x0,
    0x16, 0x7f, 0x76, 0x10, 0x0, 0x0, 0x4, 0xff,
    0xf5, 0x0, 0x0, 0x0, 0x4f, 0xff, 0x60, 0x0,
    0x0, 0x3, 0xff, 0xf4,

    /* U+003D "=" */
    0xbf, 0xff, 0xff, 0xff, 0xff, 0x8c, 0xff, 0xff,
    0xff, 0xff, 0xf9, 0xbf, 0xff, 0xff, 0xff, 0xff,
    0x84, 0x66, 0x66, 0x66, 0x66, 0x62, 0x0, 0x0,
    0x0, 0x0, 0x0, 0x0, 0x0, 0x0, 0x0, 0x0,
    0x0, 0x0, 0x0, 0x0, 0x0, 0x0, 0xb, 0xff,
    0xff, 0xff, 0xff, 0xf8, 0xcf, 0xff, 0xff, 0xff,
    0xff, 0x9b, 0xff, 0xff, 0xff, 0xff, 0xf8, 0x46,
    0x66, 0x66, 0x66, 0x66, 0x20,

    /* U+003E ">" */
    0x8f, 0xff, 0x0, 0x0, 0x0, 0x9, 0xff, 0xf1,
    0x0, 0x0, 0x0, 0x8f, 0xff, 0x0, 0x0, 0x0,
    0x2, 0x69, 0xf6, 0x60, 0x0, 0x0, 0x0, 0x7f,
    0xff, 0x20, 0x0, 0x0, 0x7, 0xff, 0xf3, 0x0,
    0x0, 0x0, 0x6f, 0xff, 0x10, 0x0, 0x0, 0x0,
    0x4, 0xff, 0xf3, 0x0, 0x0, 0x0, 0x6f, 0xff,
    0x40, 0x0, 0x0, 0x5, 0xff, 0xf3, 0x0, 0x0,
    0x0, 0x16, 0x7f, 0x76, 0x10, 0x0, 0x0, 0x4,
    0xff, 0xf5, 0x0, 0x0, 0x0, 0x4f, 0xff, 0x60,
    0x0, 0x0, 0x3, 0xff, 0xf4, 0x0, 0x0, 0x5f,
    0xff, 0x30, 0x0, 0x0, 0x5, 0xff, 0xf4, 0x0,
    0x0, 0x0, 0x4f, 0xff, 0x20, 0x0, 0x6, 0xff,
    0xf1, 0x0, 0x0, 0x0, 0x7f, 0xff, 0x20, 0x0,
    0x0, 0x6, 0xff, 0xf1, 0x0, 0x0, 0x36, 0x9f,
    0x66, 0x0, 0x0, 0x8, 0xff, 0xf0, 0x0, 0x0,
    0x0, 0x9f, 0xff, 0x10, 0x0, 0x0, 0x8, 0xff,
    0xf0, 0x0, 0x0, 0x0,

    /* U+003F "?" */
    0x0, 0xe, 0xff, 0xff, 0xff, 0xfa, 0x0, 0x0,
    0xf, 0xff, 0xff, 0xff, 0xfc, 0x0, 0x0, 0xe,
    0xff, 0xff, 0xff, 0xfb, 0x0, 0x4c, 0xcf, 0x76,
    0x66, 0x67, 0xfe, 0xc4, 0x7f, 0xff, 0x20, 0x0,
    0x3, 0xff, 0xf6, 0x7f, 0xff, 0x20, 0x0, 0x3,
    0xff, 0xf6, 0x39, 0x99, 0x0, 0x0, 0x1, 0xff,
    0xf5, 0x0, 0x0, 0x0, 0x0, 0x3, 0xff, 0xf6,
    0x0, 0x0, 0x0, 0x0, 0x3, 0xff, 0xf6, 0x0,
    0x0, 0x0, 0x0, 0x3, 0xff, 0xf5, 0x0, 0x0,
    0x0, 0x1, 0x67, 0xf3, 0x0, 0x0, 0x0, 0x0,
    0x4, 0xff, 0xf5, 0x0, 0x0, 0x0, 0x0, 0x5,
    0xff, 0xf5, 0x0, 0x0, 0x0, 0x0, 0x4, 0xff,
    0xf4, 0x0, 0x0, 0x0, 0x5, 0xff, 0xf2, 0x0,
    0x0, 0x0, 0x0, 0x7, 0xff, 0xf3, 0x0, 0x0,
    0x0, 0x0, 0x6, 0xff, 0xf2, 0x0, 0x0, 0x0,
    0x0, 0x1, 0x66, 0x60, 0x0, 0x0, 0x0, 0x0,
    0x0, 0x0, 0x0, 0x0, 0x0, 0x0, 0x0, 0x0,
    0x0, 0x0, 0x0, 0x0, 0x0, 0x0, 0x2, 0x66,
    0x60, 0x0, 0x0, 0x0, 0x0, 0x6, 0xff, 0xf3,
    0x0, 0x0, 0x0, 0x0, 0x7, 0xff, 0xf3, 0x0,
    0x0, 0x0, 0x0, 0x5, 0xff, 0xf2, 0x0, 0x0,

    /* U+0040 "@" */
    0x0, 0x0, 0xff, 0xff, 0xff, 0xd0, 0x0, 0x0,
    0x0, 0x1f, 0xff, 0xff, 0xfe, 0x0, 0x0, 0x0,
    0x0, 0xff, 0xff, 0xff, 0xd0, 0x0, 0x0, 0xb,
    0xff, 0x0, 0x0, 0xff, 0xf8, 0x0, 0x0, 0xcf,
    0xf0, 0x0, 0x1f, 0xff, 0x90, 0x0, 0xc, 0xff,
    0x0, 0x0, 0xff, 0xf9, 0x0, 0x26, 0xd8, 0x50,
    0x4, 0x6f, 0xff, 0xb6, 0x17, 0xff, 0x50, 0x0,
    0xbf, 0xff, 0xff, 0xf3, 0x7f, 0xf5, 0x0, 0xc,
    0xff, 0xff, 0xff, 0x46, 0xff, 0x40, 0x0, 0xaf,
    0xff, 0xff, 0xf3, 0x6f, 0xf4, 0x0, 0xff, 0xb0,
    0x7, 0xff, 0x37, 0xff, 0x50, 0xf, 0xfc, 0x0,
    0x8f, 0xf4, 0x6f, 0xf4, 0x0, 0xff, 0xb0, 0x7,
    0xff, 0x35, 0xff, 0x30, 0xe, 0xfb, 0x0, 0x7f,
    0xf2, 0x7f, 0xf5, 0x0, 0xff, 0xc0, 0x8, 0xff,
    0x37, 0xff, 0x50, 0xf, 0xfc, 0x0, 0x8f, 0xf4,
    0x6f, 0xf4, 0x0, 0xbe, 0xb0, 0x7, 0xff, 0x36,
    0xff, 0x40, 0x0, 0xbf, 0xff, 0xff, 0xf3, 0x7f,
    0xf5, 0x0, 0xb, 0xff, 0xff, 0xff, 0x45, 0xff,
    0x40, 0x0, 0xaf, 0xff, 0xff, 0xf2, 0x0, 0xbf,
    0xf0, 0x0, 0x0, 0x0, 0x0, 0x0, 0xc, 0xff,
    0x0, 0x0, 0x0, 0x0, 0x0, 0x0, 0xbf, 0xf0,
    0x0, 0x0, 0x0, 0x0, 0x0, 0x4, 0x6e, 0x66,
    0x66, 0x66, 0x63, 0x0, 0x0, 0x1, 0xff, 0xff,
    0xff, 0xff, 0x90, 0x0, 0x0, 0x1f, 0xff, 0xff,
    0xff, 0xf9, 0x0, 0x0, 0x0, 0xff, 0xff, 0xff,
    0xff, 0x80, 0x0,

    /* U+0041 "A" */
    0x0, 0x0, 0x3f, 0xff, 0xff, 0x0, 0x0, 0x0,
    0x0, 0x4, 0xff, 0xff, 0xf1, 0x0, 0x0, 0x0,
    0x0, 0x3f, 0xff, 0xff, 0x0, 0x0, 0x0, 0x0,
    0xa, 0xff, 0xff, 0xf7, 0x0, 0x0, 0x0, 0x1,
    0xff, 0xff, 0xff, 0xe0, 0x0, 0x0, 0x0, 0x1f,
    0xff, 0xff, 0xfe, 0x0, 0x0, 0x0, 0x0, 0xff,
    0xdc, 0xdf, 0xd0, 0x0, 0x0, 0x4, 0xff, 0xf3,
    0x7, 0xff, 0xf1, 0x0, 0x0, 0x6f, 0xff, 0x40,
    0x8f, 0xff, 0x20, 0x0, 0x5, 0xff, 0xf4, 0x7,
    0xff, 0xf2, 0x0, 0x0, 0xaf, 0xfa, 0x10, 0x2c,
    0xff, 0x70, 0x0, 0x3f, 0xff, 0x60, 0x0, 0xaf,
    0xff, 0x0, 0x3, 0xff, 0xf7, 0x0, 0xa, 0xff,
    0xf0, 0x0, 0x2f, 0xff, 0x50, 0x0, 0x9f, 0xfe,
    0x0, 0x2, 0xff, 0xff, 0xff, 0xff, 0xff, 0xf0,
    0x0, 0x3f, 0xff, 0xff, 0xff, 0xff, 0xff, 0x0,
    0x2, 0xff, 0xff, 0xff, 0xff, 0xff, 0xe0, 0x4,
    0xcf, 0xf4, 0x33, 0x33, 0x37, 0xff, 0xc2, 0x7f,
    0xff, 0x20, 0x0, 0x0, 0x6f, 0xff, 0x46, 0xff,
    0xf2, 0x0, 0x0, 0x5, 0xff, 0xf3, 0x5f, 0xff,
    0x10, 0x0, 0x0, 0x4f, 0xff, 0x27, 0xff, 0xf2,
    0x0, 0x0, 0x5, 0xff, 0xf3, 0x7f, 0xff, 0x30,
    0x0, 0x0, 0x6f, 0xff, 0x46, 0xff, 0xf1, 0x0,
    0x0, 0x5, 0xff, 0xf3,

    /* U+0042 "B" */
    0x6f, 0xff, 0xff, 0xff, 0xff, 0xff, 0x80, 0x7,
    0xff, 0xff, 0xff, 0xff, 0xff, 0xf9, 0x0, 0x7f,
    0xff, 0xff, 0xff, 0xff, 0xff, 0x80, 0x5, 0xff,
    0xf7, 0x66, 0x66, 0x69, 0xfe, 0xc2, 0x7f, 0xff,
    0x20, 0x0, 0x0, 0x6f, 0xff, 0x47, 0xff, 0xf2,
    0x0, 0x0, 0x6, 0xff, 0xf3, 0x5f, 0xff, 0x10,
    0x0, 0x0, 0x4f, 0xff, 0x26, 0xff, 0xf2, 0x0,
    0x0, 0x5, 0xff, 0xf3, 0x7f, 0xff, 0x30, 0x0,
    0x0, 0x6f, 0xff, 0x47, 0xff, 0xf2, 0x0, 0x0,
    0x5, 0xff, 0xf2, 0x5f, 0xff, 0x76, 0x66, 0x66,
    0x9f, 0x80, 0x7, 0xff, 0xff, 0xff, 0xff, 0xff,
    0xf9, 0x0, 0x7f, 0xff, 0xff, 0xff, 0xff, 0xff,
    0x90, 0x6, 0xff, 0xff, 0xff, 0xff, 0xff, 0xf8,
    0x0, 0x6f, 0xff, 0x10, 0x0, 0x0, 0x5f, 0xff,
    0x37, 0xff, 0xf2, 0x0, 0x0, 0x6, 0xff, 0xf4,
    0x6f, 0xff, 0x10, 0x0, 0x0, 0x5f, 0xff, 0x35,
    0xff, 0xf1, 0x0, 0x0, 0x4, 0xff, 0xf2, 0x7f,
    0xff, 0x20, 0x0, 0x0, 0x6f, 0xff, 0x46, 0xff,
    0xf2, 0x0, 0x0, 0x5, 0xff, 0xf3, 0x5f, 0xff,
    0x76, 0x66, 0x66, 0x9f, 0xc9, 0x17, 0xff, 0xff,
    0xff, 0xff, 0xff, 0xf9, 0x0, 0x7f, 0xff, 0xff,
    0xff, 0xff, 0xff, 0x90, 0x6, 0xff, 0xff, 0xff,
    0xff, 0xff, 0xf8, 0x0,

    /* U+0043 "C" */
    0x0, 0x0, 0xff, 0xff, 0xff, 0xff, 0x80, 0x0,
    0x0, 0x1f, 0xff, 0xff, 0xff, 0xf9, 0x0, 0x0,
    0x1, 0xff, 0xff, 0xff, 0xff, 0x90, 0x0, 0x4,
    0x6f, 0xd6, 0x66, 0x69, 0xfb, 0x61, 0x0, 0xcf,
    0xfd, 0x0, 0x0, 0x5f, 0xff, 0x30, 0xc, 0xff,
    0xd0, 0x0, 0x6, 0xff, 0xf4, 0x0, 0xbf, 0xfc,
    0x0, 0x0, 0x4f, 0xff, 0x36, 0xff, 0xf1, 0x0,
    0x0, 0x0, 0x0, 0x0, 0x7f, 0xff, 0x30, 0x0,
    0x0, 0x0, 0x0, 0x6, 0xff, 0xf2, 0x0, 0x0,
    0x0, 0x0, 0x0, 0x5f, 0xff, 0x10, 0x0, 0x0,
    0x0, 0x0, 0x7, 0xff, 0xf2, 0x0, 0x0, 0x0,
    0x0, 0x0, 0x7f, 0xff, 0x20, 0x0, 0x0, 0x0,
    0x0, 0x5, 0xff, 0xf1, 0x0, 0x0, 0x0, 0x0,
    0x0, 0x6f, 0xff, 0x20, 0x0, 0x0, 0x0, 0x0,
    0x7, 0xff, 0xf2, 0x0, 0x0, 0x0, 0x0, 0x0,
    0x6f, 0xff, 0x10, 0x0, 0x0, 0x0, 0x0, 0x1,
    0x3c, 0xff, 0xc0, 0x0, 0x5, 0xff, 0xf3, 0x0,
    0xcf, 0xfd, 0x0, 0x0, 0x6f, 0xff, 0x40, 0xb,
    0xff, 0xd0, 0x0, 0x5, 0xff, 0xf3, 0x0, 0x46,
    0xfd, 0x66, 0x66, 0x9f, 0xa6, 0x0, 0x0, 0x1f,
    0xff, 0xff, 0xff, 0xf9, 0x0, 0x0, 0x1, 0xff,
    0xff, 0xff, 0xff, 0x90, 0x0, 0x0, 0xf, 0xff,
    0xff, 0xff, 0xf8, 0x0,

    /* U+0044 "D" */
    0x6f, 0xff, 0xff, 0xff, 0xff, 0xd0, 0x0, 0x7,
    0xff, 0xff, 0xff, 0xff, 0xfe, 0x0, 0x0, 0x7f,
    0xff, 0xff, 0xff, 0xff, 0xe0, 0x0, 0x5, 0xff,
    0xf7, 0x66, 0x66, 0xfd, 0x0, 0x0, 0x7f, 0xff,
    0x20, 0x0, 0xf, 0xff, 0x80, 0x7, 0xff, 0xf3,
    0x0, 0x1, 0xff, 0xf9, 0x0, 0x6f, 0xff, 0x10,
    0x0, 0xf, 0xff, 0x70, 0x6, 0xff, 0xf1, 0x0,
    0x0, 0x5, 0xff, 0xf3, 0x7f, 0xff, 0x30, 0x0,
    0x0, 0x6f, 0xff, 0x46, 0xff, 0xf2, 0x0, 0x0,
    0x5, 0xff, 0xf3, 0x5f, 0xff, 0x10, 0x0, 0x0,
    0x4f, 0xff, 0x27, 0xff, 0xf2, 0x0, 0x0, 0x6,
    0xff, 0xf4, 0x7f, 0xff, 0x20, 0x0, 0x0, 0x5f,
    0xff, 0x35, 0xff, 0xf1, 0x0, 0x0, 0x4, 0xff,
    0xf2, 0x6f, 0xff, 0x20, 0x0, 0x0, 0x5f, 0xff,
    0x37, 0xff, 0xf2, 0x0, 0x0, 0x6, 0xff, 0xf4,
    0x6f, 0xff, 0x10, 0x0, 0x0, 0x4f, 0xff, 0x35,
    0xff, 0xf1, 0x0, 0x0, 0xcd, 0xf9, 0x30, 0x7f,
    0xff, 0x20, 0x0, 0x1f, 0xff, 0x90, 0x6, 0xff,
    0xf2, 0x0, 0x0, 0xff, 0xf8, 0x0, 0x5f, 0xff,
    0x76, 0x66, 0x6f, 0xe9, 0x40, 0x7, 0xff, 0xff,
    0xff, 0xff, 0xfe, 0x0, 0x0, 0x7f, 0xff, 0xff,
    0xff, 0xff, 0xe0, 0x0, 0x6, 0xff, 0xff, 0xff,
    0xff, 0xfd, 0x0, 0x0,

    /* U+0045 "E" */
    0xbf, 0xff, 0xff, 0xff, 0xff, 0x8c, 0xff, 0xff,
    0xff, 0xff, 0xf9, 0xcf, 0xff, 0xff, 0xff, 0xff,
    0x8a, 0xff, 0xd6, 0x66, 0x66, 0x62, 0xcf, 0xfd,
    0x0, 0x0, 0x0, 0xc, 0xff, 0xd0, 0x0, 0x0,
    0x0, 0xbf, 0xfc, 0x0, 0x0, 0x0, 0xb, 0xff,
    0xc0, 0x0, 0x0, 0x0, 0xcf, 0xfe, 0x0, 0x0,
    0x0, 0xc, 0xff, 0xd0, 0x0, 0x0, 0x0, 0xaf,
    0xfd, 0x66, 0x66, 0x66, 0x3c, 0xff, 0xff, 0xff,
    0xff, 0xf9, 0xcf, 0xff, 0xff, 0xff, 0xff, 0x9b,
    0xff, 0xff, 0xff, 0xff, 0xf8, 0xbf, 0xfc, 0x0,
    0x0, 0x0, 0xc, 0xff, 0xd0, 0x0, 0x0, 0x0,
    0xbf, 0xfc, 0x0, 0x0, 0x0, 0xb, 0xff, 0xc0,
    0x0, 0x0, 0x0, 0xcf, 0xfd, 0x0, 0x0, 0x0,
    0xc, 0xff, 0xd0, 0x0, 0x0, 0x0, 0xaf, 0xfd,
    0x66, 0x66, 0x66, 0x3c, 0xff, 0xff, 0xff, 0xff,
    0xf9, 0xcf, 0xff, 0xff, 0xff, 0xff, 0x9b, 0xff,
    0xff, 0xff, 0xff, 0xf8,

    /* U+0046 "F" */
    0xbf, 0xff, 0xff, 0xff, 0xff, 0x8c, 0xff, 0xff,
    0xff, 0xff, 0xf9, 0xcf, 0xff, 0xff, 0xff, 0xff,
    0x8a, 0xff, 0xd6, 0x66, 0x66, 0x62, 0xcf, 0xfd,
    0x0, 0x0, 0x0, 0xc, 0xff, 0xd0, 0x0, 0x0,
    0x0, 0xbf, 0xfc, 0x0, 0x0, 0x0, 0xb, 0xff,
    0xc0, 0x0, 0x0, 0x0, 0xcf, 0xfe, 0x0, 0x0,
    0x0, 0xc, 0xff, 0xd0, 0x0, 0x0, 0x0, 0xaf,
    0xfd, 0x66, 0x66, 0x66, 0x3c, 0xff, 0xff, 0xff,
    0xff, 0xf9, 0xcf, 0xff, 0xff, 0xff, 0xff, 0x9b,
    0xff, 0xff, 0xff, 0xff, 0xf8, 0xbf, 0xfc, 0x0,
    0x0, 0x0, 0xc, 0xff, 0xd0, 0x0, 0x0, 0x0,
    0xbf, 0xfc, 0x0, 0x0, 0x0, 0xa, 0xff, 0xc0,
    0x0, 0x0, 0x0, 0xcf, 0xfd, 0x0, 0x0, 0x0,
    0xc, 0xff, 0xd0, 0x0, 0x0, 0x0, 0xbf, 0xfc,
    0x0, 0x0, 0x0, 0xc, 0xff, 0xd0, 0x0, 0x0,
    0x0, 0xcf, 0xfe, 0x0, 0x0, 0x0, 0xb, 0xff,
    0xc0, 0x0, 0x0, 0x0,

    /* U+0047 "G" */
    0x0, 0x0, 0xff, 0xff, 0xff, 0xff, 0x80, 0x0,
    0x0, 0x1f, 0xff, 0xff, 0xff, 0xf9, 0x0, 0x0,
    0x1, 0xff, 0xff, 0xff, 0xff, 0x90, 0x0, 0x0,
    0xf, 0xd6, 0x66, 0x69, 0xf8, 0x0, 0x0, 0xbf,
    0xfd, 0x0, 0x0, 0x5f, 0xff, 0x30, 0xc, 0xff,
    0xd0, 0x0, 0x6, 0xff, 0xf4, 0x0, 0xbf, 0xfc,
    0x0, 0x0, 0x4f, 0xff, 0x26, 0xff, 0xf1, 0x0,
    0x0, 0x0, 0x0, 0x0, 0x7f, 0xff, 0x20, 0x0,
    0x0, 0x0, 0x0, 0x6, 0xff, 0xf2, 0x0, 0x0,
    0x0, 0x0, 0x0, 0x5f, 0xff, 0x10, 0x0, 0x56,
    0x66, 0x66, 0x17, 0xff, 0xf2, 0x0, 0xe, 0xff,
    0xff, 0xf3, 0x7f, 0xff, 0x30, 0x0, 0xef, 0xff,
    0xff, 0x46, 0xff, 0xf1, 0x0, 0xd, 0xff, 0xff,
    0xf3, 0x6f, 0xff, 0x10, 0x0, 0x0, 0x5f, 0xff,
    0x37, 0xff, 0xf2, 0x0, 0x0, 0x6, 0xff, 0xf4,
    0x6f, 0xff, 0x10, 0x0, 0x0, 0x4f, 0xff, 0x31,
    0x3c, 0xfc, 0xa0, 0x0, 0x4, 0xff, 0xf2, 0x0,
    0xcf, 0xfd, 0x0, 0x0, 0x6f, 0xff, 0x40, 0xc,
    0xff, 0xd0, 0x0, 0x5, 0xff, 0xf3, 0x0, 0x69,
    0xfd, 0x66, 0x66, 0x9f, 0xc9, 0x10, 0x0, 0x1f,
    0xff, 0xff, 0xff, 0xf9, 0x0, 0x0, 0x1, 0xff,
    0xff, 0xff, 0xff, 0x90, 0x0, 0x0, 0xf, 0xff,
    0xff, 0xff, 0xf8, 0x0,

    /* U+0048 "H" */
    0x6f, 0xff, 0x10, 0x0, 0x0, 0x5f, 0xff, 0x37,
    0xff, 0xf3, 0x0, 0x0, 0x6, 0xff, 0xf4, 0x7f,
    0xff, 0x20, 0x0, 0x0, 0x5f, 0xff, 0x35, 0xff,
    0xf1, 0x0, 0x0, 0x4, 0xff, 0xf2, 0x7f, 0xff,
    0x20, 0x0, 0x0, 0x5f, 0xff, 0x37, 0xff, 0xf3,
    0x0, 0x0, 0x6, 0xff, 0xf4, 0x6f, 0xff, 0x10,
    0x0, 0x0, 0x5f, 0xff, 0x36, 0xff, 0xf1, 0x0,
    0x0, 0x4, 0xff, 0xf3, 0x7f, 0xff, 0x20, 0x0,
    0x0, 0x6f, 0xff, 0x46, 0xff, 0xf2, 0x0, 0x0,
    0x5, 0xff, 0xf3, 0x5f, 0xff, 0x76, 0x66, 0x66,
    0x9f, 0xff, 0x27, 0xff, 0xff, 0xff, 0xff, 0xff,
    0xff, 0xf3, 0x7f, 0xff, 0xff, 0xff, 0xff, 0xff,
    0xff, 0x46, 0xff, 0xff, 0xff, 0xff, 0xff, 0xff,
    0xf3, 0x6f, 0xff, 0x10, 0x0, 0x0, 0x5f, 0xff,
    0x37, 0xff, 0xf2, 0x0, 0x0, 0x6, 0xff, 0xf4,
    0x6f, 0xff, 0x10, 0x0, 0x0, 0x5f, 0xff, 0x35,
    0xff, 0xf1, 0x0, 0x0, 0x4, 0xff, 0xf2, 0x7f,
    0xff, 0x20, 0x0, 0x0, 0x6f, 0xff, 0x47, 0xff,
    0xf2, 0x0, 0x0, 0x6, 0xff, 0xf4, 0x5f, 0xff,
    0x10, 0x0, 0x0, 0x4f, 0xff, 0x26, 0xff, 0xf2,
    0x0, 0x0, 0x5, 0xff, 0xf3, 0x7f, 0xff, 0x30,
    0x0, 0x0, 0x6f, 0xff, 0x46, 0xff, 0xf1, 0x0,
    0x0, 0x5, 0xff, 0xf3,

    /* U+0049 "I" */
    0xef, 0xff, 0xff, 0xff, 0xaf, 0xff, 0xff, 0xff,
    0xfc, 0xef, 0xff, 0xff, 0xff, 0xb5, 0x69, 0xff,
    0xf7, 0x63, 0x0, 0x6f, 0xff, 0x30, 0x0, 0x6,
    0xff, 0xf3, 0x0, 0x0, 0x5f, 0xff, 0x20, 0x0,
    0x6, 0xff, 0xf2, 0x0, 0x0, 0x6f, 0xff, 0x30,
    0x0, 0x5, 0xff, 0xf2, 0x0, 0x0, 0x5f, 0xff,
    0x20, 0x0, 0x6, 0xff, 0xf3, 0x0, 0x0, 0x6f,
    0xff, 0x30, 0x0, 0x5, 0xff, 0xf1, 0x0, 0x0,
    0x6f, 0xff, 0x30, 0x0, 0x6, 0xff, 0xf3, 0x0,
    0x0, 0x5f, 0xff, 0x20, 0x0, 0x5, 0xff, 0xf2,
    0x0, 0x0, 0x6f, 0xff, 0x30, 0x0, 0x6, 0xff,
    0xf3, 0x0, 0x56, 0x9f, 0xff, 0x76, 0x4e, 0xff,
    0xff, 0xff, 0xfb, 0xff, 0xff, 0xff, 0xff, 0xce,
    0xff, 0xff, 0xff, 0xfa,

    /* U+004A "J" */
    0x0, 0x0, 0x3f, 0xff, 0xff, 0xff, 0xf5, 0x0,
    0x0, 0x4f, 0xff, 0xff, 0xff, 0xf7, 0x0, 0x0,
    0x3f, 0xff, 0xff, 0xff, 0xf6, 0x0, 0x0, 0x6,
    0x6c, 0xff, 0xe6, 0x61, 0x0, 0x0, 0x0, 0xb,
    0xff, 0xe0, 0x0, 0x0, 0x0, 0x0, 0xb, 0xff,
    0xe0, 0x0, 0x0, 0x0, 0x0, 0xa, 0xff, 0xd0,
    0x0, 0x0, 0x0, 0x0, 0xb, 0xff, 0xd0, 0x0,
    0x0, 0x0, 0x0, 0xb, 0xff, 0xe0, 0x0, 0x0,
    0x0, 0x0, 0xa, 0xff, 0xd0, 0x0, 0x0, 0x0,
    0x0, 0xa, 0xff, 0xd0, 0x0, 0x0, 0x0, 0x0,
    0xb, 0xff, 0xe0, 0x0, 0x0, 0x0, 0x0, 0xb,
    0xff, 0xe0, 0x0, 0x0, 0x0, 0x0, 0xa, 0xff,
    0xc0, 0x0, 0x0, 0x0, 0x0, 0xb, 0xff, 0xe0,
    0x0, 0x0, 0x0, 0x0, 0xb, 0xff, 0xe0, 0x0,
    0x0, 0x0, 0x0, 0xa, 0xff, 0xc0, 0x0, 0x6f,
    0xff, 0x10, 0xa, 0xff, 0xd0, 0x0, 0x7f, 0xff,
    0x20, 0xc, 0xff, 0xe0, 0x0, 0x6f, 0xff, 0x20,
    0xb, 0xff, 0xd0, 0x0, 0x26, 0xcf, 0x76, 0x6c,
    0xf7, 0x40, 0x0, 0x0, 0xcf, 0xff, 0xff, 0xf3,
    0x0, 0x0, 0x0, 0xcf, 0xff, 0xff, 0xf3, 0x0,
    0x0, 0x0, 0xbf, 0xff, 0xff, 0xf2, 0x0, 0x0,

    /* U+004B "K" */
    0x6f, 0xff, 0x10, 0x0, 0x0, 0x5f, 0xff, 0x37,
    0xff, 0xf3, 0x0, 0x0, 0x6, 0xff, 0xf4, 0x7f,
    0xff, 0x20, 0x0, 0x0, 0x5f, 0xff, 0x35, 0xff,
    0xf1, 0x0, 0x0, 0x39, 0xff, 0x60, 0x7f, 0xff,
    0x20, 0x0, 0xa, 0xff, 0xf0, 0x7, 0xff, 0xf3,
    0x0, 0x0, 0xaf, 0xff, 0x0, 0x6f, 0xff, 0x10,
    0x0, 0x9, 0xff, 0xe0, 0x6, 0xff, 0xf1, 0x1,
    0xff, 0xf6, 0x0, 0x0, 0x7f, 0xff, 0x20, 0x2f,
    0xff, 0x70, 0x0, 0x6, 0xff, 0xf2, 0x1, 0xff,
    0xf6, 0x0, 0x0, 0x5f, 0xff, 0x76, 0x6f, 0x86,
    0x20, 0x0, 0x7, 0xff, 0xff, 0xff, 0xf5, 0x0,
    0x0, 0x0, 0x7f, 0xff, 0xff, 0xff, 0x60, 0x0,
    0x0, 0x6, 0xff, 0xff, 0xff, 0xf4, 0x0, 0x0,
    0x0, 0x6f, 0xff, 0x10, 0x1f, 0xff, 0x60, 0x0,
    0x7, 0xff, 0xf2, 0x2, 0xff, 0xf7, 0x0, 0x0,
    0x5f, 0xff, 0x10, 0x1f, 0xff, 0x60, 0x0, 0x6,
    0xff, 0xf1, 0x0, 0x0, 0x9f, 0xfe, 0x0, 0x7f,
    0xff, 0x20, 0x0, 0xa, 0xff, 0xf0, 0x6, 0xff,
    0xf2, 0x0, 0x0, 0x9f, 0xff, 0x0, 0x5f, 0xff,
    0x10, 0x0, 0x3, 0x9f, 0xe6, 0x17, 0xff, 0xf2,
    0x0, 0x0, 0x5, 0xff, 0xf3, 0x7f, 0xff, 0x30,
    0x0, 0x0, 0x6f, 0xff, 0x46, 0xff, 0xf1, 0x0,
    0x0, 0x4, 0xff, 0xf3,

    /* U+004C "L" */
    0xbf, 0xfc, 0x0, 0x0, 0x0, 0x0, 0xc, 0xff,
    0xe0, 0x0, 0x0, 0x0, 0x0, 0xcf, 0xfd, 0x0,
    0x0, 0x0, 0x0, 0xa, 0xff, 0xc0, 0x0, 0x0,
    0x0, 0x0, 0xcf, 0xfd, 0x0, 0x0, 0x0, 0x0,
    0xc, 0xff, 0xd0, 0x0, 0x0, 0x0, 0x0, 0xbf,
    0xfc, 0x0, 0x0, 0x0, 0x0, 0xb, 0xff, 0xd0,
    0x0, 0x0, 0x0, 0x0, 0xcf, 0xfd, 0x0, 0x0,
    0x0, 0x0, 0xb, 0xff, 0xc0, 0x0, 0x0, 0x0,
    0x0, 0xbf, 0xfc, 0x0, 0x0, 0x0, 0x0, 0xc,
    0xff, 0xd0, 0x0, 0x0, 0x0, 0x0, 0xcf, 0xfd,
    0x0, 0x0, 0x0, 0x0, 0xb, 0xff, 0xc0, 0x0,
    0x0, 0x0, 0x0, 0xcf, 0xfd, 0x0, 0x0, 0x0,
    0x0, 0xc, 0xff, 0xd0, 0x0, 0x0, 0x0, 0x0,
    0xbf, 0xfc, 0x0, 0x0, 0x0, 0x0, 0xb, 0xff,
    0xc0, 0x0, 0x0, 0x0, 0x0, 0xcf, 0xfd, 0x0,
    0x0, 0x0, 0x0, 0xc, 0xff, 0xd0, 0x0, 0x0,
    0x0, 0x0, 0xaf, 0xfd, 0x66, 0x66, 0x66, 0x66,
    0x1c, 0xff, 0xff, 0xff, 0xff, 0xff, 0xf3, 0xcf,
    0xff, 0xff, 0xff, 0xff, 0xff, 0x4b, 0xff, 0xff,
    0xff, 0xff, 0xff, 0xf3,

    /* U+004D "M" */
    0x6f, 0xff, 0xf0, 0x0, 0x2, 0xff, 0xff, 0x37,
    0xff, 0xff, 0x0, 0x0, 0x3f, 0xff, 0xf4, 0x7f,
    0xff, 0xf0, 0x0, 0x3, 0xff, 0xff, 0x35, 0xff,
    0xff, 0x61, 0x2, 0x7f, 0xff, 0xf2, 0x7f, 0xff,
    0xff, 0x40, 0x7f, 0xff, 0xff, 0x37, 0xff, 0xff,
    0xf4, 0x8, 0xff, 0xff, 0xf4, 0x6f, 0xff, 0xff,
    0x30, 0x6f, 0xff, 0xff, 0x36, 0xff, 0xf2, 0xcd,
    0xf, 0x95, 0xff, 0xf3, 0x7f, 0xff, 0x2d, 0xe1,
    0xfa, 0x6f, 0xff, 0x45, 0xff, 0xf1, 0xcd, 0xf,
    0x84, 0xff, 0xf2, 0x6f, 0xff, 0x1c, 0xff, 0xf9,
    0x5f, 0xff, 0x37, 0xff, 0xf3, 0xdf, 0xff, 0xa6,
    0xff, 0xf4, 0x7f, 0xff, 0x2d, 0xff, 0xfa, 0x5f,
    0xff, 0x35, 0xff, 0xf1, 0x4f, 0xfd, 0x34, 0xff,
    0xf2, 0x7f, 0xff, 0x20, 0xff, 0xc0, 0x6f, 0xff,
    0x47, 0xff, 0xf2, 0xf, 0xfc, 0x5, 0xff, 0xf3,
    0x5f, 0xff, 0x10, 0xef, 0xb0, 0x4f, 0xff, 0x26,
    0xff, 0xf2, 0xf, 0xfc, 0x5, 0xff, 0xf3, 0x7f,
    0xff, 0x20, 0xff, 0xc0, 0x6f, 0xff, 0x46, 0xff,
    0xf1, 0xe, 0xfb, 0x4, 0xff, 0xf3, 0x5f, 0xff,
    0x10, 0x23, 0x20, 0x4f, 0xff, 0x27, 0xff, 0xf2,
    0x0, 0x0, 0x6, 0xff, 0xf4, 0x7f, 0xff, 0x20,
    0x0, 0x0, 0x6f, 0xff, 0x46, 0xff, 0xf1, 0x0,
    0x0, 0x4, 0xff, 0xf3,

    /* U+004E "N" */
    0x6f, 0xff, 0xf0, 0x0, 0x0, 0x5f, 0xff, 0x37,
    0xff, 0xff, 0x0, 0x0, 0x6, 0xff, 0xf4, 0x6f,
    0xff, 0xf0, 0x0, 0x0, 0x5f, 0xff, 0x35, 0xff,
    0xff, 0xc2, 0x0, 0x4, 0xff, 0xf2, 0x7f, 0xff,
    0xff, 0x40, 0x0, 0x6f, 0xff, 0x47, 0xff, 0xff,
    0xf4, 0x0, 0x6, 0xff, 0xf4, 0x6f, 0xff, 0xff,
    0x30, 0x0, 0x4f, 0xff, 0x36, 0xff, 0xff, 0xff,
    0x70, 0x5, 0xff, 0xf3, 0x7f, 0xff, 0xff, 0xf8,
    0x0, 0x6f, 0xff, 0x46, 0xff, 0xff, 0xff, 0x70,
    0x4, 0xff, 0xf3, 0x5f, 0xff, 0x15, 0xfe, 0xd1,
    0x4f, 0xff, 0x27, 0xff, 0xf2, 0x6f, 0xff, 0x36,
    0xff, 0xf4, 0x7f, 0xff, 0x26, 0xff, 0xf3, 0x6f,
    0xff, 0x45, 0xff, 0xf1, 0x4c, 0xef, 0x24, 0xff,
    0xf2, 0x6f, 0xff, 0x20, 0xb, 0xff, 0xff, 0xff,
    0x37, 0xff, 0xf2, 0x0, 0xbf, 0xff, 0xff, 0xf4,
    0x5f, 0xff, 0x10, 0xa, 0xff, 0xff, 0xff, 0x26,
    0xff, 0xf1, 0x0, 0x6, 0xff, 0xff, 0xf3, 0x7f,
    0xff, 0x20, 0x0, 0x7f, 0xff, 0xff, 0x47, 0xff,
    0xf2, 0x0, 0x7, 0xff, 0xff, 0xf4, 0x5f, 0xff,
    0x10, 0x0, 0x5c, 0xdf, 0xff, 0x26, 0xff, 0xf2,
    0x0, 0x0, 0x5, 0xff, 0xf3, 0x7f, 0xff, 0x30,
    0x0, 0x0, 0x6f, 0xff, 0x46, 0xff, 0xf1, 0x0,
    0x0, 0x5, 0xff, 0xf3,

    /* U+004F "O" */
    0x0, 0x0, 0xff, 0xff, 0xff, 0xd0, 0x0, 0x0,
    0x0, 0x1f, 0xff, 0xff, 0xfe, 0x0, 0x0, 0x0,
    0x1, 0xff, 0xff, 0xff, 0xe0, 0x0, 0x0, 0x0,
    0xf, 0x96, 0x66, 0xbd, 0x0, 0x0, 0x2, 0xff,
    0xf6, 0x0, 0xa, 0xff, 0xf0, 0x0, 0x3f, 0xff,
    0x70, 0x0, 0xaf, 0xff, 0x0, 0x1, 0xff, 0xf5,
    0x0, 0x9, 0xff, 0xe0, 0x6, 0xff, 0xf1, 0x0,
    0x0, 0x5, 0xff, 0xf3, 0x7f, 0xff, 0x30, 0x0,
    0x0, 0x6f, 0xff, 0x46, 0xff, 0xf2, 0x0, 0x0,
    0x5, 0xff, 0xf3, 0x5f, 0xff, 0x10, 0x0, 0x0,
    0x4f, 0xff, 0x27, 0xff, 0xf2, 0x0, 0x0, 0x6,
    0xff, 0xf4, 0x7f, 0xff, 0x20, 0x0, 0x0, 0x5f,
    0xff, 0x35, 0xff, 0xf1, 0x0, 0x0, 0x4, 0xff,
    0xf2, 0x6f, 0xff, 0x20, 0x0, 0x0, 0x5f, 0xff,
    0x37, 0xff, 0xf2, 0x0, 0x0, 0x6, 0xff, 0xf4,
    0x6f, 0xff, 0x10, 0x0, 0x0, 0x4f, 0xff, 0x31,
    0x4f, 0xfc, 0x40, 0x0, 0x7d, 0xff, 0x30, 0x3,
    0xff, 0xf7, 0x0, 0xa, 0xff, 0xf0, 0x0, 0x2f,
    0xff, 0x60, 0x0, 0x9f, 0xff, 0x0, 0x0, 0x99,
    0xf9, 0x66, 0x6b, 0xe9, 0x80, 0x0, 0x0, 0x1f,
    0xff, 0xff, 0xfe, 0x0, 0x0, 0x0, 0x1, 0xff,
    0xff, 0xff, 0xe0, 0x0, 0x0, 0x0, 0xf, 0xff,
    0xff, 0xfd, 0x0, 0x0,

    /* U+0050 "P" */
    0x6f, 0xff, 0xff, 0xff, 0xff, 0xff, 0x80, 0x7,
    0xff, 0xff, 0xff, 0xff, 0xff, 0xf9, 0x0, 0x6f,
    0xff, 0xff, 0xff, 0xff, 0xff, 0x80, 0x5, 0xff,
    0xf7, 0x66, 0x66, 0x69, 0xfe, 0xc2, 0x7f, 0xff,
    0x20, 0x0, 0x0, 0x6f, 0xff, 0x46, 0xff, 0xf2,
    0x0, 0x0, 0x6, 0xff, 0xf3, 0x5f, 0xff, 0x10,
    0x0, 0x0, 0x4f, 0xff, 0x26, 0xff, 0xf2, 0x0,
    0x0, 0x5, 0xff, 0xf3, 0x7f, 0xff, 0x30, 0x0,
    0x0, 0x6f, 0xff, 0x47, 0xff, 0xf2, 0x0, 0x0,
    0x5, 0xff, 0xf2, 0x5f, 0xff, 0x76, 0x66, 0x66,
    0x9f, 0x80, 0x7, 0xff, 0xff, 0xff, 0xff, 0xff,
    0xf9, 0x0, 0x7f, 0xff, 0xff, 0xff, 0xff, 0xff,
    0x90, 0x6, 0xff, 0xff, 0xff, 0xff, 0xff, 0xf8,
    0x0, 0x6f, 0xff, 0x10, 0x0, 0x0, 0x0, 0x0,
    0x7, 0xff, 0xf2, 0x0, 0x0, 0x0, 0x0, 0x0,
    0x6f, 0xff, 0x10, 0x0, 0x0, 0x0, 0x0, 0x5,
    0xff, 0xf1, 0x0, 0x0, 0x0, 0x0, 0x0, 0x7f,
    0xff, 0x20, 0x0, 0x0, 0x0, 0x0, 0x7, 0xff,
    0xf2, 0x0, 0x0, 0x0, 0x0, 0x0, 0x5f, 0xff,
    0x10, 0x0, 0x0, 0x0, 0x0, 0x6, 0xff, 0xf2,
    0x0, 0x0, 0x0, 0x0, 0x0, 0x7f, 0xff, 0x30,
    0x0, 0x0, 0x0, 0x0, 0x6, 0xff, 0xf1, 0x0,
    0x0, 0x0, 0x0, 0x0,

    /* U+0051 "Q" */
    0x0, 0x0, 0xff, 0xff, 0xff, 0xd0, 0x0, 0x0,
    0x0, 0x1f, 0xff, 0xff, 0xfe, 0x0, 0x0, 0x0,
    0x1, 0xff, 0xff, 0xff, 0xe0, 0x0, 0x0, 0x0,
    0xf, 0x96, 0x66, 0xbd, 0x0, 0x0, 0x2, 0xff,
    0xf6, 0x0, 0xa, 0xff, 0xf0, 0x0, 0x3f, 0xff,
    0x70, 0x0, 0xaf, 0xff, 0x0, 0x1, 0xff, 0xf5,
    0x0, 0x9, 0xff, 0xe0, 0x6, 0xff, 0xf1, 0x0,
    0x0, 0x5, 0xff, 0xf3, 0x7f, 0xff, 0x30, 0x0,
    0x0, 0x6f, 0xff, 0x46, 0xff, 0xf2, 0x0, 0x0,
    0x5, 0xff, 0xf3, 0x5f, 0xff, 0x10, 0x0, 0x0,
    0x4f, 0xff, 0x27, 0xff, 0xf2, 0x0, 0x0, 0x6,
    0xff, 0xf4, 0x7f, 0xff, 0x20, 0x0, 0x0, 0x5f,
    0xff, 0x35, 0xff, 0xf1, 0x0, 0x0, 0x4, 0xff,
    0xf2, 0x6f, 0xff, 0x20, 0x0, 0x0, 0x5f, 0xff,
    0x37, 0xff, 0xf2, 0x0, 0x0, 0x6, 0xff, 0xf4,
    0x6f, 0xff, 0x10, 0x0, 0x0, 0x4f, 0xff, 0x31,
    0x4f, 0xfc, 0x40, 0x0, 0x7d, 0xff, 0x30, 0x3,
    0xff, 0xf7, 0x0, 0xa, 0xff, 0xf0, 0x0, 0x2f,
    0xff, 0x60, 0x0, 0x9f, 0xff, 0x0, 0x0, 0x99,
    0xf9, 0x66, 0x6b, 0xe9, 0x80, 0x0, 0x0, 0x1f,
    0xff, 0xff, 0xfe, 0x0, 0x0, 0x0, 0x1, 0xff,
    0xff, 0xff, 0xe0, 0x0, 0x0, 0x0, 0xf, 0xff,
    0xff, 0xfd, 0x0, 0x0, 0x0, 0x0, 0x0, 0x0,
    0xf, 0xff, 0x80, 0x0, 0x0, 0x0, 0x0, 0x1,
    0xff, 0xf9, 0x0, 0x0, 0x0, 0x0, 0x0, 0xf,
    0xff, 0x80, 0x0, 0x0, 0x0, 0x0, 0x0, 0x9b,
    0xfa, 0x60, 0x0, 0x0, 0x0, 0x0, 0x0, 0x5f,
    0xff, 0x30, 0x0, 0x0, 0x0, 0x0, 0x6, 0xff,
    0xf4, 0x0, 0x0, 0x0, 0x0, 0x0, 0x5f, 0xff,
    0x30,

    /* U+0052 "R" */
    0x6f, 0xff, 0xff, 0xff, 0xff, 0xff, 0x80, 0x7,
    0xff, 0xff, 0xff, 0xff, 0xff, 0xf9, 0x0, 0x7f,
    0xff, 0xff, 0xff, 0xff, 0xff, 0x90, 0x5, 0xff,
    0xf7, 0x66, 0x66, 0x7f, 0xfb, 0x61, 0x7f, 0xff,
    0x20, 0x0, 0x3, 0xff, 0xff, 0x37, 0xff, 0xf3,
    0x0, 0x0, 0x3f, 0xff, 0xf4, 0x6f, 0xff, 0x10,
    0x0, 0x2, 0xff, 0xff, 0x36, 0xff, 0xf1, 0x0,
    0x0, 0x2f, 0xff, 0x50, 0x7f, 0xff, 0x20, 0x0,
    0x3, 0xff, 0xf6, 0x6, 0xff, 0xf2, 0x0, 0x0,
    0x2f, 0xff, 0x60, 0x5f, 0xff, 0x76, 0x66, 0x67,
    0xe9, 0x92, 0x7, 0xff, 0xff, 0xff, 0xff, 0xfe,
    0x0, 0x0, 0x7f, 0xff, 0xff, 0xff, 0xff, 0xe0,
    0x0, 0x5, 0xff, 0xfc, 0xcc, 0xcf, 0xfd, 0x10,
    0x0, 0x6f, 0xff, 0x20, 0x0, 0xdf, 0xfb, 0x0,
    0x7, 0xff, 0xf2, 0x0, 0xe, 0xff, 0xb0, 0x0,
    0x6f, 0xff, 0x10, 0x0, 0xdf, 0xfa, 0x0, 0x5,
    0xff, 0xf1, 0x0, 0x2, 0xaf, 0xeb, 0x0, 0x7f,
    0xff, 0x20, 0x0, 0xa, 0xff, 0xf0, 0x6, 0xff,
    0xf2, 0x0, 0x0, 0x9f, 0xff, 0x0, 0x5f, 0xff,
    0x10, 0x0, 0x5, 0xbf, 0xe6, 0x17, 0xff, 0xf2,
    0x0, 0x0, 0x5, 0xff, 0xf3, 0x7f, 0xff, 0x30,
    0x0, 0x0, 0x6f, 0xff, 0x46, 0xff, 0xf1, 0x0,
    0x0, 0x5, 0xff, 0xf3,

    /* U+0053 "S" */
    0x0, 0xbf, 0xff, 0xff, 0xff, 0xff, 0x80, 0x0,
    0xc, 0xff, 0xff, 0xff, 0xff, 0xf9, 0x0, 0x0,
    0xcf, 0xff, 0xff, 0xff, 0xff, 0x80, 0x4, 0xce,
    0xf7, 0x66, 0x66, 0x69, 0xfe, 0xc2, 0x7f, 0xff,
    0x20, 0x0, 0x0, 0x6f, 0xff, 0x47, 0xff, 0xf2,
    0x0, 0x0, 0x6, 0xff, 0xf4, 0x5f, 0xff, 0x10,
    0x0, 0x0, 0x29, 0x99, 0x17, 0xff, 0xf2, 0x0,
    0x0, 0x0, 0x0, 0x0, 0x7f, 0xff, 0x30, 0x0,
    0x0, 0x0, 0x0, 0x5, 0xff, 0xf2, 0x0, 0x0,
    0x0, 0x0, 0x0, 0x0, 0xbf, 0x76, 0x66, 0x66,
    0x66, 0x30, 0x0, 0xc, 0xff, 0xff, 0xff, 0xff,
    0xf9, 0x0, 0x0, 0xcf, 0xff, 0xff, 0xff, 0xff,
    0x80, 0x0, 0x6, 0x99, 0x99, 0x99, 0x9b, 0xfa,
    0x61, 0x0, 0x0, 0x0, 0x0, 0x0, 0x5f, 0xff,
    0x30, 0x0, 0x0, 0x0, 0x0, 0x6, 0xff, 0xf4,
    0x0, 0x0, 0x0, 0x0, 0x0, 0x4f, 0xff, 0x26,
    0xff, 0xf1, 0x0, 0x0, 0x5, 0xff, 0xf3, 0x7f,
    0xff, 0x20, 0x0, 0x0, 0x6f, 0xff, 0x46, 0xff,
    0xf2, 0x0, 0x0, 0x5, 0xff, 0xf3, 0x26, 0xcf,
    0x76, 0x66, 0x66, 0x9f, 0xa6, 0x0, 0xc, 0xff,
    0xff, 0xff, 0xff, 0xf9, 0x0, 0x0, 0xcf, 0xff,
    0xff, 0xff, 0xff, 0x90, 0x0, 0xb, 0xff, 0xff,
    0xff, 0xff, 0xf8, 0x0,

    /* U+0054 "T" */
    0x6f, 0xff, 0xff, 0xff, 0xff, 0xff, 0xff, 0x37,
    0xff, 0xff, 0xff, 0xff, 0xff, 0xff, 0xf4, 0x7f,
    0xff, 0xff, 0xff, 0xff, 0xff, 0xff, 0x32, 0x66,
    0x66, 0x9f, 0xff, 0x76, 0x66, 0x60, 0x0, 0x0,
    0x6, 0xff, 0xf3, 0x0, 0x0, 0x0, 0x0, 0x0,
    0x6f, 0xff, 0x30, 0x0, 0x0, 0x0, 0x0, 0x5,
    0xff, 0xf2, 0x0, 0x0, 0x0, 0x0, 0x0, 0x6f,
    0xff, 0x20, 0x0, 0x0, 0x0, 0x0, 0x6, 0xff,
    0xf3, 0x0, 0x0, 0x0, 0x0, 0x0, 0x5f, 0xff,
    0x20, 0x0, 0x0, 0x0, 0x0, 0x5, 0xff, 0xf2,
    0x0, 0x0, 0x0, 0x0, 0x0, 0x6f, 0xff, 0x30,
    0x0, 0x0, 0x0, 0x0, 0x6, 0xff, 0xf3, 0x0,
    0x0, 0x0, 0x0, 0x0, 0x5f, 0xff, 0x10, 0x0,
    0x0, 0x0, 0x0, 0x6, 0xff, 0xf3, 0x0, 0x0,
    0x0, 0x0, 0x0, 0x6f, 0xff, 0x30, 0x0, 0x0,
    0x0, 0x0, 0x5, 0xff, 0xf2, 0x0, 0x0, 0x0,
    0x0, 0x0, 0x5f, 0xff, 0x20, 0x0, 0x0, 0x0,
    0x0, 0x6, 0xff, 0xf3, 0x0, 0x0, 0x0, 0x0,
    0x0, 0x6f, 0xff, 0x20, 0x0, 0x0, 0x0, 0x0,
    0x5, 0xff, 0xf1, 0x0, 0x0, 0x0, 0x0, 0x0,
    0x6f, 0xff, 0x30, 0x0, 0x0, 0x0, 0x0, 0x7,
    0xff, 0xf3, 0x0, 0x0, 0x0, 0x0, 0x0, 0x5f,
    0xff, 0x20, 0x0, 0x0,

    /* U+0055 "U" */
    0x6f, 0xff, 0x10, 0x0, 0x0, 0x5f, 0xff, 0x37,
    0xff, 0xf3, 0x0, 0x0, 0x6, 0xff, 0xf4, 0x7f,
    0xff, 0x20, 0x0, 0x0, 0x5f, 0xff, 0x35, 0xff,
    0xf1, 0x0, 0x0, 0x4, 0xff, 0xf2, 0x7f, 0xff,
    0x20, 0x0, 0x0, 0x6f, 0xff, 0x47, 0xff, 0xf2,
    0x0, 0x0, 0x6, 0xff, 0xf4, 0x5f, 0xff, 0x10,
    0x0, 0x0, 0x4f, 0xff, 0x26, 0xff, 0xf2, 0x0,
    0x0, 0x5, 0xff, 0xf3, 0x7f, 0xff, 0x20, 0x0,
    0x0, 0x6f, 0xff, 0x46, 0xff, 0xf1, 0x0, 0x0,
    0x5, 0xff, 0xf3, 0x5f, 0xff, 0x10, 0x0, 0x0,
    0x4f, 0xff, 0x27, 0xff, 0xf2, 0x0, 0x0, 0x6,
    0xff, 0xf4, 0x7f, 0xff, 0x20, 0x0, 0x0, 0x6f,
    0xff, 0x45, 0xff, 0xf1, 0x0, 0x0, 0x4, 0xff,
    0xf2, 0x6f, 0xff, 0x20, 0x0, 0x0, 0x5f, 0xff,
    0x37, 0xff, 0xf2, 0x0, 0x0, 0x6, 0xff, 0xf4,
    0x6f, 0xff, 0x10, 0x0, 0x0, 0x4f, 0xff, 0x25,
    0xff, 0xf1, 0x0, 0x0, 0x4, 0xff, 0xf2, 0x7f,
    0xff, 0x20, 0x0, 0x0, 0x6f, 0xff, 0x46, 0xff,
    0xf2, 0x0, 0x0, 0x5, 0xff, 0xf3, 0x39, 0xdf,
    0x76, 0x66, 0x66, 0x9f, 0xc9, 0x10, 0xc, 0xff,
    0xff, 0xff, 0xff, 0xf9, 0x0, 0x0, 0xcf, 0xff,
    0xff, 0xff, 0xff, 0x90, 0x0, 0xb, 0xff, 0xff,
    0xff, 0xff, 0xf8, 0x0,

    /* U+0056 "V" */
    0x6f, 0xff, 0x10, 0x0, 0x0, 0x5f, 0xff, 0x37,
    0xff, 0xf3, 0x0, 0x0, 0x6, 0xff, 0xf4, 0x7f,
    0xff, 0x20, 0x0, 0x0, 0x5f, 0xff, 0x35, 0xff,
    0xf1, 0x0, 0x0, 0x4, 0xff, 0xf2, 0x7f, 0xff,
    0x20, 0x0, 0x0, 0x6f, 0xff, 0x47, 0xff, 0xf2,
    0x0, 0x0, 0x6, 0xff, 0xf4, 0x5f, 0xff, 0x10,
    0x0, 0x0, 0x4f, 0xff, 0x26, 0xff, 0xf2, 0x0,
    0x0, 0x5, 0xff, 0xf3, 0x7f, 0xff, 0x20, 0x0,
    0x0, 0x6f, 0xff, 0x46, 0xff, 0xf1, 0x0, 0x0,
    0x4, 0xff, 0xf3, 0x4, 0xff, 0xd4, 0x0, 0x7,
    0xdf, 0xe3, 0x0, 0x3f, 0xff, 0x70, 0x0, 0xaf,
    0xff, 0x0, 0x3, 0xff, 0xf7, 0x0, 0xa, 0xff,
    0xf0, 0x0, 0x2f, 0xff, 0x50, 0x0, 0x9f, 0xfe,
    0x0, 0x0, 0xe, 0xff, 0xa0, 0xdf, 0xfa, 0x0,
    0x0, 0x0, 0xff, 0xfb, 0xe, 0xff, 0xb0, 0x0,
    0x0, 0xd, 0xff, 0xa0, 0xdf, 0xfa, 0x0, 0x0,
    0x0, 0x2f, 0xfe, 0xcf, 0xfd, 0x10, 0x0, 0x0,
    0x1, 0xff, 0xff, 0xff, 0xe0, 0x0, 0x0, 0x0,
    0x1f, 0xff, 0xff, 0xfe, 0x0, 0x0, 0x0, 0x0,
    0xcd, 0xff, 0xfd, 0xa0, 0x0, 0x0, 0x0, 0x0,
    0x6f, 0xff, 0x30, 0x0, 0x0, 0x0, 0x0, 0x7,
    0xff, 0xf3, 0x0, 0x0, 0x0, 0x0, 0x0, 0x5f,
    0xff, 0x20, 0x0, 0x0,

    /* U+0057 "W" */
    0x6f, 0xff, 0x10, 0xff, 0xb0, 0x5f, 0xff, 0x37,
    0xff, 0xf3, 0xf, 0xfd, 0x6, 0xff, 0xf4, 0x7f,
    0xff, 0x20, 0xff, 0xc0, 0x5f, 0xff, 0x35, 0xff,
    0xf1, 0xe, 0xfb, 0x4, 0xff, 0xf2, 0x7f, 0xff,
    0x20, 0xff, 0xc0, 0x6f, 0xff, 0x47, 0xff, 0xf2,
    0xf, 0xfc, 0x6, 0xff, 0xf4, 0x5f, 0xff, 0x10,
    0xef, 0xb0, 0x4f, 0xff, 0x26, 0xff, 0xf2, 0xf,
    0xfc, 0x5, 0xff, 0xf3, 0x7f, 0xff, 0x20, 0xff,
    0xc0, 0x6f, 0xff, 0x46, 0xff, 0xf1, 0xe, 0xfb,
    0x4, 0xff, 0xf3, 0x5f, 0xff, 0x10, 0xef, 0xb0,
    0x4f, 0xff, 0x27, 0xff, 0xf2, 0xf, 0xfc, 0x6,
    0xff, 0xf4, 0x7f, 0xff, 0x20, 0xff, 0xc0, 0x6f,
    0xff, 0x43, 0xaf, 0xf1, 0xe, 0xfb, 0x4, 0xff,
    0x91, 0x2, 0xff, 0x1c, 0xff, 0xf9, 0x5f, 0xf0,
    0x0, 0x3f, 0xf2, 0xdf, 0xff, 0xa6, 0xff, 0x0,
    0x2, 0xff, 0x1c, 0xff, 0xf9, 0x4f, 0xe0, 0x0,
    0x1f, 0xfc, 0xf3, 0x6, 0xed, 0xfe, 0x0, 0x3,
    0xff, 0xff, 0x40, 0x7f, 0xff, 0xf0, 0x0, 0x3f,
    0xff, 0xf4, 0x7, 0xff, 0xff, 0x0, 0x1, 0xdf,
    0xfd, 0x20, 0x5e, 0xff, 0xb0, 0x0, 0x5, 0xff,
    0x60, 0x0, 0x9f, 0xf2, 0x0, 0x0, 0x6f, 0xf7,
    0x0, 0xa, 0xff, 0x20, 0x0, 0x4, 0xff, 0x60,
    0x0, 0x9f, 0xf1, 0x0,

    /* U+0058 "X" */
    0x6f, 0xff, 0x10, 0x0, 0x0, 0x5f, 0xff, 0x37,
    0xff, 0xf3, 0x0, 0x0, 0x6, 0xff, 0xf4, 0x7f,
    0xff, 0x20, 0x0, 0x0, 0x5f, 0xff, 0x32, 0x7f,
    0xfc, 0x40, 0x0, 0x7d, 0xff, 0x60, 0x3, 0xff,
    0xf7, 0x0, 0xa, 0xff, 0xf0, 0x0, 0x3f, 0xff,
    0x70, 0x0, 0xaf, 0xff, 0x0, 0x2, 0xff, 0xf5,
    0x0, 0x9, 0xff, 0xe0, 0x0, 0x0, 0x7f, 0xf3,
    0x6, 0xff, 0x40, 0x0, 0x0, 0x8, 0xff, 0x40,
    0x8f, 0xf5, 0x0, 0x0, 0x0, 0x6f, 0xf3, 0x7,
    0xff, 0x30, 0x0, 0x0, 0x0, 0x3f, 0x86, 0xaf,
    0x0, 0x0, 0x0, 0x0, 0x4, 0xff, 0xff, 0xf1,
    0x0, 0x0, 0x0, 0x0, 0x4f, 0xff, 0xff, 0x10,
    0x0, 0x0, 0x0, 0x3, 0xff, 0xff, 0xf0, 0x0,
    0x0, 0x0, 0x7, 0xff, 0x30, 0x6f, 0xf4, 0x0,
    0x0, 0x0, 0x8f, 0xf4, 0x7, 0xff, 0x50, 0x0,
    0x0, 0x7, 0xff, 0x30, 0x6f, 0xf4, 0x0, 0x0,
    0x1c, 0xef, 0x70, 0x1, 0xaf, 0xdb, 0x0, 0x3,
    0xff, 0xf7, 0x0, 0xa, 0xff, 0xf0, 0x0, 0x2f,
    0xff, 0x60, 0x0, 0x9f, 0xff, 0x0, 0x27, 0xff,
    0x93, 0x0, 0x5, 0xbf, 0xe6, 0x17, 0xff, 0xf2,
    0x0, 0x0, 0x5, 0xff, 0xf3, 0x7f, 0xff, 0x30,
    0x0, 0x0, 0x6f, 0xff, 0x46, 0xff, 0xf1, 0x0,
    0x0, 0x5, 0xff, 0xf3,

    /* U+0059 "Y" */
    0x6f, 0xff, 0x10, 0x0, 0x0, 0x5f, 0xff, 0x37,
    0xff, 0xf3, 0x0, 0x0, 0x6, 0xff, 0xf4, 0x7f,
    0xff, 0x20, 0x0, 0x0, 0x5f, 0xff, 0x35, 0xff,
    0xf1, 0x0, 0x0, 0x4, 0xff, 0xf2, 0x7f, 0xff,
    0x20, 0x0, 0x0, 0x5f, 0xff, 0x47, 0xff, 0xf3,
    0x0, 0x0, 0x6, 0xff, 0xf4, 0x4c, 0xef, 0x10,
    0x0, 0x0, 0x4f, 0xec, 0x20, 0xb, 0xff, 0xc0,
    0x0, 0xff, 0xf8, 0x0, 0x0, 0xcf, 0xfd, 0x0,
    0x1f, 0xff, 0x90, 0x0, 0xb, 0xff, 0xc0, 0x0,
    0xff, 0xf8, 0x0, 0x0, 0x46, 0xfe, 0x99, 0x9f,
    0xe6, 0x20, 0x0, 0x0, 0x1f, 0xff, 0xff, 0xfe,
    0x0, 0x0, 0x0, 0x1, 0xff, 0xff, 0xff, 0xe0,
    0x0, 0x0, 0x0, 0xc, 0xdf, 0xff, 0xda, 0x0,
    0x0, 0x0, 0x0, 0x6, 0xff, 0xf2, 0x0, 0x0,
    0x0, 0x0, 0x0, 0x6f, 0xff, 0x30, 0x0, 0x0,
    0x0, 0x0, 0x5, 0xff, 0xf2, 0x0, 0x0, 0x0,
    0x0, 0x0, 0x5f, 0xff, 0x20, 0x0, 0x0, 0x0,
    0x0, 0x6, 0xff, 0xf3, 0x0, 0x0, 0x0, 0x0,
    0x0, 0x6f, 0xff, 0x30, 0x0, 0x0, 0x0, 0x0,
    0x5, 0xff, 0xf1, 0x0, 0x0, 0x0, 0x0, 0x0,
    0x6f, 0xff, 0x30, 0x0, 0x0, 0x0, 0x0, 0x7,
    0xff, 0xf3, 0x0, 0x0, 0x0, 0x0, 0x0, 0x5f,
    0xff, 0x20, 0x0, 0x0,

    /* U+005A "Z" */
    0x8f, 0xff, 0xff, 0xff, 0xff, 0xff, 0x5a, 0xff,
    0xff, 0xff, 0xff, 0xff, 0xf7, 0x9f, 0xff, 0xff,
    0xff, 0xff, 0xff, 0x63, 0x66, 0x66, 0x66, 0x67,
    0xff, 0xf5, 0x0, 0x0, 0x0, 0x0, 0x3f, 0xff,
    0x60, 0x0, 0x0, 0x0, 0x3, 0xff, 0xf6, 0x0,
    0x0, 0x0, 0x0, 0x2f, 0xff, 0x50, 0x0, 0x0,
    0x0, 0x6f, 0xff, 0x10, 0x0, 0x0, 0x0, 0x8,
    0xff, 0xf2, 0x0, 0x0, 0x0, 0x0, 0x7f, 0xff,
    0x10, 0x0, 0x0, 0x5, 0x6a, 0xb6, 0x60, 0x0,
    0x0, 0x0, 0xff, 0xfa, 0x0, 0x0, 0x0, 0x0,
    0xf, 0xff, 0xa0, 0x0, 0x0, 0x0, 0x0, 0xff,
    0xf9, 0x0, 0x0, 0x0, 0x7f, 0xff, 0x0, 0x0,
    0x0, 0x0, 0x8, 0xff, 0xf1, 0x0, 0x0, 0x0,
    0x0, 0x7f, 0xff, 0x0, 0x0, 0x0, 0x6, 0xce,
    0xf3, 0x30, 0x0, 0x0, 0x0, 0x9f, 0xff, 0x0,
    0x0, 0x0, 0x0, 0x9, 0xff, 0xf0, 0x0, 0x0,
    0x0, 0x0, 0x8f, 0xff, 0x66, 0x66, 0x66, 0x66,
    0x29, 0xff, 0xff, 0xff, 0xff, 0xff, 0xf6, 0xaf,
    0xff, 0xff, 0xff, 0xff, 0xff, 0x78, 0xff, 0xff,
    0xff, 0xff, 0xff, 0xf5,

    /* U+005B "[" */
    0x16, 0x66, 0x66, 0x53, 0xff, 0xff, 0xfe, 0x4f,
    0xff, 0xff, 0xe2, 0xff, 0xff, 0xfc, 0x3f, 0xff,
    0x50, 0x4, 0xff, 0xf6, 0x0, 0x3f, 0xff, 0x50,
    0x2, 0xff, 0xf4, 0x0, 0x4f, 0xff, 0x60, 0x4,
    0xff, 0xf6, 0x0, 0x2f, 0xff, 0x40, 0x3, 0xff,
    0xf5, 0x0, 0x4f, 0xff, 0x60, 0x2, 0xff, 0xf4,
    0x0, 0x2f, 0xff, 0x40, 0x4, 0xff, 0xf6, 0x0,
    0x3f, 0xff, 0x50, 0x2, 0xff, 0xf4, 0x0, 0x4f,
    0xff, 0x50, 0x4, 0xff, 0xf5, 0x0, 0x2f, 0xff,
    0x40, 0x3, 0xff, 0xf5, 0x0, 0x4f, 0xff, 0x60,
    0x3, 0xff, 0xf4, 0x0, 0x2f, 0xff, 0x40, 0x4,
    0xff, 0xf6, 0x0, 0x3f, 0xff, 0x50, 0x2, 0xff,
    0xf9, 0x65, 0x3f, 0xff, 0xff, 0xe4, 0xff, 0xff,
    0xfe, 0x2f, 0xff, 0xff, 0xc0,

    /* U+005C "\\" */
    0x6f, 0xff, 0x20, 0x0, 0x0, 0x0, 0x0, 0x7,
    0xff, 0xf2, 0x0, 0x0, 0x0, 0x0, 0x0, 0x5f,
    0xff, 0x10, 0x0, 0x0, 0x0, 0x0, 0x0, 0x2f,
    0xff, 0x60, 0x0, 0x0, 0x0, 0x0, 0x3, 0xff,
    0xf7, 0x0, 0x0, 0x0, 0x0, 0x0, 0x2f, 0xff,
    0x60, 0x0, 0x0, 0x0, 0x0, 0x0, 0x3e, 0xfd,
    0x70, 0x0, 0x0, 0x0, 0x0, 0x0, 0xff, 0xfb,
    0x0, 0x0, 0x0, 0x0, 0x0, 0xf, 0xff, 0xb0,
    0x0, 0x0, 0x0, 0x0, 0x0, 0xae, 0xfa, 0x0,
    0x0, 0x0, 0x0, 0x0, 0x0, 0xaf, 0xfe, 0x0,
    0x0, 0x0, 0x0, 0x0, 0xa, 0xff, 0xf0, 0x0,
    0x0, 0x0, 0x0, 0x0, 0x9f, 0xfe, 0x0, 0x0,
    0x0, 0x0, 0x0, 0x0, 0x5f, 0xfd, 0x10, 0x0,
    0x0, 0x0, 0x0, 0x6, 0xff, 0xf3, 0x0, 0x0,
    0x0, 0x0, 0x0, 0x6f, 0xff, 0x30, 0x0, 0x0,
    0x0, 0x0, 0x4, 0xcf, 0xf2, 0x0, 0x0, 0x0,
    0x0, 0x0, 0x2, 0xff, 0xf6, 0x0, 0x0, 0x0,
    0x0, 0x0, 0x2f, 0xff, 0x70, 0x0, 0x0, 0x0,
    0x0, 0x1, 0xff, 0xf6, 0x0, 0x0, 0x0, 0x0,
    0x0, 0x0, 0xdf, 0xd8, 0x0, 0x0, 0x0, 0x0,
    0x0, 0xe, 0xff, 0xb0, 0x0, 0x0, 0x0, 0x0,
    0x0, 0xdf, 0xfb, 0x0, 0x0, 0x0, 0x0, 0x0,
    0x7, 0xcf, 0xc5, 0x0, 0x0, 0x0, 0x0, 0x0,
    0xa, 0xff, 0xf0, 0x0, 0x0, 0x0, 0x0, 0x0,
    0xaf, 0xff, 0x0, 0x0, 0x0, 0x0, 0x0, 0x9,
    0xff, 0xf0, 0x0, 0x0, 0x0, 0x0, 0x0, 0x5,
    0xff, 0xf3, 0x0, 0x0, 0x0, 0x0, 0x0, 0x6f,
    0xff, 0x40, 0x0, 0x0, 0x0, 0x0, 0x5, 0xff,
    0xf3, 0x0, 0x0, 0x0, 0x0, 0x0, 0x16, 0x66,
    0x0,

    /* U+005D "]" */
    0x6, 0x66, 0x66, 0x60, 0x1f, 0xff, 0xff, 0xf0,
    0x1f, 0xff, 0xff, 0xf1, 0xf, 0xff, 0xff, 0xf0,
    0x0, 0x8, 0xff, 0xf0, 0x0, 0x9, 0xff, 0xf1,
    0x0, 0x8, 0xff, 0xf0, 0x0, 0x7, 0xff, 0xf0,
    0x0, 0x9, 0xff, 0xf1, 0x0, 0x9, 0xff, 0xf1,
    0x0, 0x7, 0xff, 0xf0, 0x0, 0x8, 0xff, 0xf0,
    0x0, 0x9, 0xff, 0xf1, 0x0, 0x8, 0xff, 0xf0,
    0x0, 0x8, 0xff, 0xf0, 0x0, 0x9, 0xff, 0xf1,
    0x0, 0x8, 0xff, 0xf0, 0x0, 0x7, 0xff, 0xf0,
    0x0, 0x9, 0xff, 0xf0, 0x0, 0x9, 0xff, 0xf0,
    0x0, 0x7, 0xff, 0xf0, 0x0, 0x8, 0xff, 0xf0,
    0x0, 0x9, 0xff, 0xf1, 0x0, 0x8, 0xff, 0xf0,
    0x0, 0x7, 0xff, 0xf0, 0x0, 0x9, 0xff, 0xf1,
    0x0, 0x8, 0xff, 0xf0, 0x6, 0x6a, 0xff, 0xf0,
    0x1f, 0xff, 0xff, 0xf0, 0x1f, 0xff, 0xff, 0xf1,
    0xf, 0xff, 0xff, 0xf0,

    /* U+005E "^" */
    0x0, 0x0, 0x4, 0xcc, 0xc1, 0x0, 0x0, 0x0,
    0x0, 0x0, 0x6f, 0xff, 0x30, 0x0, 0x0, 0x0,
    0x0, 0x6, 0xff, 0xf3, 0x0, 0x0, 0x0, 0x0,
    0x0, 0x5f, 0xff, 0x20, 0x0, 0x0, 0x0, 0x0,
    0xff, 0xff, 0xff, 0xd0, 0x0, 0x0, 0x0, 0x1f,
    0xff, 0xff, 0xfe, 0x0, 0x0, 0x0, 0x0, 0xff,
    0xff, 0xff, 0xd0, 0x0, 0x0, 0xb, 0xff, 0xc0,
    0x0, 0xff, 0xf8, 0x0, 0x0, 0xcf, 0xfd, 0x0,
    0x1f, 0xff, 0x90, 0x0, 0xb, 0xff, 0xd0, 0x0,
    0xff, 0xf8, 0x0, 0x26, 0xcf, 0x97, 0x0, 0x9,
    0xbf, 0xa6, 0x17, 0xff, 0xf2, 0x0, 0x0, 0x5,
    0xff, 0xf3, 0x7f, 0xff, 0x30, 0x0, 0x0, 0x6f,
    0xff, 0x46, 0xff, 0xf1, 0x0, 0x0, 0x5, 0xff,
    0xf3,

    /* U+005F "_" */
    0x26, 0x66, 0x66, 0x66, 0x66, 0x66, 0x66, 0x17,
    0xff, 0xff, 0xff, 0xff, 0xff, 0xff, 0xf3, 0x7f,
    0xff, 0xff, 0xff, 0xff, 0xff, 0xff, 0x46, 0xff,
    0xff, 0xff, 0xff, 0xff, 0xff, 0xf3,

    /* U+0060 "`" */
    0xf, 0xff, 0x70, 0x1, 0xff, 0xf8, 0x0, 0xf,
    0xff, 0x80, 0x0, 0x69, 0xfa, 0x60, 0x0, 0x6f,
    0xff, 0x30, 0x7, 0xff, 0xf3, 0x0, 0x5f, 0xff,
    0x20,

    /* U+0061 "a" */
    0x0, 0xe, 0xff, 0xff, 0xff, 0xd0, 0x0, 0x0,
    0x0, 0xff, 0xff, 0xff, 0xfe, 0x0, 0x0, 0x0,
    0xe, 0xff, 0xff, 0xff, 0xd0, 0x0, 0x0, 0x0,
    0x56, 0x66, 0x66, 0xfe, 0x94, 0x0, 0x0, 0x0,
    0x0, 0x0, 0xf, 0xff, 0x90, 0x0, 0x0, 0x0,
    0x0, 0x1, 0xff, 0xf9, 0x0, 0x0, 0x0, 0x0,
    0x0, 0xf, 0xff, 0x80, 0x0, 0xb, 0xff, 0xff,
    0xff, 0xff, 0xf8, 0x0, 0x0, 0xcf, 0xff, 0xff,
    0xff, 0xff, 0x90, 0x0, 0xb, 0xff, 0xff, 0xff,
    0xff, 0xf7, 0x0, 0x6f, 0xff, 0x10, 0x0, 0xf,
    0xff, 0x80, 0x7, 0xff, 0xf2, 0x0, 0x1, 0xff,
    0xf9, 0x0, 0x6f, 0xff, 0x20, 0x0, 0xf, 0xff,
    0x80, 0x2, 0x6c, 0xf7, 0x66, 0x66, 0x69, 0xfa,
    0x61, 0x0, 0xcf, 0xff, 0xff, 0xf3, 0x5f, 0xff,
    0x30, 0xc, 0xff, 0xff, 0xff, 0x36, 0xff, 0xf4,
    0x0, 0xbf, 0xff, 0xff, 0xf2, 0x4f, 0xff, 0x30,

    /* U+0062 "b" */
    0x6f, 0xff, 0x10, 0x0, 0x0, 0x0, 0x0, 0x7,
    0xff, 0xf3, 0x0, 0x0, 0x0, 0x0, 0x0, 0x7f,
    0xff, 0x20, 0x0, 0x0, 0x0, 0x0, 0x5, 0xff,
    0xf1, 0x0, 0x0, 0x0, 0x0, 0x0, 0x7f, 0xff,
    0x20, 0x0, 0x0, 0x0, 0x0, 0x7, 0xff, 0xf3,
    0x0, 0x0, 0x0, 0x0, 0x0, 0x6f, 0xff, 0x10,
    0x0, 0x0, 0x0, 0x0, 0x6, 0xff, 0xf1, 0x5f,
    0xff, 0xfd, 0x0, 0x0, 0x7f, 0xff, 0x27, 0xff,
    0xff, 0xe0, 0x0, 0x6, 0xff, 0xf2, 0x6f, 0xff,
    0xfd, 0x0, 0x0, 0x5f, 0xff, 0x76, 0x66, 0x6f,
    0xe6, 0x30, 0x7, 0xff, 0xff, 0xd0, 0x0, 0xff,
    0xf9, 0x0, 0x7f, 0xff, 0xfe, 0x0, 0x1f, 0xff,
    0x90, 0x6, 0xff, 0xff, 0xc0, 0x0, 0xff, 0xf8,
    0x0, 0x6f, 0xff, 0x10, 0x0, 0x0, 0x5f, 0xff,
    0x37, 0xff, 0xf2, 0x0, 0x0, 0x6, 0xff, 0xf4,
    0x5f, 0xff, 0x10, 0x0, 0x0, 0x4f, 0xff, 0x26,
    0xff, 0xf1, 0x0, 0x0, 0xff, 0xf8, 0x0, 0x7f,
    0xff, 0x30, 0x0, 0x1f, 0xff, 0x90, 0x6, 0xff,
    0xf2, 0x0, 0x0, 0xff, 0xf8, 0x0, 0x5f, 0xa6,
    0x66, 0x66, 0x66, 0x66, 0x20, 0x7, 0xf7, 0x1f,
    0xff, 0xff, 0x30, 0x0, 0x0, 0x7f, 0x81, 0xff,
    0xff, 0xf3, 0x0, 0x0, 0x6, 0xf6, 0xf, 0xff,
    0xff, 0x20, 0x0, 0x0,

    /* U+0063 "c" */
    0x0, 0x0, 0xff, 0xff, 0xff, 0xff, 0x80, 0x0,
    0x0, 0x1f, 0xff, 0xff, 0xff, 0xf9, 0x0, 0x0,
    0x0, 0xff, 0xff, 0xff, 0xff, 0x80, 0x0, 0x4,
    0x6f, 0xd6, 0x66, 0x69, 0xfa, 0x61, 0x0, 0xcf,
    0xfd, 0x0, 0x0, 0x5f, 0xff, 0x30, 0xc, 0xff,
    0xd0, 0x0, 0x6, 0xff, 0xf4, 0x0, 0xbf, 0xfc,
    0x0, 0x0, 0x4f, 0xff, 0x36, 0xff, 0xf1, 0x0,
    0x0, 0x0, 0x0, 0x0, 0x7f, 0xff, 0x20, 0x0,
    0x0, 0x0, 0x0, 0x5, 0xff, 0xf1, 0x0, 0x0,
    0x0, 0x0, 0x0, 0x0, 0xbf, 0xfc, 0x0, 0x0,
    0x5f, 0xff, 0x30, 0xc, 0xff, 0xd0, 0x0, 0x6,
    0xff, 0xf4, 0x0, 0xbf, 0xfd, 0x0, 0x0, 0x5f,
    0xff, 0x30, 0x4, 0x6f, 0xd6, 0x66, 0x69, 0xfa,
    0x60, 0x0, 0x1, 0xff, 0xff, 0xff, 0xff, 0x90,
    0x0, 0x0, 0x1f, 0xff, 0xff, 0xff, 0xf9, 0x0,
    0x0, 0x0, 0xff, 0xff, 0xff, 0xff, 0x80, 0x0,

    /* U+0064 "d" */
    0x0, 0x0, 0x0, 0x0, 0x0, 0x5f, 0xff, 0x30,
    0x0, 0x0, 0x0, 0x0, 0x6, 0xff, 0xf4, 0x0,
    0x0, 0x0, 0x0, 0x0, 0x5f, 0xff, 0x30, 0x0,
    0x0, 0x0, 0x0, 0x4, 0xff, 0xf2, 0x0, 0x0,
    0x0, 0x0, 0x0, 0x5f, 0xff, 0x30, 0x0, 0x0,
    0x0, 0x0, 0x6, 0xff, 0xf4, 0x0, 0x0, 0x0,
    0x0, 0x0, 0x5f, 0xff, 0x30, 0x0, 0xf, 0xff,
    0xfb, 0x5, 0xff, 0xf3, 0x0, 0x1, 0xff, 0xff,
    0xc0, 0x6f, 0xff, 0x40, 0x0, 0xf, 0xff, 0xfb,
    0x5, 0xff, 0xf3, 0x0, 0x66, 0xa6, 0x66, 0x43,
    0x9f, 0xff, 0x20, 0x3f, 0xf9, 0x0, 0x0, 0xaf,
    0xff, 0xf3, 0x3, 0xff, 0x90, 0x0, 0xa, 0xff,
    0xff, 0x40, 0x2f, 0xf8, 0x0, 0x0, 0x9f, 0xff,
    0xf3, 0x6f, 0xf4, 0x0, 0x0, 0x0, 0x5f, 0xff,
    0x37, 0xff, 0x50, 0x0, 0x0, 0x6, 0xff, 0xf4,
    0x5f, 0xf4, 0x0, 0x0, 0x0, 0x4f, 0xff, 0x20,
    0x2f, 0xf8, 0x0, 0x0, 0x9f, 0xff, 0xf3, 0x3,
    0xff, 0x90, 0x0, 0xa, 0xff, 0xff, 0x40, 0x2f,
    0xf8, 0x0, 0x0, 0x9f, 0xff, 0xf3, 0x0, 0x66,
    0xa6, 0x66, 0x43, 0x9f, 0xff, 0x20, 0x0, 0x1f,
    0xff, 0xfc, 0x5, 0xff, 0xf3, 0x0, 0x1, 0xff,
    0xff, 0xd0, 0x6f, 0xff, 0x40, 0x0, 0xf, 0xff,
    0xfb, 0x4, 0xff, 0xf3,

    /* U+0065 "e" */
    0x0, 0x0, 0xff, 0xff, 0xff, 0xff, 0x80, 0x0,
    0x0, 0x1f, 0xff, 0xff, 0xff, 0xf9, 0x0, 0x0,
    0x0, 0xff, 0xff, 0xff, 0xff, 0x70, 0x0, 0x2f,
    0xff, 0x96, 0x66, 0x69, 0xff, 0xf2, 0x3, 0xff,
    0xf6, 0x0, 0x0, 0x5f, 0xff, 0x40, 0x3f, 0xff,
    0x70, 0x0, 0x6, 0xff, 0xf4, 0x2, 0xff, 0xf5,
    0x0, 0x0, 0x4f, 0xff, 0x36, 0xff, 0xff, 0xff,
    0xff, 0xff, 0xff, 0xf3, 0x7f, 0xff, 0xff, 0xff,
    0xff, 0xff, 0xff, 0x46, 0xff, 0xff, 0xff, 0xff,
    0xff, 0xff, 0xf3, 0x27, 0xff, 0xf9, 0x66, 0x66,
    0x66, 0x66, 0x0, 0x3f, 0xff, 0x70, 0x0, 0x0,
    0x0, 0x0, 0x2, 0xff, 0xf6, 0x0, 0x0, 0x0,
    0x0, 0x0, 0x3, 0x3f, 0x96, 0x66, 0x66, 0x63,
    0x0, 0x0, 0x1, 0xff, 0xff, 0xff, 0xff, 0x90,
    0x0, 0x0, 0x1f, 0xff, 0xff, 0xff, 0xf9, 0x0,
    0x0, 0x0, 0xff, 0xff, 0xff, 0xff, 0x80, 0x0,

    /* U+0066 "f" */
    0x0, 0x5, 0xff, 0xff, 0xff, 0x80, 0x0, 0x7f,
    0xff, 0xff, 0xf9, 0x0, 0x6, 0xff, 0xff, 0xff,
    0x80, 0x9, 0xbf, 0xa6, 0x66, 0x62, 0x1, 0xff,
    0xf8, 0x0, 0x0, 0x0, 0x1f, 0xff, 0x80, 0x0,
    0x0, 0x0, 0xff, 0xf7, 0x0, 0x0, 0xb, 0xff,
    0xff, 0xff, 0xff, 0xf8, 0xcf, 0xff, 0xff, 0xff,
    0xff, 0x9b, 0xff, 0xff, 0xff, 0xff, 0xf8, 0x46,
    0xff, 0xfa, 0x66, 0x66, 0x20, 0x1f, 0xff, 0x80,
    0x0, 0x0, 0x1, 0xff, 0xf8, 0x0, 0x0, 0x0,
    0xf, 0xff, 0x70, 0x0, 0x0, 0x0, 0xff, 0xf8,
    0x0, 0x0, 0x0, 0x1f, 0xff, 0x80, 0x0, 0x0,
    0x0, 0xff, 0xf7, 0x0, 0x0, 0x0, 0xf, 0xff,
    0x70, 0x0, 0x0, 0x1, 0xff, 0xf8, 0x0, 0x0,
    0x0, 0x1f, 0xff, 0x80, 0x0, 0x0, 0x46, 0xff,
    0xfa, 0x66, 0x50, 0xc, 0xff, 0xff, 0xff, 0xfe,
    0x0, 0xcf, 0xff, 0xff, 0xff, 0xe0, 0xb, 0xff,
    0xff, 0xff, 0xfd, 0x0,

    /* U+0067 "g" */
    0x0, 0x0, 0xff, 0xff, 0xff, 0xff, 0xff, 0x30,
    0x0, 0x1f, 0xff, 0xff, 0xff, 0xff, 0xf4, 0x0,
    0x0, 0xff, 0xff, 0xff, 0xff, 0xff, 0x30, 0x19,
    0x9f, 0x96, 0x66, 0x69, 0xff, 0xf2, 0x3, 0xff,
    0xf6, 0x0, 0x0, 0x5f, 0xff, 0x30, 0x3f, 0xff,
    0x70, 0x0, 0x6, 0xff, 0xf4, 0x2, 0xff, 0xf5,
    0x0, 0x0, 0x4f, 0xff, 0x36, 0xff, 0xf1, 0x0,
    0x0, 0x5, 0xff, 0xf3, 0x7f, 0xff, 0x20, 0x0,
    0x0, 0x6f, 0xff, 0x46, 0xff, 0xf2, 0x0, 0x0,
    0x5, 0xff, 0xf3, 0x27, 0xff, 0x62, 0x0, 0x6,
    0x8f, 0xff, 0x20, 0x3f, 0xff, 0x60, 0x0, 0xff,
    0xff, 0xf3, 0x2, 0xff, 0xf6, 0x0, 0xf, 0xff,
    0xff, 0x30, 0x9, 0x9f, 0x96, 0x66, 0x9b, 0xff,
    0xf2, 0x0, 0x1, 0xff, 0xff, 0xf3, 0x5f, 0xff,
    0x30, 0x0, 0x1f, 0xff, 0xff, 0x36, 0xff, 0xf4,
    0x0, 0x0, 0xff, 0xff, 0xf2, 0x5f, 0xff, 0x30,
    0x0, 0x0, 0x0, 0x0, 0xff, 0xf8, 0x0, 0x0,
    0x0, 0x0, 0x0, 0x1f, 0xff, 0x90, 0x0, 0x0,
    0x0, 0x0, 0x0, 0xff, 0xf8, 0x0, 0x0, 0x0,
    0x66, 0x66, 0x6f, 0xe9, 0x40, 0x0, 0x0, 0x1f,
    0xff, 0xff, 0xfe, 0x0, 0x0, 0x0, 0x1, 0xff,
    0xff, 0xff, 0xe0, 0x0, 0x0, 0x0, 0xf, 0xff,
    0xff, 0xfd, 0x0, 0x0,

    /* U+0068 "h" */
    0x6f, 0xff, 0x10, 0x0, 0x0, 0x0, 0x0, 0x7,
    0xff, 0xf3, 0x0, 0x0, 0x0, 0x0, 0x0, 0x7f,
    0xff, 0x20, 0x0, 0x0, 0x0, 0x0, 0x5, 0xff,
    0xf1, 0x0, 0x0, 0x0, 0x0, 0x0, 0x7f, 0xff,
    0x20, 0x0, 0x0, 0x0, 0x0, 0x7, 0xff, 0xf3,
    0x0, 0x0, 0x0, 0x0, 0x0, 0x6f, 0xff, 0x10,
    0x0, 0x0, 0x0, 0x0, 0x6, 0xff, 0xf1, 0xcf,
    0xff, 0xff, 0xf1, 0x0, 0x7f, 0xff, 0x3d, 0xff,
    0xff, 0xff, 0x20, 0x6, 0xff, 0xf2, 0xcf, 0xff,
    0xff, 0xf1, 0x0, 0x5f, 0xff, 0xa7, 0x66, 0x66,
    0x9f, 0x99, 0x17, 0xff, 0xff, 0x70, 0x0, 0x6,
    0xff, 0xf4, 0x7f, 0xff, 0xf7, 0x0, 0x0, 0x6f,
    0xff, 0x45, 0xff, 0xfc, 0x40, 0x0, 0x4, 0xff,
    0xf2, 0x6f, 0xff, 0x20, 0x0, 0x0, 0x5f, 0xff,
    0x37, 0xff, 0xf2, 0x0, 0x0, 0x6, 0xff, 0xf4,
    0x6f, 0xff, 0x10, 0x0, 0x0, 0x4f, 0xff, 0x35,
    0xff, 0xf1, 0x0, 0x0, 0x4, 0xff, 0xf2, 0x7f,
    0xff, 0x20, 0x0, 0x0, 0x6f, 0xff, 0x46, 0xff,
    0xf2, 0x0, 0x0, 0x5, 0xff, 0xf3, 0x5f, 0xff,
    0x10, 0x0, 0x0, 0x4f, 0xff, 0x27, 0xff, 0xf2,
    0x0, 0x0, 0x5, 0xff, 0xf3, 0x7f, 0xff, 0x30,
    0x0, 0x0, 0x6f, 0xff, 0x46, 0xff, 0xf1, 0x0,
    0x0, 0x5, 0xff, 0xf3,

    /* U+0069 "i" */
    0x0, 0x5, 0xff, 0xf2, 0x0, 0x0, 0x0, 0x7f,
    0xff, 0x30, 0x0, 0x0, 0x6, 0xff, 0xf3, 0x0,
    0x0, 0x0, 0x16, 0x66, 0x0, 0x0, 0x0, 0x0,
    0x0, 0x0, 0x0, 0x0, 0x0, 0x0, 0x0, 0x0,
    0x0, 0x0, 0x0, 0x0, 0x0, 0x0, 0x0, 0xef,
    0xff, 0xff, 0x20, 0x0, 0xf, 0xff, 0xff, 0xf3,
    0x0, 0x0, 0xef, 0xff, 0xff, 0x20, 0x0, 0x5,
    0x69, 0xff, 0xf1, 0x0, 0x0, 0x0, 0x6f, 0xff,
    0x30, 0x0, 0x0, 0x6, 0xff, 0xf3, 0x0, 0x0,
    0x0, 0x5f, 0xff, 0x20, 0x0, 0x0, 0x6, 0xff,
    0xf2, 0x0, 0x0, 0x0, 0x6f, 0xff, 0x30, 0x0,
    0x0, 0x5, 0xff, 0xf2, 0x0, 0x0, 0x0, 0x5f,
    0xff, 0x20, 0x0, 0x0, 0x6, 0xff, 0xf3, 0x0,
    0x0, 0x0, 0x6f, 0xff, 0x30, 0x0, 0x46, 0x69,
    0xff, 0xf7, 0x66, 0x3c, 0xff, 0xff, 0xff, 0xff,
    0xf9, 0xcf, 0xff, 0xff, 0xff, 0xff, 0x9b, 0xff,
    0xff, 0xff, 0xff, 0xf8,

    /* U+006A "j" */
    0x0, 0x0, 0xa, 0xff, 0xd0, 0x0, 0x0, 0xcf,
    0xfe, 0x0, 0x0, 0xb, 0xff, 0xe0, 0x0, 0x0,
    0x36, 0x64, 0x0, 0x0, 0x0, 0x0, 0x0, 0x0,
    0x0, 0x0, 0x0, 0x0, 0x0, 0x0, 0x0, 0x0,
    0xf, 0xff, 0xff, 0xfd, 0x1, 0xff, 0xff, 0xff,
    0xe0, 0xf, 0xff, 0xff, 0xfd, 0x0, 0x66, 0x6c,
    0xff, 0xc0, 0x0, 0x0, 0xbf, 0xfe, 0x0, 0x0,
    0xb, 0xff, 0xe0, 0x0, 0x0, 0xaf, 0xfd, 0x0,
    0x0, 0xb, 0xff, 0xd0, 0x0, 0x0, 0xbf, 0xfe,
    0x0, 0x0, 0xa, 0xff, 0xd0, 0x0, 0x0, 0xaf,
    0xfd, 0x0, 0x0, 0xb, 0xff, 0xe0, 0x0, 0x0,
    0xbf, 0xfd, 0x0, 0x0, 0xa, 0xff, 0xc0, 0x0,
    0x0, 0xbf, 0xfe, 0x0, 0x0, 0xc, 0xff, 0xe0,
    0x0, 0x0, 0xaf, 0xfd, 0x0, 0x5, 0xff, 0xf2,
    0x0, 0x0, 0x6f, 0xff, 0x30, 0x0, 0x6, 0xff,
    0xf2, 0x4, 0x66, 0x9f, 0xc9, 0x10, 0xcf, 0xff,
    0xf8, 0x0, 0xc, 0xff, 0xff, 0x80, 0x0, 0xbf,
    0xff, 0xf7, 0x0, 0x0,

    /* U+006B "k" */
    0x6f, 0xff, 0x10, 0x0, 0x0, 0x0, 0x0, 0x7,
    0xff, 0xf3, 0x0, 0x0, 0x0, 0x0, 0x0, 0x7f,
    0xff, 0x20, 0x0, 0x0, 0x0, 0x0, 0x5, 0xff,
    0xf1, 0x0, 0x0, 0x0, 0x0, 0x0, 0x7f, 0xff,
    0x20, 0x0, 0x0, 0x0, 0x0, 0x7, 0xff, 0xf3,
    0x0, 0x0, 0x0, 0x0, 0x0, 0x6f, 0xff, 0x10,
    0x0, 0x0, 0x0, 0x0, 0x6, 0xff, 0xf1, 0x0,
    0xd, 0xff, 0xff, 0x50, 0x7f, 0xff, 0x30, 0x0,
    0xef, 0xff, 0xf6, 0x6, 0xff, 0xf2, 0x0, 0xd,
    0xff, 0xff, 0x50, 0x5f, 0xff, 0x10, 0x8f, 0xff,
    0x66, 0x61, 0x7, 0xff, 0xf2, 0x9, 0xff, 0xf0,
    0x0, 0x0, 0x7f, 0xff, 0x30, 0x9f, 0xff, 0x10,
    0x0, 0x6, 0xff, 0xf1, 0x8, 0xff, 0xf0, 0x0,
    0x0, 0x6f, 0xff, 0xff, 0xff, 0x50, 0x0, 0x0,
    0x7, 0xff, 0xff, 0xff, 0xf6, 0x0, 0x0, 0x0,
    0x6f, 0xff, 0xff, 0xff, 0x40, 0x0, 0x0, 0x5,
    0xff, 0xf4, 0x39, 0xfd, 0xc0, 0x0, 0x0, 0x7f,
    0xff, 0x20, 0x9f, 0xff, 0x10, 0x0, 0x6, 0xff,
    0xf1, 0x8, 0xff, 0xf0, 0x0, 0x0, 0x5f, 0xff,
    0x10, 0x13, 0xdf, 0x66, 0x66, 0x17, 0xff, 0xf2,
    0x0, 0xe, 0xff, 0xff, 0xf3, 0x7f, 0xff, 0x20,
    0x0, 0xef, 0xff, 0xff, 0x46, 0xff, 0xf1, 0x0,
    0xd, 0xff, 0xff, 0xf3,

    /* U+006C "l" */
    0xe, 0xff, 0xff, 0xf2, 0x0, 0x0, 0xff, 0xff,
    0xff, 0x30, 0x0, 0xe, 0xff, 0xff, 0xf3, 0x0,
    0x0, 0x56, 0x9f, 0xff, 0x10, 0x0, 0x0, 0x6,
    0xff, 0xf3, 0x0, 0x0, 0x0, 0x6f, 0xff, 0x30,
    0x0, 0x0, 0x5, 0xff, 0xf2, 0x0, 0x0, 0x0,
    0x6f, 0xff, 0x20, 0x0, 0x0, 0x6, 0xff, 0xf3,
    0x0, 0x0, 0x0, 0x5f, 0xff, 0x20, 0x0, 0x0,
    0x5, 0xff, 0xf2, 0x0, 0x0, 0x0, 0x6f, 0xff,
    0x30, 0x0, 0x0, 0x6, 0xff, 0xf3, 0x0, 0x0,
    0x0, 0x5f, 0xff, 0x10, 0x0, 0x0, 0x6, 0xff,
    0xf3, 0x0, 0x0, 0x0, 0x6f, 0xff, 0x30, 0x0,
    0x0, 0x5, 0xff, 0xf2, 0x0, 0x0, 0x0, 0x5f,
    0xff, 0x20, 0x0, 0x0, 0x6, 0xff, 0xf3, 0x0,
    0x0, 0x0, 0x6f, 0xff, 0x30, 0x0, 0x46, 0x69,
    0xff, 0xf7, 0x66, 0x3c, 0xff, 0xff, 0xff, 0xff,
    0xf9, 0xcf, 0xff, 0xff, 0xff, 0xff, 0x9b, 0xff,
    0xff, 0xff, 0xff, 0xf8,

    /* U+006D "m" */
    0x6f, 0xd0, 0xff, 0xf7, 0x6f, 0xff, 0x80, 0x7,
    0xfe, 0x1f, 0xff, 0x88, 0xff, 0xf9, 0x0, 0x6f,
    0xd0, 0xff, 0xf7, 0x7f, 0xff, 0x80, 0x5, 0xfe,
    0x96, 0x6f, 0xc9, 0x69, 0xfc, 0x91, 0x7f, 0xff,
    0x20, 0xff, 0xc0, 0x6f, 0xff, 0x47, 0xff, 0xf2,
    0xf, 0xfc, 0x6, 0xff, 0xf4, 0x5f, 0xff, 0x10,
    0xef, 0xb0, 0x4f, 0xff, 0x26, 0xff, 0xf2, 0xf,
    0xfc, 0x5, 0xff, 0xf3, 0x7f, 0xff, 0x20, 0xff,
    0xc0, 0x6f, 0xff, 0x46, 0xff, 0xf1, 0xe, 0xfb,
    0x4, 0xff, 0xf3, 0x5f, 0xff, 0x10, 0xef, 0xb0,
    0x4f, 0xff, 0x27, 0xff, 0xf2, 0xf, 0xfc, 0x6,
    0xff, 0xf4, 0x6f, 0xff, 0x20, 0xff, 0xc0, 0x5f,
    0xff, 0x35, 0xff, 0xf1, 0xe, 0xfa, 0x4, 0xff,
    0xf2, 0x7f, 0xff, 0x20, 0xff, 0xc0, 0x5f, 0xff,
    0x37, 0xff, 0xf3, 0xf, 0xfd, 0x6, 0xff, 0xf4,
    0x6f, 0xff, 0x10, 0xff, 0xb0, 0x5f, 0xff, 0x30,

    /* U+006E "n" */
    0x6f, 0xfb, 0xc, 0xff, 0xff, 0xff, 0x10, 0x7,
    0xff, 0xc0, 0xdf, 0xff, 0xff, 0xf2, 0x0, 0x6f,
    0xfb, 0xc, 0xff, 0xff, 0xff, 0x10, 0x5, 0xff,
    0xd9, 0x76, 0x66, 0x69, 0xf9, 0x91, 0x7f, 0xff,
    0xf7, 0x0, 0x0, 0x6f, 0xff, 0x47, 0xff, 0xff,
    0x70, 0x0, 0x6, 0xff, 0xf4, 0x5f, 0xff, 0xc4,
    0x0, 0x0, 0x4f, 0xff, 0x26, 0xff, 0xf2, 0x0,
    0x0, 0x5, 0xff, 0xf3, 0x7f, 0xff, 0x20, 0x0,
    0x0, 0x6f, 0xff, 0x46, 0xff, 0xf1, 0x0, 0x0,
    0x4, 0xff, 0xf3, 0x5f, 0xff, 0x10, 0x0, 0x0,
    0x4f, 0xff, 0x27, 0xff, 0xf2, 0x0, 0x0, 0x6,
    0xff, 0xf4, 0x6f, 0xff, 0x20, 0x0, 0x0, 0x5f,
    0xff, 0x35, 0xff, 0xf1, 0x0, 0x0, 0x4, 0xff,
    0xf2, 0x7f, 0xff, 0x20, 0x0, 0x0, 0x5f, 0xff,
    0x37, 0xff, 0xf3, 0x0, 0x0, 0x6, 0xff, 0xf4,
    0x6f, 0xff, 0x10, 0x0, 0x0, 0x5f, 0xff, 0x30,

    /* U+006F "o" */
    0x0, 0x0, 0xff, 0xff, 0xff, 0xd0, 0x0, 0x0,
    0x0, 0x1f, 0xff, 0xff, 0xfe, 0x0, 0x0, 0x0,
    0x0, 0xff, 0xff, 0xff, 0xd0, 0x0, 0x0, 0x2f,
    0xff, 0x96, 0x66, 0xbf, 0xfe, 0x0, 0x3, 0xff,
    0xf6, 0x0, 0xa, 0xff, 0xf0, 0x0, 0x3f, 0xff,
    0x70, 0x0, 0xaf, 0xff, 0x0, 0x2, 0xff, 0xf5,
    0x0, 0x9, 0xff, 0xe0, 0x6, 0xff, 0xf1, 0x0,
    0x0, 0x5, 0xff, 0xf3, 0x7f, 0xff, 0x20, 0x0,
    0x0, 0x6f, 0xff, 0x46, 0xff, 0xf1, 0x0, 0x0,
    0x4, 0xff, 0xf3, 0x15, 0xff, 0xc4, 0x0, 0x7,
    0xdf, 0xf3, 0x0, 0x3f, 0xff, 0x70, 0x0, 0xaf,
    0xff, 0x0, 0x2, 0xff, 0xf6, 0x0, 0x9, 0xff,
    0xf0, 0x0, 0x3, 0x3f, 0x96, 0x66, 0xbd, 0x32,
    0x0, 0x0, 0x1, 0xff, 0xff, 0xff, 0xe0, 0x0,
    0x0, 0x0, 0x1f, 0xff, 0xff, 0xfe, 0x0, 0x0,
    0x0, 0x0, 0xff, 0xff, 0xff, 0xd0, 0x0, 0x0,

    /* U+0070 "p" */
    0x6f, 0xff, 0x15, 0xff, 0xff, 0xd0, 0x0, 0x7,
    0xff, 0xf2, 0x7f, 0xff, 0xfe, 0x0, 0x0, 0x7f,
    0xff, 0x26, 0xff, 0xff, 0xe0, 0x0, 0x5, 0xff,
    0xf4, 0x46, 0x66, 0xfd, 0x31, 0x0, 0x6f, 0xff,
    0xfd, 0x0, 0xf, 0xff, 0x80, 0x7, 0xff, 0xff,
    0xe0, 0x1, 0xff, 0xf9, 0x0, 0x6f, 0xff, 0xfc,
    0x0, 0xf, 0xff, 0x80, 0x6, 0xff, 0xf1, 0x0,
    0x0, 0x5, 0xff, 0xf3, 0x7f, 0xff, 0x20, 0x0,
    0x0, 0x6f, 0xff, 0x46, 0xff, 0xf1, 0x0, 0x0,
    0x4, 0xff, 0xf3, 0x5f, 0xff, 0x10, 0x0, 0xc,
    0xdf, 0x93, 0x7, 0xff, 0xf2, 0x0, 0x1, 0xff,
    0xf9, 0x0, 0x6f, 0xff, 0x20, 0x0, 0xf, 0xff,
    0x80, 0x5, 0xff, 0xf7, 0x66, 0x66, 0xfe, 0x94,
    0x0, 0x7f, 0xff, 0xff, 0xff, 0xff, 0xe0, 0x0,
    0x7, 0xff, 0xff, 0xff, 0xff, 0xfe, 0x0, 0x0,
    0x6f, 0xff, 0xff, 0xff, 0xff, 0xd0, 0x0, 0x6,
    0xff, 0xf1, 0x0, 0x0, 0x0, 0x0, 0x0, 0x7f,
    0xff, 0x30, 0x0, 0x0, 0x0, 0x0, 0x6, 0xff,
    0xf2, 0x0, 0x0, 0x0, 0x0, 0x0, 0x5f, 0xff,
    0x10, 0x0, 0x0, 0x0, 0x0, 0x7, 0xff, 0xf2,
    0x0, 0x0, 0x0, 0x0, 0x0, 0x7f, 0xff, 0x30,
    0x0, 0x0, 0x0, 0x0, 0x6, 0xff, 0xf1, 0x0,
    0x0, 0x0, 0x0, 0x0,

    /* U+0071 "q" */
    0x0, 0x0, 0xff, 0xff, 0xff, 0xff, 0xff, 0x30,
    0x0, 0x1f, 0xff, 0xff, 0xff, 0xff, 0xf4, 0x0,
    0x0, 0xff, 0xff, 0xff, 0xff, 0xff, 0x30, 0x6,
    0x9f, 0xd6, 0x66, 0x69, 0xff, 0xf2, 0x0, 0xcf,
    0xfd, 0x0, 0x0, 0x5f, 0xff, 0x30, 0xc, 0xff,
    0xd0, 0x0, 0x6, 0xff, 0xf4, 0x0, 0xbf, 0xfc,
    0x0, 0x0, 0x4f, 0xff, 0x36, 0xff, 0xf1, 0x0,
    0x0, 0x5, 0xff, 0xf3, 0x7f, 0xff, 0x20, 0x0,
    0x0, 0x6f, 0xff, 0x46, 0xff, 0xf2, 0x0, 0x0,
    0x5, 0xff, 0xf3, 0x26, 0xdf, 0x64, 0x0, 0x6,
    0x8f, 0xff, 0x20, 0xc, 0xff, 0xd0, 0x0, 0xff,
    0xff, 0xf4, 0x0, 0xcf, 0xfd, 0x0, 0xf, 0xff,
    0xff, 0x30, 0x6, 0x9f, 0xd6, 0x66, 0x9b, 0xff,
    0xf2, 0x0, 0x1, 0xff, 0xff, 0xf3, 0x5f, 0xff,
    0x30, 0x0, 0x1f, 0xff, 0xff, 0x36, 0xff, 0xf4,
    0x0, 0x0, 0xff, 0xff, 0xf2, 0x5f, 0xff, 0x30,
    0x0, 0x0, 0x0, 0x0, 0x5, 0xff, 0xf3, 0x0,
    0x0, 0x0, 0x0, 0x0, 0x6f, 0xff, 0x40, 0x0,
    0x0, 0x0, 0x0, 0x5, 0xff, 0xf3, 0x0, 0x0,
    0x0, 0x0, 0x0, 0x4f, 0xff, 0x20, 0x0, 0x0,
    0x0, 0x0, 0x5, 0xff, 0xf3, 0x0, 0x0, 0x0,
    0x0, 0x0, 0x6f, 0xff, 0x40, 0x0, 0x0, 0x0,
    0x0, 0x4, 0xff, 0xf3,

    /* U+0072 "r" */
    0x6f, 0xff, 0xf0, 0x8f, 0xff, 0xff, 0xe0, 0x7,
    0xff, 0xff, 0x9, 0xff, 0xff, 0xff, 0x0, 0x6f,
    0xff, 0xf0, 0x8f, 0xff, 0xff, 0xf0, 0x2, 0x66,
    0xef, 0x6a, 0xe6, 0x69, 0xfe, 0x61, 0x0, 0xe,
    0xff, 0xff, 0x0, 0x5f, 0xff, 0x30, 0x0, 0xff,
    0xff, 0xf0, 0x6, 0xff, 0xf4, 0x0, 0xd, 0xff,
    0xfe, 0x0, 0x4f, 0xff, 0x30, 0x0, 0xef, 0xfa,
    0x0, 0x0, 0x0, 0x0, 0x0, 0xf, 0xff, 0xb0,
    0x0, 0x0, 0x0, 0x0, 0x0, 0xef, 0xfa, 0x0,
    0x0, 0x0, 0x0, 0x0, 0xd, 0xff, 0x90, 0x0,
    0x0, 0x0, 0x0, 0x0, 0xff, 0xfb, 0x0, 0x0,
    0x0, 0x0, 0x0, 0xe, 0xff, 0xa0, 0x0, 0x0,
    0x0, 0x2, 0x66, 0xef, 0xfc, 0x66, 0x0, 0x0,
    0x0, 0x7f, 0xff, 0xff, 0xff, 0xf3, 0x0, 0x0,
    0x7, 0xff, 0xff, 0xff, 0xff, 0x30, 0x0, 0x0,
    0x6f, 0xff, 0xff, 0xff, 0xf2, 0x0, 0x0, 0x0,

    /* U+0073 "s" */
    0x0, 0xef, 0xff, 0xff, 0xff, 0xf8, 0x0, 0xf,
    0xff, 0xff, 0xff, 0xff, 0x90, 0x0, 0xef, 0xff,
    0xff, 0xff, 0xf8, 0x3, 0x6e, 0xf6, 0x66, 0x66,
    0x66, 0x20, 0x9f, 0xff, 0x0, 0x0, 0x0, 0x0,
    0xa, 0xff, 0xf0, 0x0, 0x0, 0x0, 0x0, 0x8f,
    0xff, 0x0, 0x0, 0x0, 0x0, 0x0, 0xe, 0xff,
    0xff, 0xff, 0xfa, 0x0, 0x0, 0xff, 0xff, 0xff,
    0xff, 0xb0, 0x0, 0xd, 0xff, 0xff, 0xff, 0xfa,
    0x0, 0x0, 0x0, 0x0, 0x0, 0x2f, 0xff, 0x50,
    0x0, 0x0, 0x0, 0x3, 0xff, 0xf6, 0x0, 0x0,
    0x0, 0x0, 0x2f, 0xff, 0x50, 0x46, 0x66, 0x66,
    0x67, 0xfc, 0x61, 0xc, 0xff, 0xff, 0xff, 0xff,
    0xb0, 0x0, 0xcf, 0xff, 0xff, 0xff, 0xfb, 0x0,
    0xb, 0xff, 0xff, 0xff, 0xff, 0xa0, 0x0,

    /* U+0074 "t" */
    0x0, 0x0, 0xff, 0xf7, 0x0, 0x0, 0x0, 0x0,
    0x1f, 0xff, 0x80, 0x0, 0x0, 0x0, 0x1, 0xff,
    0xf8, 0x0, 0x0, 0x0, 0x0, 0xf, 0xff, 0x70,
    0x0, 0x0, 0x0, 0x1, 0xff, 0xf8, 0x0, 0x0,
    0x0, 0x0, 0x1f, 0xff, 0x80, 0x0, 0x0, 0x0,
    0x0, 0xff, 0xf7, 0x0, 0x0, 0x6, 0xff, 0xff,
    0xff, 0xff, 0xff, 0xf8, 0x7f, 0xff, 0xff, 0xff,
    0xff, 0xff, 0x96, 0xff, 0xff, 0xff, 0xff, 0xff,
    0xf8, 0x26, 0x66, 0xff, 0xfa, 0x66, 0x66, 0x20,
    0x0, 0x1f, 0xff, 0x80, 0x0, 0x0, 0x0, 0x1,
    0xff, 0xf8, 0x0, 0x0, 0x0, 0x0, 0xf, 0xff,
    0x70, 0x0, 0x0, 0x0, 0x0, 0xff, 0xf8, 0x0,
    0x0, 0x0, 0x0, 0x1f, 0xff, 0x80, 0x0, 0x0,
    0x0, 0x0, 0xff, 0xf7, 0x0, 0x0, 0x0, 0x0,
    0xf, 0xff, 0x70, 0x0, 0x0, 0x0, 0x1, 0xff,
    0xf8, 0x0, 0x0, 0x0, 0x0, 0x1f, 0xff, 0x80,
    0x0, 0x0, 0x0, 0x0, 0x9b, 0xfa, 0x66, 0x66,
    0x30, 0x0, 0x0, 0x6f, 0xff, 0xff, 0xf9, 0x0,
    0x0, 0x7, 0xff, 0xff, 0xff, 0x90, 0x0, 0x0,
    0x5f, 0xff, 0xff, 0xf8,

    /* U+0075 "u" */
    0x6f, 0xff, 0x10, 0x0, 0x0, 0x5f, 0xff, 0x37,
    0xff, 0xf3, 0x0, 0x0, 0x6, 0xff, 0xf4, 0x6f,
    0xff, 0x20, 0x0, 0x0, 0x5f, 0xff, 0x35, 0xff,
    0xf1, 0x0, 0x0, 0x4, 0xff, 0xf2, 0x7f, 0xff,
    0x20, 0x0, 0x0, 0x6f, 0xff, 0x47, 0xff, 0xf2,
    0x0, 0x0, 0x5, 0xff, 0xf3, 0x5f, 0xff, 0x10,
    0x0, 0x0, 0x4f, 0xff, 0x26, 0xff, 0xf2, 0x0,
    0x0, 0x5, 0xff, 0xf3, 0x7f, 0xff, 0x20, 0x0,
    0x0, 0x6f, 0xff, 0x46, 0xff, 0xf1, 0x0, 0x0,
    0x4, 0xff, 0xf3, 0x5f, 0xff, 0xc4, 0x0, 0x7,
    0xdf, 0xff, 0x27, 0xff, 0xff, 0x70, 0x0, 0xaf,
    0xff, 0xf4, 0x6f, 0xff, 0xf6, 0x0, 0x9, 0xff,
    0xff, 0x33, 0x9b, 0xff, 0x96, 0x66, 0x8b, 0xff,
    0xf2, 0x0, 0x5f, 0xff, 0xff, 0xfa, 0x5f, 0xff,
    0x30, 0x6, 0xff, 0xff, 0xff, 0xa6, 0xff, 0xf4,
    0x0, 0x4f, 0xff, 0xff, 0xf9, 0x5f, 0xff, 0x30,

    /* U+0076 "v" */
    0x6f, 0xff, 0x10, 0x0, 0x0, 0x5f, 0xff, 0x37,
    0xff, 0xf3, 0x0, 0x0, 0x6, 0xff, 0xf4, 0x6f,
    0xff, 0x20, 0x0, 0x0, 0x5f, 0xff, 0x32, 0x7f,
    0xfa, 0x30, 0x0, 0x5b, 0xff, 0x60, 0x3, 0xff,
    0xf6, 0x0, 0xa, 0xff, 0xf0, 0x0, 0x3f, 0xff,
    0x70, 0x0, 0xaf, 0xff, 0x0, 0x2, 0xff, 0xf5,
    0x0, 0x9, 0xff, 0xe0, 0x0, 0x0, 0xef, 0xfa,
    0xd, 0xff, 0xa0, 0x0, 0x0, 0xf, 0xff, 0xb0,
    0xef, 0xfb, 0x0, 0x0, 0x0, 0xdf, 0xfa, 0xd,
    0xff, 0xa0, 0x0, 0x0, 0x2, 0xff, 0xec, 0xff,
    0xd1, 0x0, 0x0, 0x0, 0x1f, 0xff, 0xff, 0xfe,
    0x0, 0x0, 0x0, 0x1, 0xff, 0xff, 0xff, 0xe0,
    0x0, 0x0, 0x0, 0xc, 0xdf, 0xff, 0xda, 0x0,
    0x0, 0x0, 0x0, 0x6, 0xff, 0xf3, 0x0, 0x0,
    0x0, 0x0, 0x0, 0x7f, 0xff, 0x30, 0x0, 0x0,
    0x0, 0x0, 0x5, 0xff, 0xf2, 0x0, 0x0, 0x0,

    /* U+0077 "w" */
    0x6f, 0xff, 0x10, 0xff, 0xb0, 0x5f, 0xff, 0x37,
    0xff, 0xf3, 0xf, 0xfc, 0x6, 0xff, 0xf4, 0x6f,
    0xff, 0x20, 0xff, 0xb0, 0x5f, 0xff, 0x35, 0xff,
    0xf1, 0xe, 0xfb, 0x4, 0xff, 0xf2, 0x7f, 0xff,
    0x20, 0xff, 0xc0, 0x5f, 0xff, 0x47, 0xff, 0xf3,
    0xf, 0xfc, 0x6, 0xff, 0xf4, 0x4d, 0xff, 0x10,
    0xef, 0xb0, 0x4f, 0xfc, 0x20, 0x2f, 0xf1, 0xcf,
    0xff, 0x95, 0xff, 0x0, 0x3, 0xff, 0x2d, 0xff,
    0xfa, 0x6f, 0xf0, 0x0, 0x2f, 0xf1, 0xcf, 0xff,
    0x94, 0xfe, 0x0, 0x1, 0xff, 0xcf, 0x53, 0x8e,
    0xdf, 0xe0, 0x0, 0x3f, 0xff, 0xf4, 0x7, 0xff,
    0xff, 0x0, 0x3, 0xff, 0xff, 0x40, 0x7f, 0xff,
    0xf0, 0x0, 0x1d, 0xff, 0xd2, 0x4, 0xef, 0xfb,
    0x0, 0x0, 0x5f, 0xf6, 0x0, 0x9, 0xff, 0x20,
    0x0, 0x6, 0xff, 0x70, 0x0, 0xaf, 0xf2, 0x0,
    0x0, 0x4f, 0xf6, 0x0, 0x9, 0xff, 0x10, 0x0,

    /* U+0078 "x" */
    0x8f, 0xff, 0x0, 0x0, 0x2f, 0xff, 0x5a, 0xff,
    0xf0, 0x0, 0x3, 0xff, 0xf6, 0x9f, 0xfe, 0x0,
    0x0, 0x2f, 0xff, 0x53, 0x6e, 0xff, 0xa0, 0x6f,
    0xff, 0x61, 0x0, 0xef, 0xfb, 0x7, 0xff, 0xf2,
    0x0, 0xf, 0xff, 0xb0, 0x7f, 0xff, 0x20, 0x0,
    0xdf, 0xfa, 0x6, 0xff, 0xf1, 0x0, 0x0, 0x3f,
    0xff, 0xff, 0x0, 0x0, 0x0, 0x4, 0xff, 0xff,
    0xf1, 0x0, 0x0, 0x0, 0x3f, 0xff, 0xff, 0x0,
    0x0, 0x0, 0xbd, 0xfb, 0x38, 0xfc, 0xc1, 0x0,
    0xf, 0xff, 0xb0, 0x7f, 0xff, 0x20, 0x0, 0xef,
    0xfa, 0x6, 0xff, 0xf2, 0x3, 0x6e, 0xf3, 0x10,
    0x15, 0xff, 0x62, 0x9f, 0xff, 0x0, 0x0, 0x3f,
    0xff, 0x6a, 0xff, 0xf0, 0x0, 0x3, 0xff, 0xf7,
    0x8f, 0xff, 0x0, 0x0, 0x2f, 0xff, 0x50,

    /* U+0079 "y" */
    0xdf, 0xfb, 0x0, 0x0, 0x0, 0x5f, 0xff, 0x3e,
    0xff, 0xc0, 0x0, 0x0, 0x6, 0xff, 0xf4, 0xdf,
    0xfb, 0x0, 0x0, 0x0, 0x5f, 0xff, 0x34, 0xbf,
    0xd9, 0x0, 0x0, 0x5b, 0xff, 0x60, 0x9, 0xff,
    0xf0, 0x0, 0xa, 0xff, 0xf0, 0x0, 0x9f, 0xff,
    0x0, 0x0, 0xaf, 0xff, 0x0, 0x6, 0xdf, 0xf3,
    0x0, 0x2a, 0xfe, 0xb0, 0x0, 0x5, 0xff, 0xf3,
    0xd, 0xff, 0xb0, 0x0, 0x0, 0x5f, 0xff, 0x40,
    0xef, 0xfb, 0x0, 0x0, 0x4, 0xff, 0xf3, 0xd,
    0xff, 0xa0, 0x0, 0x0, 0x8, 0xff, 0x38, 0xff,
    0xd1, 0x0, 0x0, 0x0, 0x8f, 0xf4, 0xbf, 0xfe,
    0x0, 0x0, 0x0, 0x7, 0xff, 0x4b, 0xff, 0xd0,
    0x0, 0x0, 0x0, 0x39, 0xe3, 0xaf, 0xc7, 0x0,
    0x0, 0x0, 0x0, 0xd, 0xff, 0xfa, 0x0, 0x0,
    0x0, 0x0, 0x0, 0xdf, 0xff, 0xa0, 0x0, 0x0,
    0x0, 0x0, 0xc, 0xff, 0xf9, 0x0, 0x0, 0x0,
    0x0, 0x0, 0xcf, 0xfb, 0x0, 0x0, 0x0, 0x0,
    0x0, 0xd, 0xff, 0xc0, 0x0, 0x0, 0x0, 0x0,
    0x0, 0xcf, 0xfc, 0x0, 0x0, 0x0, 0x0, 0x66,
    0x6d, 0xf9, 0x60, 0x0, 0x0, 0x0, 0x3f, 0xff,
    0xff, 0x10, 0x0, 0x0, 0x0, 0x3, 0xff, 0xff,
    0xf2, 0x0, 0x0, 0x0, 0x0, 0x2f, 0xff, 0xff,
    0x0, 0x0, 0x0, 0x0,

    /* U+007A "z" */
    0x8f, 0xff, 0xff, 0xff, 0xff, 0xff, 0x5a, 0xff,
    0xff, 0xff, 0xff, 0xff, 0xf6, 0x9f, 0xff, 0xff,
    0xff, 0xff, 0xff, 0x53, 0x66, 0x66, 0x66, 0xef,
    0xfc, 0x61, 0x0, 0x0, 0x0, 0xe, 0xff, 0xb0,
    0x0, 0x0, 0x0, 0x0, 0xef, 0xfb, 0x0, 0x0,
    0x0, 0x0, 0xd, 0xff, 0xa0, 0x0, 0x0, 0x3f,
    0xff, 0x50, 0x0, 0x0, 0x0, 0x4, 0xff, 0xf6,
    0x0, 0x0, 0x0, 0x0, 0x3f, 0xff, 0x40, 0x0,
    0x0, 0x6c, 0xcc, 0x33, 0x30, 0x0, 0x0, 0x9,
    0xff, 0xf0, 0x0, 0x0, 0x0, 0x0, 0x9f, 0xff,
    0x0, 0x0, 0x0, 0x0, 0x8, 0xff, 0xf6, 0x66,
    0x66, 0x66, 0x62, 0x9f, 0xff, 0xff, 0xff, 0xff,
    0xff, 0x6a, 0xff, 0xff, 0xff, 0xff, 0xff, 0xf7,
    0x8f, 0xff, 0xff, 0xff, 0xff, 0xff, 0x50,

    /* U+007B "{" */
    0x0, 0x0, 0xa, 0xff, 0xff, 0x80, 0x0, 0x0,
    0xbf, 0xff, 0xf9, 0x0, 0x0, 0xa, 0xff, 0xff,
    0x70, 0x0, 0x5f, 0xff, 0x20, 0x0, 0x0, 0x7,
    0xff, 0xf3, 0x0, 0x0, 0x0, 0x6f, 0xff, 0x30,
    0x0, 0x0, 0x5, 0xff, 0xf1, 0x0, 0x0, 0x0,
    0x6f, 0xff, 0x30, 0x0, 0x0, 0x7, 0xff, 0xf3,
    0x0, 0x0, 0x0, 0x5f, 0xff, 0x20, 0x0, 0x0,
    0x5, 0xff, 0xf2, 0x0, 0x0, 0x0, 0x6f, 0xff,
    0x30, 0x0, 0x0, 0x6, 0xff, 0xf2, 0x0, 0x4,
    0x66, 0x9f, 0xc9, 0x10, 0x0, 0xcf, 0xff, 0xf8,
    0x0, 0x0, 0xc, 0xff, 0xff, 0x80, 0x0, 0x0,
    0x9c, 0xcd, 0xf9, 0x30, 0x0, 0x0, 0x0, 0x6f,
    0xff, 0x20, 0x0, 0x0, 0x6, 0xff, 0xf3, 0x0,
    0x0, 0x0, 0x5f, 0xff, 0x20, 0x0, 0x0, 0x5,
    0xff, 0xf2, 0x0, 0x0, 0x0, 0x6f, 0xff, 0x30,
    0x0, 0x0, 0x6, 0xff, 0xf3, 0x0, 0x0, 0x0,
    0x5f, 0xff, 0x10, 0x0, 0x0, 0x6, 0xff, 0xf3,
    0x0, 0x0, 0x0, 0x7f, 0xff, 0x30, 0x0, 0x0,
    0x5, 0xff, 0xf2, 0x0, 0x0, 0x0, 0x0, 0xaf,
    0xff, 0xf8, 0x0, 0x0, 0xc, 0xff, 0xff, 0x90,
    0x0, 0x0, 0xbf, 0xff, 0xf8, 0x0, 0x0, 0x3,
    0x66, 0x66, 0x20,

    /* U+007C "|" */
    0x28, 0x88, 0x6, 0xff, 0xf3, 0x6f, 0xff, 0x35,
    0xff, 0xf1, 0x6f, 0xff, 0x27, 0xff, 0xf3, 0x6f,
    0xff, 0x35, 0xff, 0xf2, 0x6f, 0xff, 0x36, 0xff,
    0xf3, 0x5f, 0xff, 0x16, 0xff, 0xf3, 0x6f, 0xff,
    0x35, 0xff, 0xf2, 0x5f, 0xff, 0x27, 0xff, 0xf3,
    0x6f, 0xff, 0x25, 0xff, 0xf1, 0x6f, 0xff, 0x36,
    0xff, 0xf3, 0x5f, 0xff, 0x16, 0xff, 0xf2, 0x6f,
    0xff, 0x35, 0xff, 0xf2, 0x5f, 0xff, 0x26, 0xff,
    0xf3, 0x6f, 0xff, 0x35, 0xff, 0xf1, 0x6f, 0xff,
    0x36, 0xff, 0xf3, 0x5f, 0xff, 0x20,

    /* U+007D "}" */
    0xbf, 0xff, 0xf7, 0x0, 0x0, 0xc, 0xff, 0xff,
    0x80, 0x0, 0x0, 0xbf, 0xff, 0xf7, 0x0, 0x0,
    0x0, 0x0, 0x5f, 0xff, 0x20, 0x0, 0x0, 0x7,
    0xff, 0xf3, 0x0, 0x0, 0x0, 0x6f, 0xff, 0x30,
    0x0, 0x0, 0x5, 0xff, 0xf1, 0x0, 0x0, 0x0,
    0x6f, 0xff, 0x30, 0x0, 0x0, 0x7, 0xff, 0xf3,
    0x0, 0x0, 0x0, 0x5f, 0xff, 0x20, 0x0, 0x0,
    0x5, 0xff, 0xf2, 0x0, 0x0, 0x0, 0x6f, 0xff,
    0x30, 0x0, 0x0, 0x6, 0xff, 0xf2, 0x0, 0x0,
    0x0, 0x29, 0xdf, 0x76, 0x63, 0x0, 0x0, 0xb,
    0xff, 0xff, 0x90, 0x0, 0x0, 0xbf, 0xff, 0xf9,
    0x0, 0x0, 0x3b, 0xfd, 0xcc, 0x60, 0x0, 0x6f,
    0xff, 0x20, 0x0, 0x0, 0x6, 0xff, 0xf3, 0x0,
    0x0, 0x0, 0x5f, 0xff, 0x20, 0x0, 0x0, 0x5,
    0xff, 0xf2, 0x0, 0x0, 0x0, 0x6f, 0xff, 0x30,
    0x0, 0x0, 0x6, 0xff, 0xf3, 0x0, 0x0, 0x0,
    0x5f, 0xff, 0x10, 0x0, 0x0, 0x6, 0xff, 0xf3,
    0x0, 0x0, 0x0, 0x7f, 0xff, 0x30, 0x0, 0x0,
    0x5, 0xff, 0xf2, 0x0, 0xb, 0xff, 0xff, 0x70,
    0x0, 0x0, 0xcf, 0xff, 0xf8, 0x0, 0x0, 0xb,
    0xff, 0xff, 0x70, 0x0, 0x0, 0x46, 0x66, 0x62,
    0x0, 0x0, 0x0,

    /* U+007E "~" */
    0x0, 0xb, 0xcc, 0xc5, 0x0, 0x5, 0xcc, 0x20,
    0x0, 0xff, 0xff, 0x80, 0x0, 0x8f, 0xf4, 0x0,
    0xf, 0xff, 0xf8, 0x0, 0x8, 0xff, 0x40, 0x6,
    0xef, 0xff, 0xa4, 0x1, 0xaf, 0xf2, 0x2, 0xff,
    0xff, 0xff, 0xc0, 0x5f, 0xff, 0x30, 0x3f, 0xff,
    0xff, 0xfc, 0x6, 0xff, 0xf4, 0x2, 0xff, 0xff,
    0xff, 0xb0, 0x4f, 0xff, 0x24, 0xdf, 0xf1, 0xf,
    0xfe, 0xdd, 0xfe, 0x0, 0x7f, 0xff, 0x30, 0xff,
    0xff, 0xff, 0xf0, 0x7, 0xff, 0xf2, 0xf, 0xff,
    0xff, 0xff, 0x0, 0x5f, 0xfb, 0x0, 0x8d, 0xff,
    0xfd, 0x80, 0x7, 0xff, 0x50, 0x0, 0xbf, 0xff,
    0xb0, 0x0, 0x7f, 0xf5, 0x0, 0xb, 0xff, 0xfb,
    0x0, 0x5, 0xff, 0x40, 0x0, 0xaf, 0xff, 0xa0,
    0x0,

    /* U+00A0 " " */

    /* U+00A1 "¡" */
    0x5f, 0xff, 0x27, 0xff, 0xf3, 0x6f, 0xff, 0x32,
    0x66, 0x60, 0x0, 0x0, 0x0, 0x0, 0x0, 0x0,
    0x0, 0x5, 0xff, 0xf2, 0x7f, 0xff, 0x36, 0xff,
    0xf3, 0x5f, 0xff, 0x16, 0xff, 0xf3, 0x6f, 0xff,
    0x35, 0xff, 0xf1, 0x6f, 0xff, 0x26, 0xff, 0xf3,
    0x5f, 0xff, 0x25, 0xff, 0xf2, 0x6f, 0xff, 0x36,
    0xff, 0xf3, 0x5f, 0xff, 0x16, 0xff, 0xf3, 0x6f,
    0xff, 0x35, 0xff, 0xf2,

    /* U+00A2 "¢" */
    0x0, 0x0, 0x0, 0x11, 0x10, 0x0, 0x0, 0x0,
    0x0, 0x0, 0xf, 0xfc, 0x0, 0x0, 0x0, 0x0,
    0x0, 0x0, 0xff, 0xc0, 0x0, 0x0, 0x0, 0x0,
    0x0, 0xf, 0xfb, 0x0, 0x0, 0x0, 0x0, 0x0,
    0x0, 0xef, 0xb0, 0x0, 0x0, 0x0, 0x0, 0x0,
    0xf, 0xfc, 0x0, 0x0, 0x0, 0x0, 0x0, 0x0,
    0xff, 0xc0, 0x0, 0x0, 0x0, 0x4, 0x66, 0x6f,
    0xfd, 0x66, 0x63, 0x0, 0x0, 0xcf, 0xff, 0xff,
    0xff, 0xff, 0x90, 0x0, 0xc, 0xff, 0xff, 0xff,
    0xff, 0xf9, 0x0, 0x0, 0xbf, 0xff, 0xff, 0xff,
    0xff, 0x80, 0x6, 0xff, 0xf1, 0x0, 0x0, 0x5,
    0xff, 0xf3, 0x7f, 0xff, 0x30, 0x0, 0x0, 0x6f,
    0xff, 0x46, 0xff, 0xf2, 0x0, 0x0, 0x5, 0xff,
    0xf3, 0x5f, 0xff, 0x10, 0x0, 0x0, 0x16, 0x66,
    0x7, 0xff, 0xf2, 0x0, 0x0, 0x0, 0x0, 0x0,
    0x7f, 0xff, 0x30, 0x0, 0x0, 0x0, 0x0, 0x6,
    0xff, 0xf1, 0x0, 0x0, 0x0, 0x0, 0x0, 0x6f,
    0xff, 0x10, 0x0, 0x0, 0x5f, 0xff, 0x37, 0xff,
    0xf2, 0x0, 0x0, 0x6, 0xff, 0xf4, 0x5f, 0xff,
    0x10, 0x0, 0x0, 0x4f, 0xff, 0x20, 0xb, 0xff,
    0xff, 0xff, 0xff, 0xf8, 0x0, 0x0, 0xcf, 0xff,
    0xff, 0xff, 0xff, 0x90, 0x0, 0xb, 0xff, 0xff,
    0xff, 0xff, 0xf8, 0x0, 0x0, 0x46, 0x66, 0xff,
    0xd6, 0x66, 0x20, 0x0, 0x0, 0x0, 0xf, 0xfc,
    0x0, 0x0, 0x0, 0x0, 0x0, 0x0, 0xff, 0xc0,
    0x0, 0x0, 0x0, 0x0, 0x0, 0xe, 0xfb, 0x0,
    0x0, 0x0, 0x0, 0x0, 0x0, 0xff, 0xb0, 0x0,
    0x0, 0x0, 0x0, 0x0, 0xf, 0xfc, 0x0, 0x0,
    0x0, 0x0, 0x0, 0x0, 0xff, 0xb0, 0x0, 0x0,
    0x0, 0x0, 0x0, 0x5, 0x64, 0x0, 0x0, 0x0,

    /* U+00A3 "£" */
    0x0, 0x0, 0x3f, 0xff, 0xff, 0xfa, 0x0, 0x0,
    0x0, 0x4, 0xff, 0xff, 0xff, 0xc0, 0x0, 0x0,
    0x0, 0x4f, 0xff, 0xff, 0xfb, 0x0, 0x0, 0x0,
    0x58, 0xfc, 0x66, 0x69, 0xc6, 0x20, 0x0, 0xe,
    0xff, 0xb0, 0x0, 0x5f, 0xf6, 0x0, 0x0, 0xff,
    0xfb, 0x0, 0x6, 0xff, 0x70, 0x0, 0xe, 0xff,
    0xa0, 0x0, 0x4f, 0xf5, 0x0, 0x0, 0xef, 0xfa,
    0x0, 0x0, 0x0, 0x0, 0x0, 0xf, 0xff, 0xb0,
    0x0, 0x0, 0x0, 0x0, 0x0, 0xef, 0xfa, 0x0,
    0x0, 0x0, 0x0, 0x26, 0x6e, 0xff, 0xc6, 0x60,
    0x0, 0x0, 0x7, 0xff, 0xff, 0xff, 0xff, 0x30,
    0x0, 0x0, 0x7f, 0xff, 0xff, 0xff, 0xf3, 0x0,
    0x0, 0x6, 0xff, 0xff, 0xff, 0xff, 0x20, 0x0,
    0x0, 0x0, 0xe, 0xff, 0xa0, 0x0, 0x0, 0x0,
    0x0, 0x0, 0xff, 0xfb, 0x0, 0x0, 0x0, 0x0,
    0x0, 0xd, 0xff, 0x90, 0x0, 0x0, 0x0, 0x0,
    0x0, 0xef, 0xfa, 0x0, 0x0, 0x7f, 0xf3, 0x0,
    0xf, 0xff, 0xb0, 0x0, 0x8, 0xff, 0x40, 0x0,
    0xef, 0xfa, 0x0, 0x0, 0x8f, 0xf3, 0x26, 0x6e,
    0xf6, 0x66, 0x66, 0x6a, 0xf9, 0x7, 0xff, 0xff,
    0x9, 0xff, 0xff, 0xff, 0x60, 0x7f, 0xff, 0xf0,
    0x9f, 0xff, 0xff, 0xf6, 0x6, 0xff, 0xff, 0x8,
    0xff, 0xff, 0xff, 0x50,

    /* U+00A4 "¤" */
    0x6f, 0xf4, 0xc, 0xff, 0xf9, 0x7, 0xff, 0x37,
    0xff, 0x50, 0xdf, 0xff, 0xa0, 0x8f, 0xf4, 0x6f,
    0xf4, 0xc, 0xff, 0xf9, 0x8, 0xff, 0x32, 0x6c,
    0x86, 0xb6, 0x66, 0xb6, 0xaa, 0x60, 0x0, 0xcf,
    0xfd, 0x0, 0xf, 0xff, 0x90, 0x0, 0xc, 0xff,
    0xd0, 0x1, 0xff, 0xf9, 0x0, 0x0, 0xbf, 0xfc,
    0x0, 0xf, 0xff, 0x80, 0x6, 0xff, 0xf1, 0x0,
    0x0, 0x5, 0xff, 0xf3, 0x7f, 0xff, 0x20, 0x0,
    0x0, 0x6f, 0xff, 0x45, 0xff, 0xf1, 0x0, 0x0,
    0x4, 0xff, 0xf2, 0x0, 0xbf, 0xfc, 0x0, 0xf,
    0xff, 0x80, 0x0, 0xc, 0xff, 0xd0, 0x1, 0xff,
    0xf9, 0x0, 0x0, 0xbf, 0xfd, 0x0, 0xf, 0xff,
    0x80, 0x2, 0x6c, 0x86, 0xb6, 0x66, 0xb6, 0xaa,
    0x61, 0x7f, 0xf5, 0xd, 0xff, 0xfa, 0x8, 0xff,
    0x37, 0xff, 0x50, 0xdf, 0xff, 0xa0, 0x8f, 0xf4,
    0x6f, 0xf4, 0xc, 0xff, 0xf9, 0x7, 0xff, 0x30,

    /* U+00A5 "¥" */
    0x6f, 0xff, 0xf0, 0x0, 0x2, 0xff, 0xff, 0x37,
    0xff, 0xff, 0x0, 0x0, 0x3f, 0xff, 0xf4, 0x7f,
    0xff, 0xf0, 0x0, 0x3, 0xff, 0xff, 0x32, 0xbf,
    0xfe, 0x0, 0x0, 0x1f, 0xff, 0x90, 0x9, 0xff,
    0xf0, 0x0, 0x3, 0xff, 0xf6, 0x0, 0xaf, 0xff,
    0x0, 0x0, 0x3f, 0xff, 0x60, 0x8, 0xff, 0xf0,
    0x0, 0x2, 0xff, 0xf5, 0x0, 0x0, 0xef, 0xfa,
    0xd, 0xff, 0xa0, 0x0, 0x0, 0xf, 0xff, 0xb0,
    0xef, 0xfb, 0x0, 0x0, 0x0, 0xef, 0xfa, 0xd,
    0xff, 0xa0, 0x0, 0x5, 0x9e, 0xff, 0xd9, 0xef,
    0xfd, 0x93, 0x0, 0x9f, 0xff, 0xff, 0xff, 0xff,
    0xff, 0x60, 0x9, 0xff, 0xff, 0xff, 0xff, 0xff,
    0xf6, 0x0, 0x6c, 0xcc, 0xdf, 0xff, 0xdc, 0xcc,
    0x40, 0x0, 0x0, 0x6, 0xff, 0xf3, 0x0, 0x0,
    0x0, 0x0, 0x0, 0x6f, 0xff, 0x30, 0x0, 0x0,
    0x0, 0x0, 0x5, 0xff, 0xf2, 0x0, 0x0, 0x0,
    0x8f, 0xff, 0xff, 0xff, 0xff, 0xff, 0x50, 0xa,
    0xff, 0xff, 0xff, 0xff, 0xff, 0xf6, 0x0, 0x9f,
    0xff, 0xff, 0xff, 0xff, 0xff, 0x50, 0x3, 0x66,
    0x69, 0xff, 0xf7, 0x66, 0x61, 0x0, 0x0, 0x0,
    0x6f, 0xff, 0x30, 0x0, 0x0, 0x0, 0x0, 0x7,
    0xff, 0xf3, 0x0, 0x0, 0x0, 0x0, 0x0, 0x5f,
    0xff, 0x20, 0x0, 0x0,

    /* U+00A6 "¦" */
    0x39, 0x99, 0x16, 0xff, 0xf3, 0x6f, 0xff, 0x35,
    0xff, 0xf1, 0x6f, 0xff, 0x27, 0xff, 0xf3, 0x6f,
    0xff, 0x25, 0xff, 0xf2, 0x6f, 0xff, 0x36, 0xff,
    0xf3, 0x5f, 0xff, 0x16, 0xff, 0xf3, 0x6f, 0xff,
    0x35, 0xff, 0xf2, 0x0, 0x0, 0x0, 0x0, 0x0,
    0x0, 0x0, 0x3, 0x99, 0x91, 0x6f, 0xff, 0x36,
    0xff, 0xf3, 0x5f, 0xff, 0x16, 0xff, 0xf2, 0x6f,
    0xff, 0x35, 0xff, 0xf2, 0x5f, 0xff, 0x26, 0xff,
    0xf3, 0x6f, 0xff, 0x35, 0xff, 0xf1, 0x6f, 0xff,
    0x36, 0xff, 0xf3, 0x5f, 0xff, 0x20,

    /* U+00A7 "§" */
    0x0, 0xef, 0xff, 0xff, 0xff, 0xff, 0x0, 0xf,
    0xff, 0xff, 0xff, 0xff, 0xf0, 0x0, 0xef, 0xff,
    0xff, 0xff, 0xff, 0x3, 0x6e, 0xf6, 0x66, 0x66,
    0x66, 0x50, 0x9f, 0xff, 0x0, 0x0, 0x0, 0x0,
    0xa, 0xff, 0xf0, 0x0, 0x0, 0x0, 0x0, 0x8f,
    0xff, 0x0, 0x0, 0x0, 0x0, 0x0, 0xe, 0xff,
    0xff, 0xff, 0x0, 0x0, 0x0, 0xff, 0xff, 0xff,
    0xf1, 0x0, 0x0, 0xe, 0xff, 0xff, 0xff, 0x0,
    0x0, 0x6, 0xeb, 0x66, 0x6a, 0xf6, 0x65, 0x3,
    0xff, 0x90, 0x0, 0x7f, 0xff, 0xf0, 0x3f, 0xf9,
    0x0, 0x8, 0xff, 0xff, 0x2, 0xff, 0x80, 0x0,
    0x6f, 0xff, 0xf0, 0x2f, 0xff, 0xf3, 0x0, 0xb,
    0xff, 0x3, 0xff, 0xff, 0x40, 0x0, 0xcf, 0xf0,
    0x1f, 0xff, 0xf3, 0x0, 0xb, 0xfe, 0x0, 0x0,
    0x3f, 0xff, 0xff, 0xfa, 0x0, 0x0, 0x4, 0xff,
    0xff, 0xff, 0xb0, 0x0, 0x0, 0x3f, 0xff, 0xff,
    0xfb, 0x0, 0x0, 0x0, 0x66, 0x66, 0x7f, 0xc6,
    0x20, 0x0, 0x0, 0x0, 0x3, 0xff, 0xf6, 0x0,
    0x0, 0x0, 0x0, 0x3f, 0xff, 0x70, 0x0, 0x0,
    0x0, 0x2, 0xff, 0xf5, 0x2f, 0xff, 0xff, 0xff,
    0xff, 0xa0, 0x3, 0xff, 0xff, 0xff, 0xff, 0xfb,
    0x0, 0x2f, 0xff, 0xff, 0xff, 0xff, 0xa0, 0x0,
    0x66, 0x66, 0x66, 0x66, 0x63, 0x0,

    /* U+00A8 "¨" */
    0x46, 0x64, 0x0, 0x5, 0x66, 0x2c, 0xff, 0xd0,
    0x0, 0xff, 0xf9, 0xcf, 0xfe, 0x0, 0x1f, 0xff,
    0x9b, 0xff, 0xc0, 0x0, 0xff, 0xf8,

    /* U+00A9 "©" */
    0x0, 0x0, 0x66, 0x66, 0x66, 0x50, 0x0, 0x0,
    0x0, 0x1f, 0xff, 0xff, 0xfe, 0x0, 0x0, 0x0,
    0x1, 0xff, 0xff, 0xff, 0xe0, 0x0, 0x0, 0x6,
    0x6a, 0x99, 0x99, 0x99, 0x65, 0x0, 0x3, 0xff,
    0x20, 0x0, 0x0, 0x5f, 0xf0, 0x0, 0x3f, 0xf3,
    0x0, 0x0, 0x6, 0xff, 0x0, 0x2, 0xff, 0x10,
    0x0, 0x0, 0x5f, 0xf0, 0x6, 0xfd, 0x0, 0xcf,
    0xff, 0x90, 0xf, 0xf3, 0x7f, 0xe0, 0xd, 0xff,
    0xfa, 0x2, 0xff, 0x47, 0xfe, 0x0, 0xdf, 0xff,
    0xa0, 0x1f, 0xf4, 0x5f, 0xd0, 0x1c, 0xe6, 0x63,
    0x0, 0xff, 0x26, 0xfe, 0x7, 0xfe, 0x0, 0x0,
    0x1f, 0xf3, 0x7f, 0xe0, 0x7f, 0xe0, 0x0, 0x1,
    0xff, 0x45, 0xfd, 0x6, 0xfd, 0x0, 0x0, 0xf,
    0xf2, 0x6f, 0xd0, 0x6f, 0xd0, 0x0, 0x0, 0xff,
    0x37, 0xff, 0x7, 0xfe, 0x0, 0x0, 0x2f, 0xf4,
    0x6f, 0xe0, 0x7f, 0xe0, 0x0, 0x1, 0xff, 0x35,
    0xfd, 0x6, 0xfd, 0x0, 0x0, 0xf, 0xf2, 0x7f,
    0xe0, 0x7f, 0xe0, 0x0, 0x1, 0xff, 0x46, 0xfe,
    0x7, 0xfe, 0x0, 0x0, 0x1f, 0xf3, 0x5f, 0xd0,
    0x3e, 0xe6, 0x63, 0x0, 0xff, 0x27, 0xfe, 0x0,
    0xdf, 0xff, 0xa0, 0x1f, 0xf3, 0x7f, 0xe0, 0xd,
    0xff, 0xfa, 0x1, 0xff, 0x45, 0xfd, 0x0, 0xcf,
    0xff, 0x80, 0xf, 0xf2, 0x2, 0xff, 0x10, 0x0,
    0x0, 0x5f, 0xf0, 0x0, 0x3f, 0xf3, 0x0, 0x0,
    0x6, 0xff, 0x0, 0x3, 0xff, 0x20, 0x0, 0x0,
    0x5f, 0xf0, 0x0, 0x6, 0x66, 0x66, 0x66, 0x66,
    0x65, 0x0, 0x0, 0x1, 0xff, 0xff, 0xff, 0xe0,
    0x0, 0x0, 0x0, 0x1f, 0xff, 0xff, 0xfe, 0x0,
    0x0, 0x0, 0x0, 0xff, 0xff, 0xff, 0xc0, 0x0,
    0x0,

    /* U+00AA "ª" */
    0x0, 0x5, 0x55, 0x55, 0x40, 0x0, 0x3, 0xff,
    0xff, 0xfe, 0x0, 0x0, 0x4f, 0xff, 0xff, 0xe0,
    0x0, 0x2, 0xdd, 0xdd, 0xed, 0x20, 0x0, 0x0,
    0x0, 0x9, 0xff, 0x10, 0x0, 0x0, 0x0, 0xaf,
    0xf2, 0x0, 0x0, 0x0, 0x8, 0xff, 0x10, 0xf,
    0xff, 0xff, 0xff, 0xf1, 0x1, 0xff, 0xff, 0xff,
    0xff, 0x20, 0x1f, 0xff, 0xff, 0xff, 0xf2, 0x15,
    0xf9, 0x55, 0x5b, 0xff, 0x5, 0xff, 0x60, 0x0,
    0xaf, 0xf2, 0x5f, 0xf7, 0x0, 0xa, 0xff, 0x24,
    0xff, 0x50, 0x0, 0x9f, 0xf1, 0x0, 0xff, 0xff,
    0xff, 0xff, 0x10, 0x1f, 0xff, 0xff, 0xff, 0xf2,
    0x0, 0xff, 0xff, 0xff, 0xff, 0x10, 0x5, 0x55,
    0x55, 0x55, 0x50, 0x0, 0x0, 0x0, 0x0, 0x0,
    0x0, 0x0, 0x0, 0x0, 0x0, 0x0, 0x15, 0x55,
    0x55, 0x55, 0x55, 0x5, 0xff, 0xff, 0xff, 0xff,
    0xf2, 0x5f, 0xff, 0xff, 0xff, 0xff, 0x24, 0xff,
    0xff, 0xff, 0xff, 0xf1,

    /* U+00AB "«" */
    0x0, 0x0, 0xff, 0xa0, 0x0, 0x7, 0xff, 0x30,
    0x0, 0x1f, 0xfb, 0x0, 0x0, 0x8f, 0xf4, 0x0,
    0x0, 0xff, 0xa0, 0x0, 0x8, 0xff, 0x30, 0x4,
    0x6f, 0x63, 0x0, 0x6, 0xaa, 0x60, 0x0, 0xcf,
    0xf0, 0x0, 0x3, 0xff, 0x90, 0x0, 0xc, 0xff,
    0x0, 0x0, 0x3f, 0xf9, 0x0, 0x0, 0xbf, 0xf0,
    0x0, 0x2, 0xff, 0x80, 0x6, 0xff, 0x40, 0x0,
    0xd, 0xfd, 0x0, 0x0, 0x7f, 0xf5, 0x0, 0x0,
    0xef, 0xe0, 0x0, 0x5, 0xff, 0x40, 0x0, 0xd,
    0xfd, 0x0, 0x0, 0x0, 0xbf, 0xf0, 0x0, 0x2,
    0xff, 0x80, 0x0, 0xc, 0xff, 0x0, 0x0, 0x3f,
    0xf9, 0x0, 0x0, 0xbf, 0xf0, 0x0, 0x2, 0xff,
    0x80, 0x0, 0x4, 0x6e, 0x63, 0x0, 0x6, 0xaa,
    0x61, 0x0, 0x1, 0xff, 0xb0, 0x0, 0x8, 0xff,
    0x30, 0x0, 0x1f, 0xfb, 0x0, 0x0, 0x8f, 0xf4,
    0x0, 0x0, 0xff, 0xa0, 0x0, 0x7, 0xff, 0x30,

    /* U+00AC "¬" */
    0x26, 0x66, 0x66, 0x66, 0x66, 0x66, 0x66, 0x17,
    0xff, 0xff, 0xff, 0xff, 0xff, 0xff, 0xf3, 0x7f,
    0xff, 0xff, 0xff, 0xff, 0xff, 0xff, 0x46, 0xff,
    0xff, 0xff, 0xff, 0xff, 0xff, 0xf3, 0x0, 0x0,
    0x0, 0x0, 0x0, 0x5f, 0xff, 0x30, 0x0, 0x0,
    0x0, 0x0, 0x6, 0xff, 0xf4, 0x0, 0x0, 0x0,
    0x0, 0x0, 0x5f, 0xff, 0x30, 0x0, 0x0, 0x0,
    0x0, 0x4, 0xff, 0xf2, 0x0, 0x0, 0x0, 0x0,
    0x0, 0x5f, 0xff, 0x30, 0x0, 0x0, 0x0, 0x0,
    0x6, 0xff, 0xf4, 0x0, 0x0, 0x0, 0x0, 0x0,
    0x5f, 0xff, 0x30,

    /* U+00AD "­" */
    0x56, 0x66, 0x66, 0x66, 0x4e, 0xff, 0xff, 0xff,
    0xfb, 0xff, 0xff, 0xff, 0xff, 0xce, 0xff, 0xff,
    0xff, 0xfa,

    /* U+00AE "®" */
    0x0, 0x0, 0x66, 0x66, 0x66, 0x50, 0x0, 0x0,
    0x0, 0x1f, 0xff, 0xff, 0xfe, 0x0, 0x0, 0x0,
    0x1, 0xff, 0xff, 0xff, 0xe0, 0x0, 0x0, 0x6,
    0x6a, 0x99, 0x99, 0x99, 0x65, 0x0, 0x3, 0xff,
    0x20, 0x0, 0x0, 0x5f, 0xf0, 0x0, 0x3f, 0xf3,
    0x0, 0x0, 0x6, 0xff, 0x0, 0x2, 0xff, 0x10,
    0x0, 0x0, 0x5f, 0xf0, 0x6, 0xfd, 0x6, 0xff,
    0xff, 0x0, 0xf, 0xf3, 0x7f, 0xf0, 0x7f, 0xff,
    0xf0, 0x2, 0xff, 0x47, 0xfe, 0x7, 0xff, 0xff,
    0x0, 0x1f, 0xf3, 0x5f, 0xd0, 0x5f, 0xe6, 0xf6,
    0x0, 0xff, 0x27, 0xfe, 0x7, 0xfe, 0x1f, 0xf4,
    0x1f, 0xf3, 0x7f, 0xe0, 0x7f, 0xe1, 0xff, 0x41,
    0xff, 0x45, 0xfd, 0x6, 0xfd, 0xf, 0xf2, 0xf,
    0xf2, 0x6f, 0xd0, 0x6f, 0xff, 0xf0, 0x0, 0xff,
    0x37, 0xff, 0x7, 0xff, 0xff, 0x0, 0x2f, 0xf4,
    0x6f, 0xe0, 0x7f, 0xff, 0xf0, 0x1, 0xff, 0x35,
    0xfd, 0x6, 0xfd, 0x3f, 0xc2, 0xf, 0xf2, 0x7f,
    0xe0, 0x7f, 0xe1, 0xff, 0x41, 0xff, 0x46, 0xfe,
    0x7, 0xfe, 0x1f, 0xf3, 0x1f, 0xf3, 0x5f, 0xc0,
    0x5f, 0xc0, 0xff, 0x20, 0xff, 0x27, 0xfe, 0x7,
    0xfe, 0x1f, 0xf4, 0x1f, 0xf3, 0x7f, 0xe0, 0x7f,
    0xe1, 0xff, 0x41, 0xff, 0x45, 0xfd, 0x6, 0xfd,
    0xf, 0xf2, 0xf, 0xf2, 0x2, 0xff, 0x10, 0x0,
    0x0, 0x5f, 0xf0, 0x0, 0x3f, 0xf3, 0x0, 0x0,
    0x6, 0xff, 0x0, 0x3, 0xff, 0x20, 0x0, 0x0,
    0x5f, 0xf0, 0x0, 0x6, 0x66, 0x66, 0x66, 0x66,
    0x65, 0x0, 0x0, 0x1, 0xff, 0xff, 0xff, 0xe0,
    0x0, 0x0, 0x0, 0x1f, 0xff, 0xff, 0xfe, 0x0,
    0x0, 0x0, 0x0, 0xff, 0xff, 0xff, 0xc0, 0x0,
    0x0,

    /* U+00AF "¯" */
    0x46, 0x66, 0x66, 0x66, 0x66, 0x2c, 0xff, 0xff,
    0xff, 0xff, 0xf9, 0xcf, 0xff, 0xff, 0xff, 0xff,
    0x9b, 0xff, 0xff, 0xff, 0xff, 0xf8,

    /* U+00B0 "°" */
    0x0, 0x66, 0x66, 0x66, 0x50, 0x0, 0x1f, 0xff,
    0xff, 0xfe, 0x0, 0x1, 0xff, 0xff, 0xff, 0xe0,
    0x0, 0xf, 0xff, 0xff, 0xfc, 0x0, 0x4f, 0xf6,
    0x0, 0x9, 0xff, 0x16, 0xff, 0x70, 0x0, 0xaf,
    0xf2, 0x4f, 0xf6, 0x0, 0x9, 0xff, 0x14, 0xff,
    0x50, 0x0, 0x8f, 0xf0, 0x5f, 0xf7, 0x0, 0xa,
    0xff, 0x25, 0xff, 0x60, 0x0, 0x9f, 0xf2, 0x29,
    0xf9, 0x66, 0x6b, 0xe9, 0x0, 0x1f, 0xff, 0xff,
    0xfe, 0x0, 0x1, 0xff, 0xff, 0xff, 0xe0, 0x0,
    0xf, 0xff, 0xff, 0xfc, 0x0,

    /* U+00B1 "±" */
    0x0, 0x0, 0x5f, 0xff, 0x20, 0x0, 0x0, 0x0,
    0x7, 0xff, 0xf3, 0x0, 0x0, 0x0, 0x0, 0x6f,
    0xff, 0x30, 0x0, 0x0, 0x0, 0x5, 0xff, 0xf1,
    0x0, 0x0, 0x0, 0x0, 0x6f, 0xff, 0x30, 0x0,
    0x0, 0x0, 0x7, 0xff, 0xf3, 0x0, 0x0, 0x0,
    0x0, 0x5f, 0xff, 0x20, 0x0, 0x8, 0xff, 0xff,
    0xff, 0xff, 0xff, 0xf5, 0xaf, 0xff, 0xff, 0xff,
    0xff, 0xff, 0x69, 0xff, 0xff, 0xff, 0xff, 0xff,
    0xf5, 0x36, 0x66, 0x9f, 0xff, 0x76, 0x66, 0x10,
    0x0, 0x6, 0xff, 0xf3, 0x0, 0x0, 0x0, 0x0,
    0x6f, 0xff, 0x30, 0x0, 0x0, 0x0, 0x5, 0xff,
    0xf1, 0x0, 0x0, 0x0, 0x0, 0x6f, 0xff, 0x30,
    0x0, 0x0, 0x0, 0x6, 0xff, 0xf3, 0x0, 0x0,
    0x0, 0x0, 0x5f, 0xff, 0x20, 0x0, 0x0, 0x0,
    0x0, 0x0, 0x0, 0x0, 0x0, 0x0, 0x0, 0x0,
    0x0, 0x0, 0x0, 0x0, 0x0, 0x0, 0x0, 0x0,
    0x0, 0x0, 0x36, 0x66, 0x66, 0x66, 0x66, 0x66,
    0x29, 0xff, 0xff, 0xff, 0xff, 0xff, 0xf6, 0xaf,
    0xff, 0xff, 0xff, 0xff, 0xff, 0x78, 0xff, 0xff,
    0xff, 0xff, 0xff, 0xf5,

    /* U+00B2 "²" */
    0xf, 0xff, 0xff, 0x90, 0x1f, 0xff, 0xff, 0xa0,
    0xf, 0xff, 0xff, 0xa0, 0x5, 0x55, 0x5e, 0xb4,
    0x0, 0x0, 0xe, 0xfe, 0x0, 0x0, 0xe, 0xfe,
    0x0, 0x0, 0x2d, 0xea, 0x0, 0x1, 0xff, 0x90,
    0x0, 0x2, 0xff, 0xa0, 0x0, 0x2, 0xff, 0x90,
    0x0, 0x4c, 0xf7, 0x10, 0x0, 0x6f, 0xf6, 0x0,
    0x0, 0x6f, 0xf5, 0x0, 0x5, 0x8f, 0xf8, 0x54,
    0x1f, 0xff, 0xff, 0xfe, 0x1f, 0xff, 0xff, 0xfe,
    0xf, 0xff, 0xff, 0xfc,

    /* U+00B3 "³" */
    0xf, 0xff, 0xff, 0x90, 0x1f, 0xff, 0xff, 0xa0,
    0xf, 0xff, 0xff, 0xa0, 0x5, 0x55, 0x5e, 0xb4,
    0x0, 0x0, 0xe, 0xfe, 0x0, 0x0, 0xe, 0xfe,
    0x0, 0x0, 0xd, 0xfc, 0x0, 0xcf, 0xff, 0x90,
    0x0, 0xdf, 0xff, 0xa0, 0x0, 0xcf, 0xff, 0x80,
    0x0, 0x0, 0xd, 0xfd, 0x0, 0x0, 0xe, 0xfe,
    0x0, 0x0, 0xe, 0xfd, 0x5, 0x55, 0x5e, 0xb4,
    0x1f, 0xff, 0xff, 0xa0, 0x1f, 0xff, 0xff, 0xa0,
    0xf, 0xff, 0xff, 0x90,

    /* U+00B4 "´" */
    0x0, 0xaf, 0xfd, 0x0, 0xcf, 0xfe, 0x0, 0xbf,
    0xfd, 0x16, 0xcf, 0x75, 0x6f, 0xff, 0x30, 0x7f,
    0xff, 0x30, 0x5f, 0xff, 0x20,

    /* U+00B5 "µ" */
    0x0, 0x0, 0xe, 0xff, 0xa0, 0x0, 0x5f, 0xff,
    0x30, 0x0, 0x0, 0xff, 0xfb, 0x0, 0x6, 0xff,
    0xf4, 0x0, 0x0, 0xe, 0xff, 0xa0, 0x0, 0x5f,
    0xff, 0x30, 0x0, 0x0, 0xdf, 0xf9, 0x0, 0x4,
    0xff, 0xf2, 0x0, 0x0, 0xe, 0xff, 0xb0, 0x0,
    0x5f, 0xff, 0x40, 0x0, 0x0, 0xff, 0xfb, 0x0,
    0x6, 0xff, 0xf4, 0x0, 0x0, 0xd, 0xfd, 0x80,
    0x0, 0x4f, 0xfc, 0x20, 0x0, 0x2f, 0xff, 0x60,
    0x0, 0x9f, 0xff, 0x0, 0x0, 0x3, 0xff, 0xf7,
    0x0, 0xa, 0xff, 0xf0, 0x0, 0x0, 0x2f, 0xff,
    0x50, 0x0, 0x9f, 0xfe, 0x0, 0x0, 0x1, 0xff,
    0xf5, 0x0, 0x8, 0xff, 0xe0, 0x0, 0x0, 0x3f,
    0xff, 0x70, 0x0, 0xaf, 0xff, 0x0, 0x0, 0x2,
    0xff, 0xf6, 0x0, 0x9, 0xff, 0xf0, 0x0, 0x2,
    0x7f, 0xf9, 0x76, 0x66, 0x8b, 0xfe, 0x61, 0x0,
    0x7f, 0xff, 0x2d, 0xff, 0xfa, 0x5f, 0xff, 0x30,
    0x7, 0xff, 0xf3, 0xdf, 0xff, 0xa6, 0xff, 0xf4,
    0x0, 0x6f, 0xff, 0x1c, 0xff, 0xf9, 0x5f, 0xff,
    0x30, 0x6, 0xff, 0xf1, 0x0, 0x0, 0x0, 0x0,
    0x0, 0x0, 0x7f, 0xff, 0x20, 0x0, 0x0, 0x0,
    0x0, 0x0, 0x6, 0xff, 0xf2, 0x0, 0x0, 0x0,
    0x0, 0x0, 0x6, 0x9f, 0xc9, 0x0, 0x0, 0x0,
    0x0, 0x0, 0x2, 0xff, 0xf7, 0x0, 0x0, 0x0,
    0x0, 0x0, 0x0, 0x2f, 0xff, 0x80, 0x0, 0x0,
    0x0, 0x0, 0x0, 0x1, 0xff, 0xf7, 0x0, 0x0,
    0x0, 0x0, 0x0, 0x0,

    /* U+00B6 "¶" */
    0x0, 0x0, 0x66, 0x66, 0x66, 0x66, 0x66, 0x10,
    0x0, 0x1f, 0xff, 0xff, 0xff, 0xff, 0xf3, 0x0,
    0x1, 0xff, 0xff, 0xff, 0xff, 0xff, 0x40, 0x0,
    0xf, 0xff, 0xff, 0xff, 0xff, 0xf2, 0x0, 0xbf,
    0xff, 0xf7, 0x2, 0xff, 0x80, 0x0, 0xc, 0xff,
    0xff, 0x80, 0x3f, 0xf9, 0x0, 0x0, 0xcf, 0xff,
    0xf8, 0x3, 0xff, 0x80, 0x4, 0xce, 0xff, 0xff,
    0x70, 0x2f, 0xf7, 0x0, 0x7f, 0xff, 0xff, 0xf8,
    0x3, 0xff, 0x90, 0x6, 0xff, 0xff, 0xff, 0x80,
    0x3f, 0xf8, 0x0, 0x5f, 0xff, 0xff, 0xf6, 0x1,
    0xff, 0x70, 0x7, 0xff, 0xff, 0xff, 0x80, 0x3f,
    0xf9, 0x0, 0x7f, 0xff, 0xff, 0xf8, 0x3, 0xff,
    0x90, 0x5, 0xff, 0xff, 0xff, 0x70, 0x2f, 0xf7,
    0x0, 0x0, 0xbf, 0xff, 0xf7, 0x2, 0xff, 0x80,
    0x0, 0xc, 0xff, 0xff, 0x80, 0x3f, 0xf9, 0x0,
    0x0, 0xcf, 0xff, 0xf8, 0x3, 0xff, 0x90, 0x0,
    0x6, 0x9f, 0xff, 0x70, 0x1f, 0xf7, 0x0, 0x0,
    0x1, 0xff, 0xf8, 0x3, 0xff, 0x90, 0x0, 0x0,
    0x1f, 0xff, 0x80, 0x3f, 0xf9, 0x0, 0x0, 0x0,
    0xff, 0xf7, 0x2, 0xff, 0x70, 0x0, 0x0, 0x3,
    0xff, 0x70, 0x2f, 0xf8, 0x0, 0x0, 0x0, 0x4f,
    0xf8, 0x3, 0xff, 0x90, 0x0, 0x0, 0x3, 0xff,
    0x70, 0x2f, 0xf8, 0x0, 0x0, 0x0, 0x2f, 0xf7,
    0x1, 0xff, 0x70, 0x0, 0x0, 0x4, 0xff, 0x80,
    0x3f, 0xf9, 0x0, 0x0, 0x0, 0x3f, 0xf8, 0x3,
    0xff, 0x80, 0x0, 0x0, 0x2, 0xff, 0x60, 0x1f,
    0xf7, 0x0, 0x0, 0x0, 0x3f, 0xf8, 0x3, 0xff,
    0x80, 0x0, 0x0, 0x4, 0xff, 0x80, 0x3f, 0xf9,
    0x0, 0x0, 0x0, 0x2f, 0xf7, 0x2, 0xff, 0x70,
    0x0, 0x0, 0x0, 0x11, 0x0, 0x1, 0x10, 0x0,

    /* U+00B7 "·" */
    0xad, 0xdd, 0x7d, 0xff, 0xfa, 0xdf, 0xff, 0xab,
    0xff, 0xf8, 0xdf, 0xff, 0xad, 0xff, 0xfa, 0xcf,
    0xff, 0x80,

    /* U+00B8 "¸" */
    0x0, 0xaf, 0xf0, 0x0, 0xbf, 0xf1, 0x0, 0xbf,
    0xf0, 0x46, 0xcd, 0x60, 0xdf, 0xfc, 0x0, 0xdf,
    0xfc, 0x0, 0xcf, 0xfb, 0x0,

    /* U+00B9 "¹" */
    0x0, 0xff, 0xb0, 0xf, 0xfc, 0x0, 0xff, 0xc3,
    0x5f, 0xfb, 0xaf, 0xff, 0xca, 0xff, 0xfc, 0x9f,
    0xff, 0xb0, 0xf, 0xfb, 0x0, 0xff, 0xc0, 0xf,
    0xfb, 0x0, 0xef, 0xb0, 0xf, 0xfc, 0x0, 0xff,
    0xc0, 0xe, 0xfb, 0x0, 0xff, 0xc0, 0xf, 0xfc,
    0x0, 0xef, 0xb0,

    /* U+00BA "º" */
    0x0, 0x55, 0x55, 0x55, 0x40, 0x0, 0x1f, 0xff,
    0xff, 0xfe, 0x0, 0x1, 0xff, 0xff, 0xff, 0xe0,
    0x0, 0x1f, 0xfe, 0xee, 0xfd, 0x10, 0x4f, 0xf6,
    0x0, 0x9, 0xff, 0x15, 0xff, 0x70, 0x0, 0xaf,
    0xf2, 0x4f, 0xf6, 0x0, 0x9, 0xff, 0x14, 0xff,
    0x50, 0x0, 0x8f, 0xf1, 0x5f, 0xf7, 0x0, 0xa,
    0xff, 0x25, 0xff, 0x60, 0x0, 0x9f, 0xf2, 0x4f,
    0xf5, 0x0, 0x8, 0xff, 0x5, 0xff, 0x60, 0x0,
    0xaf, 0xf2, 0x5f, 0xf7, 0x0, 0xa, 0xff, 0x24,
    0xff, 0x50, 0x0, 0x8f, 0xf1, 0x0, 0xff, 0xff,
    0xff, 0xd0, 0x0, 0x1f, 0xff, 0xff, 0xfe, 0x0,
    0x0, 0xff, 0xff, 0xff, 0xd0, 0x0, 0x5, 0x55,
    0x55, 0x54, 0x0, 0x0, 0x0, 0x0, 0x0, 0x0,
    0x0, 0x0, 0x0, 0x0, 0x0, 0x0, 0x15, 0x55,
    0x55, 0x55, 0x55, 0x5, 0xff, 0xff, 0xff, 0xff,
    0xf2, 0x5f, 0xff, 0xff, 0xff, 0xff, 0x24, 0xff,
    0xff, 0xff, 0xff, 0xf1,

    /* U+00BB "»" */
    0x6f, 0xf4, 0x0, 0x0, 0xdf, 0xd0, 0x0, 0x7,
    0xff, 0x50, 0x0, 0xe, 0xfe, 0x0, 0x0, 0x6f,
    0xf4, 0x0, 0x0, 0xdf, 0xd0, 0x0, 0x2, 0x6c,
    0x85, 0x0, 0x4, 0x7e, 0x63, 0x0, 0x0, 0xcf,
    0xf0, 0x0, 0x3, 0xff, 0x90, 0x0, 0xc, 0xff,
    0x0, 0x0, 0x3f, 0xf9, 0x0, 0x0, 0xbf, 0xf0,
    0x0, 0x2, 0xff, 0x80, 0x0, 0x0, 0xf, 0xfa,
    0x0, 0x0, 0x7f, 0xf3, 0x0, 0x1, 0xff, 0xb0,
    0x0, 0x8, 0xff, 0x40, 0x0, 0xf, 0xf9, 0x0,
    0x0, 0x7f, 0xf2, 0x0, 0xbf, 0xf0, 0x0, 0x2,
    0xff, 0x80, 0x0, 0xc, 0xff, 0x0, 0x0, 0x3f,
    0xf9, 0x0, 0x0, 0xbf, 0xf0, 0x0, 0x2, 0xff,
    0x80, 0x2, 0x6c, 0x85, 0x0, 0x5, 0x7e, 0x62,
    0x0, 0x7f, 0xf5, 0x0, 0x0, 0xef, 0xe0, 0x0,
    0x7, 0xff, 0x50, 0x0, 0xe, 0xfe, 0x0, 0x0,
    0x6f, 0xf4, 0x0, 0x0, 0xdf, 0xd0, 0x0, 0x0,

    /* U+00BC "¼" */
    0x0, 0x16, 0x61, 0x0, 0x0, 0x0, 0x0, 0x0,
    0x0, 0x6, 0xff, 0x60, 0x0, 0x0, 0x0, 0x0,
    0x0, 0x0, 0x6f, 0xf6, 0x0, 0x0, 0x0, 0x0,
    0x0, 0x0, 0x5, 0xff, 0x40, 0x0, 0x0, 0x0,
    0x0, 0x0, 0xf, 0xff, 0xf5, 0x0, 0x0, 0xcf,
    0xe0, 0x0, 0x1, 0xff, 0xff, 0x60, 0x0, 0xd,
    0xff, 0x0, 0x0, 0x1f, 0xff, 0xf5, 0x0, 0x0,
    0xdf, 0xe0, 0x0, 0x0, 0x37, 0xff, 0x40, 0x0,
    0xcf, 0xb2, 0x0, 0x0, 0x0, 0x6f, 0xf6, 0x0,
    0x1f, 0xfb, 0x0, 0x0, 0x0, 0x6, 0xff, 0x60,
    0x1, 0xff, 0xb0, 0x0, 0x0, 0x0, 0x5f, 0xf4,
    0x0, 0x3f, 0xd7, 0x0, 0x0, 0x0, 0x5, 0xff,
    0x50, 0x5f, 0xf6, 0x0, 0x0, 0x0, 0x0, 0x6f,
    0xf6, 0x6, 0xff, 0x60, 0x0, 0x0, 0x0, 0x5,
    0xff, 0x50, 0x4f, 0xf5, 0x0, 0x0, 0x0, 0x0,
    0x5f, 0xf4, 0x7d, 0xf1, 0x1d, 0xdd, 0xd2, 0x0,
    0x6, 0xff, 0x6a, 0xff, 0x33, 0xff, 0xff, 0x40,
    0x0, 0x6f, 0xf6, 0xaf, 0xf2, 0x3f, 0xff, 0xf4,
    0x0, 0x2, 0x99, 0x7b, 0xe9, 0x7, 0xec, 0xff,
    0x20, 0x0, 0x0, 0xe, 0xfe, 0x0, 0xfe, 0x8f,
    0xf3, 0x0, 0x0, 0x0, 0xef, 0xe0, 0x1f, 0xe8,
    0xff, 0x40, 0x0, 0x0, 0xc, 0xfd, 0x0, 0xfc,
    0x7f, 0xf2, 0x0, 0x0, 0x1f, 0xf9, 0x0, 0xdf,
    0x7, 0xff, 0x30, 0x0, 0x2, 0xff, 0xa0, 0xe,
    0xf1, 0x8f, 0xf4, 0x0, 0x0, 0x1f, 0xf9, 0x0,
    0xdf, 0x8, 0xff, 0x30, 0x0, 0x0, 0x66, 0x30,
    0x4e, 0xf6, 0xaf, 0xf7, 0x0, 0x0, 0x0, 0x0,
    0xb, 0xff, 0xff, 0xff, 0xf1, 0x0, 0x0, 0x0,
    0x0, 0xcf, 0xff, 0xff, 0xff, 0x10, 0x0, 0x0,
    0x0, 0xa, 0xff, 0xff, 0xff, 0xf0, 0x0, 0x0,
    0x0, 0x0, 0x0, 0x0, 0x7f, 0xf3, 0x0, 0x0,
    0x0, 0x0, 0x0, 0x0, 0x8, 0xff, 0x40, 0x0,
    0x0, 0x0, 0x0, 0x0, 0x0, 0x7f, 0xf3, 0x0,
    0x0, 0x0, 0x0, 0x0, 0x0, 0x3, 0x88, 0x10,

    /* U+00BD "½" */
    0x0, 0x16, 0x61, 0x0, 0x0, 0x0, 0x0, 0x0,
    0x0, 0x6f, 0xf6, 0x0, 0x0, 0x0, 0x0, 0x0,
    0x0, 0x6f, 0xf6, 0x0, 0x0, 0x0, 0x0, 0x0,
    0x0, 0x5f, 0xf4, 0x0, 0x0, 0x0, 0x0, 0x0,
    0xf, 0xff, 0xf5, 0x0, 0x0, 0xcf, 0xe0, 0x0,
    0x1f, 0xff, 0xf6, 0x0, 0x0, 0xdf, 0xf0, 0x0,
    0x1f, 0xff, 0xf5, 0x0, 0x0, 0xdf, 0xe0, 0x0,
    0x6, 0x9f, 0xf4, 0x0, 0x9, 0xec, 0x50, 0x0,
    0x0, 0x6f, 0xf6, 0x0, 0x1f, 0xfa, 0x0, 0x0,
    0x0, 0x6f, 0xf6, 0x0, 0x2f, 0xfb, 0x0, 0x0,
    0x0, 0x5f, 0xf5, 0x0, 0xf, 0xf9, 0x0, 0x0,
    0x0, 0x5f, 0xf5, 0x5, 0xff, 0xff, 0xff, 0x0,
    0x0, 0x6f, 0xf6, 0x6, 0xff, 0xff, 0xff, 0x0,
    0x0, 0x5f, 0xf5, 0x4, 0xff, 0xff, 0xfe, 0x0,
    0x0, 0x5f, 0xf4, 0x7d, 0xf4, 0x33, 0x9f, 0xd2,
    0x0, 0x6f, 0xf6, 0xaf, 0xf2, 0x0, 0x8f, 0xf4,
    0x0, 0x6f, 0xf6, 0xaf, 0xf2, 0x0, 0x8f, 0xf4,
    0x0, 0x29, 0x97, 0xbe, 0x90, 0x4, 0xaf, 0x91,
    0x0, 0x0, 0xe, 0xfe, 0x0, 0xc, 0xff, 0x0,
    0x0, 0x0, 0xe, 0xfe, 0x0, 0xc, 0xff, 0x0,
    0x0, 0x0, 0xc, 0xfd, 0x0, 0xb, 0xfe, 0x0,
    0x0, 0x1, 0xff, 0x90, 0x0, 0xff, 0xa0, 0x0,
    0x0, 0x2, 0xff, 0xa0, 0x1, 0xff, 0xb0, 0x0,
    0x0, 0x1, 0xff, 0x90, 0x0, 0xff, 0xb0, 0x0,
    0x0, 0x0, 0x66, 0x30, 0x46, 0xff, 0xc6, 0x61,
    0x0, 0x0, 0x0, 0x0, 0xbf, 0xff, 0xff, 0xf3,
    0x0, 0x0, 0x0, 0x0, 0xcf, 0xff, 0xff, 0xf4,
    0x0, 0x0, 0x0, 0x0, 0xaf, 0xff, 0xff, 0xf3,

    /* U+00BE "¾" */
    0x6f, 0xff, 0xff, 0x30, 0x0, 0x0, 0x0, 0x0,
    0x7f, 0xff, 0xff, 0x40, 0x0, 0x0, 0x0, 0x0,
    0x5f, 0xff, 0xff, 0x30, 0x0, 0x0, 0x0, 0x0,
    0x0, 0x0, 0x3f, 0xf7, 0xc, 0xfe, 0x0, 0x0,
    0x0, 0x0, 0x4f, 0xf8, 0xd, 0xff, 0x0, 0x0,
    0x0, 0x0, 0x3f, 0xf8, 0xd, 0xfe, 0x0, 0x0,
    0x1, 0xcc, 0xdf, 0x51, 0xcf, 0xb2, 0x0, 0x0,
    0x3, 0xff, 0xff, 0x41, 0xff, 0xb0, 0x0, 0x0,
    0x3, 0xff, 0xff, 0x41, 0xff, 0xb0, 0x0, 0x0,
    0x1, 0x99, 0xaf, 0x30, 0xfb, 0x50, 0x0, 0x0,
    0x0, 0x0, 0x3f, 0xff, 0xf6, 0x0, 0x0, 0x0,
    0x0, 0x0, 0x4f, 0xff, 0xf6, 0x0, 0x0, 0x0,
    0x0, 0x0, 0x3f, 0xff, 0xf5, 0x0, 0x0, 0x0,
    0x26, 0x66, 0x8f, 0xff, 0x10, 0x66, 0x66, 0x10,
    0x7f, 0xff, 0xff, 0xff, 0x23, 0xff, 0xff, 0x30,
    0x7f, 0xff, 0xff, 0xff, 0x23, 0xff, 0xff, 0x40,
    0x4c, 0xcc, 0xff, 0xfc, 0x14, 0xfe, 0xff, 0x20,
    0x0, 0x0, 0xdf, 0xe0, 0xf, 0xd8, 0xff, 0x30,
    0x0, 0x0, 0xef, 0xe0, 0x1f, 0xe8, 0xff, 0x40,
    0x0, 0x0, 0xcf, 0xd0, 0xf, 0xd7, 0xff, 0x20,
    0x0, 0x1f, 0xf9, 0x0, 0xdf, 0x7, 0xff, 0x30,
    0x0, 0x2f, 0xfa, 0x0, 0xef, 0x18, 0xff, 0x40,
    0x0, 0x1f, 0xf9, 0x0, 0xdf, 0x8, 0xff, 0x30,
    0x0, 0x6, 0x63, 0x4, 0xef, 0x6a, 0xff, 0x70,
    0x0, 0x0, 0x0, 0xb, 0xff, 0xff, 0xff, 0xf1,
    0x0, 0x0, 0x0, 0xc, 0xff, 0xff, 0xff, 0xf1,
    0x0, 0x0, 0x0, 0xa, 0xff, 0xff, 0xff, 0xf0,
    0x0, 0x0, 0x0, 0x0, 0x0, 0x7, 0xff, 0x30,
    0x0, 0x0, 0x0, 0x0, 0x0, 0x8, 0xff, 0x40,
    0x0, 0x0, 0x0, 0x0, 0x0, 0x7, 0xff, 0x30,
    0x0, 0x0, 0x0, 0x0, 0x0, 0x3, 0x88, 0x10,

    /* U+00BF "¿" */
    0x0, 0x0, 0x16, 0x66, 0x10, 0x0, 0x0, 0x0,
    0x0, 0x3f, 0xff, 0x50, 0x0, 0x0, 0x0, 0x0,
    0x4f, 0xff, 0x60, 0x0, 0x0, 0x0, 0x0, 0x3f,
    0xff, 0x50, 0x0, 0x0, 0x0, 0x0, 0x0, 0x0,
    0x0, 0x0, 0x0, 0x0, 0x0, 0x0, 0x0, 0x0,
    0x0, 0x0, 0x0, 0x0, 0x0, 0x0, 0x0, 0x0,
    0x0, 0x0, 0x0, 0x16, 0x66, 0x10, 0x0, 0x0,
    0x0, 0x0, 0x3f, 0xff, 0x50, 0x0, 0x0, 0x0,
    0x0, 0x4f, 0xff, 0x60, 0x0, 0x0, 0x0, 0x0,
    0x3f, 0xff, 0x50, 0x0, 0x0, 0x0, 0x4f, 0xff,
    0x30, 0x0, 0x0, 0x0, 0x0, 0x5f, 0xff, 0x40,
    0x0, 0x0, 0x0, 0x0, 0x4f, 0xff, 0x30, 0x0,
    0x0, 0x0, 0x4c, 0xdf, 0x43, 0x0, 0x0, 0x0,
    0x0, 0x7f, 0xff, 0x20, 0x0, 0x0, 0x0, 0x0,
    0x6f, 0xff, 0x20, 0x0, 0x0, 0x0, 0x0, 0x5f,
    0xff, 0x10, 0x0, 0x0, 0x66, 0x62, 0x7f, 0xff,
    0x20, 0x0, 0x3, 0xff, 0xf6, 0x7f, 0xff, 0x30,
    0x0, 0x3, 0xff, 0xf7, 0x6f, 0xff, 0x10, 0x0,
    0x2, 0xff, 0xf5, 0x0, 0xbf, 0xff, 0xff, 0xff,
    0xd0, 0x0, 0x0, 0xcf, 0xff, 0xff, 0xff, 0xe0,
    0x0, 0x0, 0xbf, 0xff, 0xff, 0xff, 0xd0, 0x0,
    0x0, 0x46, 0x66, 0x66, 0x66, 0x50, 0x0,

    /* U+00C0 "À" */
    0x0, 0x0, 0xff, 0xf7, 0x0, 0x0, 0x0, 0x0,
    0x0, 0x1f, 0xff, 0x80, 0x0, 0x0, 0x0, 0x0,
    0x1, 0xff, 0xf8, 0x0, 0x0, 0x0, 0x0, 0x0,
    0x6, 0x9f, 0xa6, 0x0, 0x0, 0x0, 0x0, 0x0,
    0x6, 0xff, 0xf3, 0x0, 0x0, 0x0, 0x0, 0x0,
    0x7f, 0xff, 0x30, 0x0, 0x0, 0x0, 0x0, 0x5,
    0xff, 0xf2, 0x0, 0x0, 0x0, 0x0, 0x0, 0x0,
    0x0, 0x0, 0x0, 0x0, 0x0, 0x0, 0x0, 0x0,
    0x0, 0x0, 0x0, 0x0, 0x0, 0x0, 0x0, 0x0,
    0x0, 0x0, 0x0, 0x0, 0x0, 0x3f, 0xff, 0xff,
    0x0, 0x0, 0x0, 0x0, 0x4, 0xff, 0xff, 0xf1,
    0x0, 0x0, 0x0, 0x0, 0x3f, 0xff, 0xff, 0x0,
    0x0, 0x0, 0x0, 0xa, 0xff, 0xff, 0xf7, 0x0,
    0x0, 0x0, 0x1, 0xff, 0xff, 0xff, 0xe0, 0x0,
    0x0, 0x0, 0x1f, 0xff, 0xff, 0xfe, 0x0, 0x0,
    0x0, 0x0, 0xff, 0xdc, 0xdf, 0xd0, 0x0, 0x0,
    0x4, 0xff, 0xf3, 0x7, 0xff, 0xf1, 0x0, 0x0,
    0x6f, 0xff, 0x40, 0x8f, 0xff, 0x20, 0x0, 0x5,
    0xff, 0xf4, 0x7, 0xff, 0xf2, 0x0, 0x0, 0xaf,
    0xfa, 0x10, 0x2c, 0xff, 0x70, 0x0, 0x3f, 0xff,
    0x60, 0x0, 0xaf, 0xff, 0x0, 0x3, 0xff, 0xf7,
    0x0, 0xa, 0xff, 0xf0, 0x0, 0x2f, 0xff, 0x50,
    0x0, 0x9f, 0xfe, 0x0, 0x2, 0xff, 0xff, 0xff,
    0xff, 0xff, 0xf0, 0x0, 0x3f, 0xff, 0xff, 0xff,
    0xff, 0xff, 0x0, 0x2, 0xff, 0xff, 0xff, 0xff,
    0xff, 0xe0, 0x4, 0xcf, 0xf4, 0x33, 0x33, 0x37,
    0xff, 0xc2, 0x7f, 0xff, 0x20, 0x0, 0x0, 0x6f,
    0xff, 0x46, 0xff, 0xf2, 0x0, 0x0, 0x5, 0xff,
    0xf3, 0x5f, 0xff, 0x10, 0x0, 0x0, 0x4f, 0xff,
    0x27, 0xff, 0xf2, 0x0, 0x0, 0x5, 0xff, 0xf3,
    0x7f, 0xff, 0x30, 0x0, 0x0, 0x6f, 0xff, 0x46,
    0xff, 0xf1, 0x0, 0x0, 0x5, 0xff, 0xf3,

    /* U+00C1 "Á" */
    0x0, 0x0, 0x0, 0xa, 0xff, 0xd0, 0x0, 0x0,
    0x0, 0x0, 0x0, 0xcf, 0xfe, 0x0, 0x0, 0x0,
    0x0, 0x0, 0xb, 0xff, 0xe0, 0x0, 0x0, 0x0,
    0x0, 0x26, 0xcf, 0x74, 0x0, 0x0, 0x0, 0x0,
    0x6, 0xff, 0xf3, 0x0, 0x0, 0x0, 0x0, 0x0,
    0x7f, 0xff, 0x30, 0x0, 0x0, 0x0, 0x0, 0x5,
    0xff, 0xf2, 0x0, 0x0, 0x0, 0x0, 0x0, 0x0,
    0x0, 0x0, 0x0, 0x0, 0x0, 0x0, 0x0, 0x0,
    0x0, 0x0, 0x0, 0x0, 0x0, 0x0, 0x0, 0x0,
    0x0, 0x0, 0x0, 0x0, 0x0, 0x3f, 0xff, 0xff,
    0x0, 0x0, 0x0, 0x0, 0x4, 0xff, 0xff, 0xf1,
    0x0, 0x0, 0x0, 0x0, 0x3f, 0xff, 0xff, 0x0,
    0x0, 0x0, 0x0, 0xa, 0xff, 0xff, 0xf7, 0x0,
    0x0, 0x0, 0x1, 0xff, 0xff, 0xff, 0xe0, 0x0,
    0x0, 0x0, 0x1f, 0xff, 0xff, 0xfe, 0x0, 0x0,
    0x0, 0x0, 0xff, 0xdc, 0xdf, 0xd0, 0x0, 0x0,
    0x4, 0xff, 0xf3, 0x7, 0xff, 0xf1, 0x0, 0x0,
    0x6f, 0xff, 0x40, 0x8f, 0xff, 0x20, 0x0, 0x5,
    0xff, 0xf4, 0x7, 0xff, 0xf2, 0x0, 0x0, 0xaf,
    0xfa, 0x10, 0x2c, 0xff, 0x70, 0x0, 0x3f, 0xff,
    0x60, 0x0, 0xaf, 0xff, 0x0, 0x3, 0xff, 0xf7,
    0x0, 0xa, 0xff, 0xf0, 0x0, 0x2f, 0xff, 0x50,
    0x0, 0x9f, 0xfe, 0x0, 0x2, 0xff, 0xff, 0xff,
    0xff, 0xff, 0xf0, 0x0, 0x3f, 0xff, 0xff, 0xff,
    0xff, 0xff, 0x0, 0x2, 0xff, 0xff, 0xff, 0xff,
    0xff, 0xe0, 0x4, 0xcf, 0xf4, 0x33, 0x33, 0x37,
    0xff, 0xc2, 0x7f, 0xff, 0x20, 0x0, 0x0, 0x6f,
    0xff, 0x46, 0xff, 0xf2, 0x0, 0x0, 0x5, 0xff,
    0xf3, 0x5f, 0xff, 0x10, 0x0, 0x0, 0x4f, 0xff,
    0x27, 0xff, 0xf2, 0x0, 0x0, 0x5, 0xff, 0xf3,
    0x7f, 0xff, 0x30, 0x0, 0x0, 0x6f, 0xff, 0x46,
    0xff, 0xf1, 0x0, 0x0, 0x5, 0xff, 0xf3,

    /* U+00C2 "Â" */
    0x0, 0x0, 0x3f, 0xff, 0xff, 0x0, 0x0, 0x0,
    0x0, 0x4, 0xff, 0xff, 0xf1, 0x0, 0x0, 0x0,
    0x0, 0x4f, 0xff, 0xff, 0x0, 0x0, 0x0, 0x1,
    0x68, 0xf8, 0x6a, 0xf6, 0x60, 0x0, 0x0, 0x5f,
    0xff, 0x40, 0x7f, 0xff, 0x20, 0x0, 0x6, 0xff,
    0xf4, 0x8, 0xff, 0xf2, 0x0, 0x0, 0x4f, 0xff,
    0x30, 0x6f, 0xff, 0x10, 0x0, 0x0, 0x0, 0x0,
    0x0, 0x0, 0x0, 0x0, 0x0, 0x0, 0x0, 0x0,
    0x0, 0x0, 0x0, 0x0, 0x0, 0x0, 0x0, 0x0,
    0x0, 0x0, 0x0, 0x0, 0x0, 0x3f, 0xff, 0xff,
    0x0, 0x0, 0x0, 0x0, 0x4, 0xff, 0xff, 0xf1,
    0x0, 0x0, 0x0, 0x0, 0x3f, 0xff, 0xff, 0x0,
    0x0, 0x0, 0x0, 0xa, 0xff, 0xff, 0xf7, 0x0,
    0x0, 0x0, 0x1, 0xff, 0xff, 0xff, 0xe0, 0x0,
    0x0, 0x0, 0x1f, 0xff, 0xff, 0xfe, 0x0, 0x0,
    0x0, 0x0, 0xff, 0xdc, 0xdf, 0xd0, 0x0, 0x0,
    0x4, 0xff, 0xf3, 0x7, 0xff, 0xf1, 0x0, 0x0,
    0x6f, 0xff, 0x40, 0x8f, 0xff, 0x20, 0x0, 0x5,
    0xff, 0xf4, 0x7, 0xff, 0xf2, 0x0, 0x0, 0xaf,
    0xfa, 0x10, 0x2c, 0xff, 0x70, 0x0, 0x3f, 0xff,
    0x60, 0x0, 0xaf, 0xff, 0x0, 0x3, 0xff, 0xf7,
    0x0, 0xa, 0xff, 0xf0, 0x0, 0x2f, 0xff, 0x50,
    0x0, 0x9f, 0xfe, 0x0, 0x2, 0xff, 0xff, 0xff,
    0xff, 0xff, 0xf0, 0x0, 0x3f, 0xff, 0xff, 0xff,
    0xff, 0xff, 0x0, 0x2, 0xff, 0xff, 0xff, 0xff,
    0xff, 0xe0, 0x4, 0xcf, 0xf4, 0x33, 0x33, 0x37,
    0xff, 0xc2, 0x7f, 0xff, 0x20, 0x0, 0x0, 0x6f,
    0xff, 0x46, 0xff, 0xf2, 0x0, 0x0, 0x5, 0xff,
    0xf3, 0x5f, 0xff, 0x10, 0x0, 0x0, 0x4f, 0xff,
    0x27, 0xff, 0xf2, 0x0, 0x0, 0x5, 0xff, 0xf3,
    0x7f, 0xff, 0x30, 0x0, 0x0, 0x6f, 0xff, 0x46,
    0xff, 0xf1, 0x0, 0x0, 0x5, 0xff, 0xf3,

    /* U+00C3 "Ã" */
    0x0, 0xe, 0xff, 0xff, 0x40, 0x7, 0xff, 0x30,
    0x0, 0xff, 0xff, 0xf6, 0x0, 0x8f, 0xf4, 0x0,
    0xe, 0xff, 0xff, 0x50, 0x8, 0xff, 0x32, 0x66,
    0x66, 0x6a, 0xf9, 0x66, 0x66, 0x60, 0x7f, 0xf5,
    0x0, 0x9f, 0xff, 0xfb, 0x0, 0x7, 0xff, 0x50,
    0x9, 0xff, 0xff, 0xc0, 0x0, 0x6f, 0xf4, 0x0,
    0x8f, 0xff, 0xfa, 0x0, 0x0, 0x0, 0x0, 0x0,
    0x0, 0x0, 0x0, 0x0, 0x0, 0x0, 0x0, 0x0,
    0x0, 0x0, 0x0, 0x0, 0x0, 0x0, 0x0, 0x0,
    0x0, 0x0, 0x0, 0x0, 0x0, 0x3f, 0xff, 0xff,
    0x0, 0x0, 0x0, 0x0, 0x4, 0xff, 0xff, 0xf1,
    0x0, 0x0, 0x0, 0x0, 0x3f, 0xff, 0xff, 0x0,
    0x0, 0x0, 0x0, 0xa, 0xff, 0xff, 0xf7, 0x0,
    0x0, 0x0, 0x1, 0xff, 0xff, 0xff, 0xe0, 0x0,
    0x0, 0x0, 0x1f, 0xff, 0xff, 0xfe, 0x0, 0x0,
    0x0, 0x0, 0xff, 0xdc, 0xdf, 0xd0, 0x0, 0x0,
    0x4, 0xff, 0xf3, 0x7, 0xff, 0xf1, 0x0, 0x0,
    0x6f, 0xff, 0x40, 0x8f, 0xff, 0x20, 0x0, 0x5,
    0xff, 0xf4, 0x7, 0xff, 0xf2, 0x0, 0x0, 0xaf,
    0xfa, 0x10, 0x2c, 0xff, 0x70, 0x0, 0x3f, 0xff,
    0x60, 0x0, 0xaf, 0xff, 0x0, 0x3, 0xff, 0xf7,
    0x0, 0xa, 0xff, 0xf0, 0x0, 0x2f, 0xff, 0x50,
    0x0, 0x9f, 0xfe, 0x0, 0x2, 0xff, 0xff, 0xff,
    0xff, 0xff, 0xf0, 0x0, 0x3f, 0xff, 0xff, 0xff,
    0xff, 0xff, 0x0, 0x2, 0xff, 0xff, 0xff, 0xff,
    0xff, 0xe0, 0x4, 0xcf, 0xf4, 0x33, 0x33, 0x37,
    0xff, 0xc2, 0x7f, 0xff, 0x20, 0x0, 0x0, 0x6f,
    0xff, 0x46, 0xff, 0xf2, 0x0, 0x0, 0x5, 0xff,
    0xf3, 0x5f, 0xff, 0x10, 0x0, 0x0, 0x4f, 0xff,
    0x27, 0xff, 0xf2, 0x0, 0x0, 0x5, 0xff, 0xf3,
    0x7f, 0xff, 0x30, 0x0, 0x0, 0x6f, 0xff, 0x46,
    0xff, 0xf1, 0x0, 0x0, 0x5, 0xff, 0xf3,

    /* U+00C4 "Ä" */
    0x0, 0x46, 0x64, 0x0, 0x6, 0x66, 0x30, 0x0,
    0xc, 0xff, 0xd0, 0x0, 0xff, 0xf9, 0x0, 0x0,
    0xcf, 0xfe, 0x0, 0x1f, 0xff, 0x90, 0x0, 0xb,
    0xff, 0xc0, 0x0, 0xff, 0xf8, 0x0, 0x0, 0x0,
    0x0, 0x0, 0x0, 0x0, 0x0, 0x0, 0x0, 0x0,
    0x0, 0x0, 0x0, 0x0, 0x0, 0x0, 0x0, 0x0,
    0x0, 0x0, 0x0, 0x0, 0x0, 0x0, 0x3, 0xff,
    0xff, 0xf0, 0x0, 0x0, 0x0, 0x0, 0x4f, 0xff,
    0xff, 0x10, 0x0, 0x0, 0x0, 0x3, 0xff, 0xff,
    0xf0, 0x0, 0x0, 0x0, 0x0, 0xaf, 0xff, 0xff,
    0x70, 0x0, 0x0, 0x0, 0x1f, 0xff, 0xff, 0xfe,
    0x0, 0x0, 0x0, 0x1, 0xff, 0xff, 0xff, 0xe0,
    0x0, 0x0, 0x0, 0xf, 0xfd, 0xcd, 0xfd, 0x0,
    0x0, 0x0, 0x4f, 0xff, 0x30, 0x7f, 0xff, 0x10,
    0x0, 0x6, 0xff, 0xf4, 0x8, 0xff, 0xf2, 0x0,
    0x0, 0x5f, 0xff, 0x40, 0x7f, 0xff, 0x20, 0x0,
    0xa, 0xff, 0xa1, 0x2, 0xcf, 0xf7, 0x0, 0x3,
    0xff, 0xf6, 0x0, 0xa, 0xff, 0xf0, 0x0, 0x3f,
    0xff, 0x70, 0x0, 0xaf, 0xff, 0x0, 0x2, 0xff,
    0xf5, 0x0, 0x9, 0xff, 0xe0, 0x0, 0x2f, 0xff,
    0xff, 0xff, 0xff, 0xff, 0x0, 0x3, 0xff, 0xff,
    0xff, 0xff, 0xff, 0xf0, 0x0, 0x2f, 0xff, 0xff,
    0xff, 0xff, 0xfe, 0x0, 0x4c, 0xff, 0x43, 0x33,
    0x33, 0x7f, 0xfc, 0x27, 0xff, 0xf2, 0x0, 0x0,
    0x6, 0xff, 0xf4, 0x6f, 0xff, 0x20, 0x0, 0x0,
    0x5f, 0xff, 0x35, 0xff, 0xf1, 0x0, 0x0, 0x4,
    0xff, 0xf2, 0x7f, 0xff, 0x20, 0x0, 0x0, 0x5f,
    0xff, 0x37, 0xff, 0xf3, 0x0, 0x0, 0x6, 0xff,
    0xf4, 0x6f, 0xff, 0x10, 0x0, 0x0, 0x5f, 0xff,
    0x30,

    /* U+00C5 "Å" */
    0x0, 0x0, 0x66, 0x66, 0x66, 0x50, 0x0, 0x0,
    0x0, 0x1f, 0xff, 0xff, 0xfe, 0x0, 0x0, 0x0,
    0x1, 0xff, 0xff, 0xff, 0xe0, 0x0, 0x0, 0x0,
    0xf, 0xff, 0xff, 0xfc, 0x0, 0x0, 0x0, 0x4f,
    0xf5, 0x0, 0x9, 0xff, 0x10, 0x0, 0x6, 0xff,
    0x70, 0x0, 0xaf, 0xf2, 0x0, 0x0, 0x5f, 0xf6,
    0x0, 0xa, 0xff, 0x20, 0x0, 0x1, 0x6f, 0x96,
    0x66, 0xbe, 0x60, 0x0, 0x0, 0x1, 0xff, 0xff,
    0xff, 0xe0, 0x0, 0x0, 0x0, 0x1f, 0xff, 0xff,
    0xfe, 0x0, 0x0, 0x0, 0x0, 0xff, 0xff, 0xff,
    0xd0, 0x0, 0x0, 0x0, 0x0, 0x0, 0x0, 0x0,
    0x0, 0x0, 0x0, 0x0, 0x0, 0x0, 0x0, 0x0,
    0x0, 0x0, 0x0, 0x0, 0x0, 0x0, 0x0, 0x0,
    0x0, 0x0, 0x0, 0x3f, 0xff, 0xff, 0x0, 0x0,
    0x0, 0x0, 0x4, 0xff, 0xff, 0xf1, 0x0, 0x0,
    0x0, 0x0, 0x3f, 0xff, 0xff, 0x0, 0x0, 0x0,
    0x0, 0xa, 0xff, 0xff, 0xf7, 0x0, 0x0, 0x0,
    0x1, 0xff, 0xff, 0xff, 0xe0, 0x0, 0x0, 0x0,
    0x1f, 0xff, 0xff, 0xfe, 0x0, 0x0, 0x0, 0x0,
    0xff, 0xdc, 0xdf, 0xd0, 0x0, 0x0, 0x4, 0xff,
    0xf3, 0x7, 0xff, 0xf1, 0x0, 0x0, 0x6f, 0xff,
    0x40, 0x8f, 0xff, 0x20, 0x0, 0x5, 0xff, 0xf4,
    0x7, 0xff, 0xf2, 0x0, 0x0, 0xaf, 0xfa, 0x10,
    0x2c, 0xff, 0x70, 0x0, 0x3f, 0xff, 0x60, 0x0,
    0xaf, 0xff, 0x0, 0x3, 0xff, 0xf7, 0x0, 0xa,
    0xff, 0xf0, 0x0, 0x2f, 0xff, 0x50, 0x0, 0x9f,
    0xfe, 0x0, 0x2, 0xff, 0xff, 0xff, 0xff, 0xff,
    0xf0, 0x0, 0x3f, 0xff, 0xff, 0xff, 0xff, 0xff,
    0x0, 0x2, 0xff, 0xff, 0xff, 0xff, 0xff, 0xe0,
    0x4, 0xcf, 0xf4, 0x33, 0x33, 0x37, 0xff, 0xc2,
    0x7f, 0xff, 0x20, 0x0, 0x0, 0x6f, 0xff, 0x46,
    0xff, 0xf2, 0x0, 0x0, 0x5, 0xff, 0xf3, 0x5f,
    0xff, 0x10, 0x0, 0x0, 0x4f, 0xff, 0x27, 0xff,
    0xf2, 0x0, 0x0, 0x5, 0xff, 0xf3, 0x7f, 0xff,
    0x30, 0x0, 0x0, 0x6f, 0xff, 0x46, 0xff, 0xf1,
    0x0, 0x0, 0x5, 0xff, 0xf3,

    /* U+00C6 "Æ" */
    0x0, 0xe, 0xff, 0xff, 0xff, 0xff, 0xff, 0x30,
    0x0, 0xff, 0xff, 0xff, 0xff, 0xff, 0xf4, 0x0,
    0xe, 0xff, 0xff, 0xff, 0xff, 0xff, 0x30, 0x6,
    0xef, 0x66, 0xcf, 0xfe, 0x66, 0x60, 0x0, 0xcf,
    0xf0, 0xb, 0xff, 0xe0, 0x0, 0x0, 0xc, 0xff,
    0x0, 0xcf, 0xfe, 0x0, 0x0, 0x0, 0xbf, 0xf0,
    0xa, 0xff, 0xd0, 0x0, 0x0, 0x8f, 0xff, 0x0,
    0xaf, 0xfd, 0x0, 0x0, 0xa, 0xff, 0xf0, 0xc,
    0xff, 0xe0, 0x0, 0x0, 0x9f, 0xff, 0x0, 0xbf,
    0xfd, 0x0, 0x0, 0x8, 0xff, 0xe0, 0xa, 0xff,
    0xe6, 0x66, 0x10, 0x9f, 0xff, 0x0, 0xbf, 0xff,
    0xff, 0xf3, 0xa, 0xff, 0xf0, 0xc, 0xff, 0xff,
    0xff, 0x40, 0x8f, 0xff, 0x0, 0xaf, 0xff, 0xff,
    0xf3, 0x6f, 0xff, 0xff, 0xff, 0xff, 0xd0, 0x0,
    0x7, 0xff, 0xff, 0xff, 0xff, 0xfe, 0x0, 0x0,
    0x6f, 0xff, 0xff, 0xff, 0xff, 0xd0, 0x0, 0x5,
    0xff, 0xf7, 0x66, 0xcf, 0xfc, 0x0, 0x0, 0x7f,
    0xff, 0x20, 0xb, 0xff, 0xe0, 0x0, 0x6, 0xff,
    0xf2, 0x0, 0xbf, 0xfd, 0x0, 0x0, 0x5f, 0xff,
    0x10, 0xa, 0xff, 0xe6, 0x66, 0x17, 0xff, 0xf2,
    0x0, 0xbf, 0xff, 0xff, 0xf3, 0x7f, 0xff, 0x30,
    0xc, 0xff, 0xff, 0xff, 0x46, 0xff, 0xf1, 0x0,
    0xaf, 0xff, 0xff, 0xf3,

    /* U+00C7 "Ç" */
    0x0, 0x0, 0xff, 0xff, 0xff, 0xff, 0x80, 0x0,
    0x0, 0x1f, 0xff, 0xff, 0xff, 0xf9, 0x0, 0x0,
    0x1, 0xff, 0xff, 0xff, 0xff, 0x90, 0x0, 0x0,
    0xf, 0xd6, 0x66, 0x69, 0xf8, 0x0, 0x0, 0xbf,
    0xfd, 0x0, 0x0, 0x5f, 0xff, 0x30, 0xc, 0xff,
    0xd0, 0x0, 0x6, 0xff, 0xf4, 0x0, 0xbf, 0xfc,
    0x0, 0x0, 0x4f, 0xff, 0x26, 0xff, 0xf1, 0x0,
    0x0, 0x0, 0x0, 0x0, 0x7f, 0xff, 0x30, 0x0,
    0x0, 0x0, 0x0, 0x6, 0xff, 0xf2, 0x0, 0x0,
    0x0, 0x0, 0x0, 0x5f, 0xff, 0x10, 0x0, 0x0,
    0x0, 0x0, 0x7, 0xff, 0xf2, 0x0, 0x0, 0x0,
    0x0, 0x0, 0x7f, 0xff, 0x20, 0x0, 0x0, 0x0,
    0x0, 0x5, 0xff, 0xf1, 0x0, 0x0, 0x0, 0x0,
    0x0, 0x6f, 0xff, 0x20, 0x0, 0x0, 0x0, 0x0,
    0x7, 0xff, 0xf3, 0x0, 0x0, 0x0, 0x0, 0x0,
    0x6f, 0xff, 0x20, 0x0, 0x0, 0x0, 0x0, 0x1,
    0x3c, 0xf6, 0x40, 0x0, 0x1, 0x66, 0x60, 0x0,
    0xcf, 0xfd, 0x0, 0x0, 0x5f, 0xff, 0x30, 0xc,
    0xff, 0xd0, 0x0, 0x5, 0xff, 0xf3, 0x0, 0x69,
    0xfd, 0x66, 0x66, 0x9f, 0xc9, 0x10, 0x0, 0x1f,
    0xff, 0xff, 0xff, 0xf9, 0x0, 0x0, 0x1, 0xff,
    0xff, 0xff, 0xff, 0x90, 0x0, 0x0, 0xf, 0xff,
    0xff, 0xff, 0xf8, 0x0, 0x0, 0x0, 0x0, 0xa,
    0xff, 0x0, 0x0, 0x0, 0x0, 0x0, 0x0, 0xbf,
    0xf1, 0x0, 0x0, 0x0, 0x0, 0x0, 0xb, 0xff,
    0x0, 0x0, 0x0, 0x0, 0x0, 0x46, 0xcd, 0x60,
    0x0, 0x0, 0x0, 0x0, 0xd, 0xff, 0xc0, 0x0,
    0x0, 0x0, 0x0, 0x0, 0xdf, 0xfc, 0x0, 0x0,
    0x0, 0x0, 0x0, 0xc, 0xff, 0xb0, 0x0, 0x0,
    0x0,

    /* U+00C8 "È" */
    0x0, 0xff, 0xf7, 0x0, 0x0, 0x0, 0x1f, 0xff,
    0x80, 0x0, 0x0, 0x1, 0xff, 0xf8, 0x0, 0x0,
    0x0, 0x6, 0x9f, 0xa6, 0x0, 0x0, 0x0, 0x6,
    0xff, 0xf3, 0x0, 0x0, 0x0, 0x7f, 0xff, 0x30,
    0x0, 0x0, 0x5, 0xff, 0xf2, 0x0, 0x0, 0x0,
    0x0, 0x0, 0x0, 0x0, 0x0, 0x0, 0x0, 0x0,
    0x0, 0x0, 0x0, 0x0, 0x0, 0x0, 0x0, 0xbf,
    0xff, 0xff, 0xff, 0xff, 0x8c, 0xff, 0xff, 0xff,
    0xff, 0xf9, 0xcf, 0xff, 0xff, 0xff, 0xff, 0x8a,
    0xff, 0xd6, 0x66, 0x66, 0x62, 0xcf, 0xfd, 0x0,
    0x0, 0x0, 0xc, 0xff, 0xd0, 0x0, 0x0, 0x0,
    0xbf, 0xfc, 0x0, 0x0, 0x0, 0xb, 0xff, 0xc0,
    0x0, 0x0, 0x0, 0xcf, 0xfe, 0x0, 0x0, 0x0,
    0xc, 0xff, 0xd0, 0x0, 0x0, 0x0, 0xaf, 0xfd,
    0x66, 0x66, 0x66, 0x3c, 0xff, 0xff, 0xff, 0xff,
    0xf9, 0xcf, 0xff, 0xff, 0xff, 0xff, 0x9b, 0xff,
    0xff, 0xff, 0xff, 0xf8, 0xbf, 0xfc, 0x0, 0x0,
    0x0, 0xc, 0xff, 0xd0, 0x0, 0x0, 0x0, 0xbf,
    0xfc, 0x0, 0x0, 0x0, 0xb, 0xff, 0xc0, 0x0,
    0x0, 0x0, 0xcf, 0xfd, 0x0, 0x0, 0x0, 0xc,
    0xff, 0xd0, 0x0, 0x0, 0x0, 0xaf, 0xfd, 0x66,
    0x66, 0x66, 0x3c, 0xff, 0xff, 0xff, 0xff, 0xf9,
    0xcf, 0xff, 0xff, 0xff, 0xff, 0x9b, 0xff, 0xff,
    0xff, 0xff, 0xf8,

    /* U+00C9 "É" */
    0x0, 0x0, 0xa, 0xff, 0xd0, 0x0, 0x0, 0x0,
    0xcf, 0xfe, 0x0, 0x0, 0x0, 0xb, 0xff, 0xe0,
    0x0, 0x0, 0x26, 0xcf, 0x74, 0x0, 0x0, 0x6,
    0xff, 0xf3, 0x0, 0x0, 0x0, 0x7f, 0xff, 0x30,
    0x0, 0x0, 0x5, 0xff, 0xf2, 0x0, 0x0, 0x0,
    0x0, 0x0, 0x0, 0x0, 0x0, 0x0, 0x0, 0x0,
    0x0, 0x0, 0x0, 0x0, 0x0, 0x0, 0x0, 0xbf,
    0xff, 0xff, 0xff, 0xff, 0x8c, 0xff, 0xff, 0xff,
    0xff, 0xf9, 0xcf, 0xff, 0xff, 0xff, 0xff, 0x8a,
    0xff, 0xd6, 0x66, 0x66, 0x62, 0xcf, 0xfd, 0x0,
    0x0, 0x0, 0xc, 0xff, 0xd0, 0x0, 0x0, 0x0,
    0xbf, 0xfc, 0x0, 0x0, 0x0, 0xb, 0xff, 0xc0,
    0x0, 0x0, 0x0, 0xcf, 0xfe, 0x0, 0x0, 0x0,
    0xc, 0xff, 0xd0, 0x0, 0x0, 0x0, 0xaf, 0xfd,
    0x66, 0x66, 0x66, 0x3c, 0xff, 0xff, 0xff, 0xff,
    0xf9, 0xcf, 0xff, 0xff, 0xff, 0xff, 0x9b, 0xff,
    0xff, 0xff, 0xff, 0xf8, 0xbf, 0xfc, 0x0, 0x0,
    0x0, 0xc, 0xff, 0xd0, 0x0, 0x0, 0x0, 0xbf,
    0xfc, 0x0, 0x0, 0x0, 0xb, 0xff, 0xc0, 0x0,
    0x0, 0x0, 0xcf, 0xfd, 0x0, 0x0, 0x0, 0xc,
    0xff, 0xd0, 0x0, 0x0, 0x0, 0xaf, 0xfd, 0x66,
    0x66, 0x66, 0x3c, 0xff, 0xff, 0xff, 0xff, 0xf9,
    0xcf, 0xff, 0xff, 0xff, 0xff, 0x9b, 0xff, 0xff,
    0xff, 0xff, 0xf8,

    /* U+00CA "Ê" */
    0x0, 0x3f, 0xff, 0xff, 0x0, 0x0, 0x4, 0xff,
    0xff, 0xf1, 0x0, 0x0, 0x4f, 0xff, 0xff, 0x0,
    0x1, 0x68, 0xf8, 0x6a, 0xf6, 0x60, 0x5f, 0xff,
    0x40, 0x7f, 0xff, 0x26, 0xff, 0xf4, 0x8, 0xff,
    0xf2, 0x4f, 0xff, 0x30, 0x6f, 0xff, 0x10, 0x0,
    0x0, 0x0, 0x0, 0x0, 0x0, 0x0, 0x0, 0x0,
    0x0, 0x0, 0x0, 0x0, 0x0, 0x0, 0x0, 0xbf,
    0xff, 0xff, 0xff, 0xff, 0x8c, 0xff, 0xff, 0xff,
    0xff, 0xf9, 0xcf, 0xff, 0xff, 0xff, 0xff, 0x8a,
    0xff, 0xd6, 0x66, 0x66, 0x62, 0xcf, 0xfd, 0x0,
    0x0, 0x0, 0xc, 0xff, 0xd0, 0x0, 0x0, 0x0,
    0xbf, 0xfc, 0x0, 0x0, 0x0, 0xb, 0xff, 0xc0,
    0x0, 0x0, 0x0, 0xcf, 0xfe, 0x0, 0x0, 0x0,
    0xc, 0xff, 0xd0, 0x0, 0x0, 0x0, 0xaf, 0xfd,
    0x66, 0x66, 0x66, 0x3c, 0xff, 0xff, 0xff, 0xff,
    0xf9, 0xcf, 0xff, 0xff, 0xff, 0xff, 0x9b, 0xff,
    0xff, 0xff, 0xff, 0xf8, 0xbf, 0xfc, 0x0, 0x0,
    0x0, 0xc, 0xff, 0xd0, 0x0, 0x0, 0x0, 0xbf,
    0xfc, 0x0, 0x0, 0x0, 0xb, 0xff, 0xc0, 0x0,
    0x0, 0x0, 0xcf, 0xfd, 0x0, 0x0, 0x0, 0xc,
    0xff, 0xd0, 0x0, 0x0, 0x0, 0xaf, 0xfd, 0x66,
    0x66, 0x66, 0x3c, 0xff, 0xff, 0xff, 0xff, 0xf9,
    0xcf, 0xff, 0xff, 0xff, 0xff, 0x9b, 0xff, 0xff,
    0xff, 0xff, 0xf8,

    /* U+00CB "Ë" */
    0x46, 0x64, 0x0, 0x6, 0x66, 0x3c, 0xff, 0xd0,
    0x0, 0xff, 0xf9, 0xcf, 0xfe, 0x0, 0x1f, 0xff,
    0x9b, 0xff, 0xc0, 0x0, 0xff, 0xf8, 0x0, 0x0,
    0x0, 0x0, 0x0, 0x0, 0x0, 0x0, 0x0, 0x0,
    0x0, 0x0, 0x0, 0x0, 0x0, 0x0, 0xb, 0xff,
    0xff, 0xff, 0xff, 0xf8, 0xcf, 0xff, 0xff, 0xff,
    0xff, 0x9c, 0xff, 0xff, 0xff, 0xff, 0xf8, 0xaf,
    0xfd, 0x66, 0x66, 0x66, 0x2c, 0xff, 0xd0, 0x0,
    0x0, 0x0, 0xcf, 0xfd, 0x0, 0x0, 0x0, 0xb,
    0xff, 0xc0, 0x0, 0x0, 0x0, 0xbf, 0xfc, 0x0,
    0x0, 0x0, 0xc, 0xff, 0xe0, 0x0, 0x0, 0x0,
    0xcf, 0xfd, 0x0, 0x0, 0x0, 0xa, 0xff, 0xd6,
    0x66, 0x66, 0x63, 0xcf, 0xff, 0xff, 0xff, 0xff,
    0x9c, 0xff, 0xff, 0xff, 0xff, 0xf9, 0xbf, 0xff,
    0xff, 0xff, 0xff, 0x8b, 0xff, 0xc0, 0x0, 0x0,
    0x0, 0xcf, 0xfd, 0x0, 0x0, 0x0, 0xb, 0xff,
    0xc0, 0x0, 0x0, 0x0, 0xbf, 0xfc, 0x0, 0x0,
    0x0, 0xc, 0xff, 0xd0, 0x0, 0x0, 0x0, 0xcf,
    0xfd, 0x0, 0x0, 0x0, 0xa, 0xff, 0xd6, 0x66,
    0x66, 0x63, 0xcf, 0xff, 0xff, 0xff, 0xff, 0x9c,
    0xff, 0xff, 0xff, 0xff, 0xf9, 0xbf, 0xff, 0xff,
    0xff, 0xff, 0x80,

    /* U+00CC "Ì" */
    0xf, 0xff, 0x70, 0x0, 0x1, 0xff, 0xf8, 0x0,
    0x0, 0x1f, 0xff, 0x80, 0x0, 0x0, 0x69, 0xfa,
    0x60, 0x0, 0x0, 0x6f, 0xff, 0x30, 0x0, 0x7,
    0xff, 0xf3, 0x0, 0x0, 0x5f, 0xff, 0x20, 0x0,
    0x0, 0x0, 0x0, 0x0, 0x0, 0x0, 0x0, 0x0,
    0x0, 0x0, 0x0, 0x0, 0x0, 0xef, 0xff, 0xff,
    0xff, 0xaf, 0xff, 0xff, 0xff, 0xfc, 0xef, 0xff,
    0xff, 0xff, 0xb5, 0x69, 0xff, 0xf7, 0x63, 0x0,
    0x6f, 0xff, 0x30, 0x0, 0x6, 0xff, 0xf3, 0x0,
    0x0, 0x5f, 0xff, 0x20, 0x0, 0x6, 0xff, 0xf2,
    0x0, 0x0, 0x6f, 0xff, 0x30, 0x0, 0x5, 0xff,
    0xf2, 0x0, 0x0, 0x5f, 0xff, 0x20, 0x0, 0x6,
    0xff, 0xf3, 0x0, 0x0, 0x6f, 0xff, 0x30, 0x0,
    0x5, 0xff, 0xf1, 0x0, 0x0, 0x6f, 0xff, 0x30,
    0x0, 0x6, 0xff, 0xf3, 0x0, 0x0, 0x5f, 0xff,
    0x20, 0x0, 0x5, 0xff, 0xf2, 0x0, 0x0, 0x6f,
    0xff, 0x30, 0x0, 0x6, 0xff, 0xf3, 0x0, 0x56,
    0x9f, 0xff, 0x76, 0x4e, 0xff, 0xff, 0xff, 0xfb,
    0xff, 0xff, 0xff, 0xff, 0xce, 0xff, 0xff, 0xff,
    0xfa,

    /* U+00CD "Í" */
    0x0, 0x0, 0xaf, 0xfd, 0x0, 0x0, 0xc, 0xff,
    0xe0, 0x0, 0x0, 0xbf, 0xfe, 0x0, 0x2, 0x6c,
    0xf7, 0x40, 0x0, 0x6f, 0xff, 0x30, 0x0, 0x7,
    0xff, 0xf3, 0x0, 0x0, 0x5f, 0xff, 0x20, 0x0,
    0x0, 0x0, 0x0, 0x0, 0x0, 0x0, 0x0, 0x0,
    0x0, 0x0, 0x0, 0x0, 0x0, 0xef, 0xff, 0xff,
    0xff, 0xaf, 0xff, 0xff, 0xff, 0xfc, 0xef, 0xff,
    0xff, 0xff, 0xb5, 0x69, 0xff, 0xf7, 0x63, 0x0,
    0x6f, 0xff, 0x30, 0x0, 0x6, 0xff, 0xf3, 0x0,
    0x0, 0x5f, 0xff, 0x20, 0x0, 0x6, 0xff, 0xf2,
    0x0, 0x0, 0x6f, 0xff, 0x30, 0x0, 0x5, 0xff,
    0xf2, 0x0, 0x0, 0x5f, 0xff, 0x20, 0x0, 0x6,
    0xff, 0xf3, 0x0, 0x0, 0x6f, 0xff, 0x30, 0x0,
    0x5, 0xff, 0xf1, 0x0, 0x0, 0x6f, 0xff, 0x30,
    0x0, 0x6, 0xff, 0xf3, 0x0, 0x0, 0x5f, 0xff,
    0x20, 0x0, 0x5, 0xff, 0xf2, 0x0, 0x0, 0x6f,
    0xff, 0x30, 0x0, 0x6, 0xff, 0xf3, 0x0, 0x56,
    0x9f, 0xff, 0x76, 0x4e, 0xff, 0xff, 0xff, 0xfb,
    0xff, 0xff, 0xff, 0xff, 0xce, 0xff, 0xff, 0xff,
    0xfa,

    /* U+00CE "Î" */
    0x0, 0x3f, 0xff, 0xff, 0x0, 0x0, 0x4, 0xff,
    0xff, 0xf1, 0x0, 0x0, 0x4f, 0xff, 0xff, 0x0,
    0x1, 0x68, 0xf8, 0x6a, 0xf6, 0x60, 0x5f, 0xff,
    0x40, 0x7f, 0xff, 0x26, 0xff, 0xf4, 0x8, 0xff,
    0xf2, 0x4f, 0xff, 0x30, 0x6f, 0xff, 0x10, 0x0,
    0x0, 0x0, 0x0, 0x0, 0x0, 0x0, 0x0, 0x0,
    0x0, 0x0, 0x0, 0x0, 0x0, 0x0, 0x0, 0xe,
    0xff, 0xff, 0xff, 0xfa, 0x0, 0xff, 0xff, 0xff,
    0xff, 0xc0, 0xe, 0xff, 0xff, 0xff, 0xfb, 0x0,
    0x56, 0x9f, 0xff, 0x76, 0x30, 0x0, 0x6, 0xff,
    0xf3, 0x0, 0x0, 0x0, 0x6f, 0xff, 0x30, 0x0,
    0x0, 0x5, 0xff, 0xf2, 0x0, 0x0, 0x0, 0x6f,
    0xff, 0x20, 0x0, 0x0, 0x6, 0xff, 0xf3, 0x0,
    0x0, 0x0, 0x5f, 0xff, 0x20, 0x0, 0x0, 0x5,
    0xff, 0xf2, 0x0, 0x0, 0x0, 0x6f, 0xff, 0x30,
    0x0, 0x0, 0x6, 0xff, 0xf3, 0x0, 0x0, 0x0,
    0x5f, 0xff, 0x10, 0x0, 0x0, 0x6, 0xff, 0xf3,
    0x0, 0x0, 0x0, 0x6f, 0xff, 0x30, 0x0, 0x0,
    0x5, 0xff, 0xf2, 0x0, 0x0, 0x0, 0x5f, 0xff,
    0x20, 0x0, 0x0, 0x6, 0xff, 0xf3, 0x0, 0x0,
    0x0, 0x6f, 0xff, 0x30, 0x0, 0x5, 0x69, 0xff,
    0xf7, 0x64, 0x0, 0xef, 0xff, 0xff, 0xff, 0xb0,
    0xf, 0xff, 0xff, 0xff, 0xfc, 0x0, 0xef, 0xff,
    0xff, 0xff, 0xa0,

    /* U+00CF "Ï" */
    0x46, 0x64, 0x0, 0x6, 0x66, 0x3c, 0xff, 0xd0,
    0x0, 0xff, 0xf9, 0xcf, 0xfe, 0x0, 0x1f, 0xff,
    0x9b, 0xff, 0xc0, 0x0, 0xff, 0xf8, 0x0, 0x0,
    0x0, 0x0, 0x0, 0x0, 0x0, 0x0, 0x0, 0x0,
    0x0, 0x0, 0x0, 0x0, 0x0, 0x0, 0x0, 0xef,
    0xff, 0xff, 0xff, 0xa0, 0xf, 0xff, 0xff, 0xff,
    0xfc, 0x0, 0xef, 0xff, 0xff, 0xff, 0xb0, 0x5,
    0x69, 0xff, 0xf7, 0x63, 0x0, 0x0, 0x6f, 0xff,
    0x30, 0x0, 0x0, 0x6, 0xff, 0xf3, 0x0, 0x0,
    0x0, 0x5f, 0xff, 0x20, 0x0, 0x0, 0x6, 0xff,
    0xf2, 0x0, 0x0, 0x0, 0x6f, 0xff, 0x30, 0x0,
    0x0, 0x5, 0xff, 0xf2, 0x0, 0x0, 0x0, 0x5f,
    0xff, 0x20, 0x0, 0x0, 0x6, 0xff, 0xf3, 0x0,
    0x0, 0x0, 0x6f, 0xff, 0x30, 0x0, 0x0, 0x5,
    0xff, 0xf1, 0x0, 0x0, 0x0, 0x6f, 0xff, 0x30,
    0x0, 0x0, 0x6, 0xff, 0xf3, 0x0, 0x0, 0x0,
    0x5f, 0xff, 0x20, 0x0, 0x0, 0x5, 0xff, 0xf2,
    0x0, 0x0, 0x0, 0x6f, 0xff, 0x30, 0x0, 0x0,
    0x6, 0xff, 0xf3, 0x0, 0x0, 0x56, 0x9f, 0xff,
    0x76, 0x40, 0xe, 0xff, 0xff, 0xff, 0xfb, 0x0,
    0xff, 0xff, 0xff, 0xff, 0xc0, 0xe, 0xff, 0xff,
    0xff, 0xfa, 0x0,

    /* U+00D0 "Ð" */
    0x6f, 0xff, 0xff, 0xff, 0xff, 0xd0, 0x0, 0x7,
    0xff, 0xff, 0xff, 0xff, 0xfe, 0x0, 0x0, 0x7f,
    0xff, 0xff, 0xff, 0xff, 0xe0, 0x0, 0x2, 0x6c,
    0xff, 0xd6, 0x66, 0xfd, 0x0, 0x0, 0x0, 0xcf,
    0xfd, 0x0, 0xf, 0xff, 0x80, 0x0, 0xc, 0xff,
    0xd0, 0x1, 0xff, 0xf9, 0x0, 0x0, 0xbf, 0xfc,
    0x0, 0xf, 0xff, 0x70, 0x0, 0xb, 0xff, 0xc0,
    0x0, 0x5, 0xff, 0xf3, 0x0, 0xcf, 0xfd, 0x0,
    0x0, 0x6f, 0xff, 0x40, 0xb, 0xff, 0xd0, 0x0,
    0x5, 0xff, 0xf3, 0x26, 0xcf, 0xfd, 0x62, 0x0,
    0x4f, 0xff, 0x27, 0xff, 0xff, 0xff, 0x80, 0x5,
    0xff, 0xf3, 0x7f, 0xff, 0xff, 0xf8, 0x0, 0x6f,
    0xff, 0x46, 0xff, 0xff, 0xff, 0x70, 0x5, 0xff,
    0xf3, 0x0, 0xbf, 0xfc, 0x0, 0x0, 0x5f, 0xff,
    0x30, 0xc, 0xff, 0xd0, 0x0, 0x6, 0xff, 0xf4,
    0x0, 0xbf, 0xfc, 0x0, 0x0, 0x4f, 0xff, 0x30,
    0xb, 0xff, 0xc0, 0x0, 0xcd, 0xf9, 0x30, 0x0,
    0xcf, 0xfd, 0x0, 0x1f, 0xff, 0x90, 0x0, 0xc,
    0xff, 0xd0, 0x0, 0xff, 0xf8, 0x0, 0x26, 0xcf,
    0xfd, 0x66, 0x6f, 0xe9, 0x40, 0x7, 0xff, 0xff,
    0xff, 0xff, 0xfe, 0x0, 0x0, 0x7f, 0xff, 0xff,
    0xff, 0xff, 0xe0, 0x0, 0x6, 0xff, 0xff, 0xff,
    0xff, 0xfd, 0x0, 0x0,

    /* U+00D1 "Ñ" */
    0x0, 0xe, 0xff, 0xff, 0x40, 0x7, 0xff, 0x30,
    0x0, 0xff, 0xff, 0xf6, 0x0, 0x8f, 0xf4, 0x0,
    0xe, 0xff, 0xff, 0x50, 0x8, 0xff, 0x32, 0x66,
    0x66, 0x6a, 0xf9, 0x66, 0x66, 0x60, 0x7f, 0xf5,
    0x0, 0x9f, 0xff, 0xfb, 0x0, 0x7, 0xff, 0x50,
    0x9, 0xff, 0xff, 0xc0, 0x0, 0x6f, 0xf4, 0x0,
    0x8f, 0xff, 0xfa, 0x0, 0x0, 0x0, 0x0, 0x0,
    0x0, 0x0, 0x0, 0x0, 0x0, 0x0, 0x0, 0x0,
    0x0, 0x0, 0x0, 0x0, 0x0, 0x0, 0x0, 0x0,
    0x0, 0x0, 0x0, 0x6f, 0xff, 0xf0, 0x0, 0x0,
    0x5f, 0xff, 0x37, 0xff, 0xff, 0x0, 0x0, 0x6,
    0xff, 0xf4, 0x6f, 0xff, 0xf0, 0x0, 0x0, 0x5f,
    0xff, 0x35, 0xff, 0xff, 0xc2, 0x0, 0x4, 0xff,
    0xf2, 0x7f, 0xff, 0xff, 0x40, 0x0, 0x6f, 0xff,
    0x47, 0xff, 0xff, 0xf4, 0x0, 0x6, 0xff, 0xf4,
    0x6f, 0xff, 0xff, 0x30, 0x0, 0x4f, 0xff, 0x36,
    0xff, 0xff, 0xff, 0x70, 0x5, 0xff, 0xf3, 0x7f,
    0xff, 0xff, 0xf8, 0x0, 0x6f, 0xff, 0x46, 0xff,
    0xff, 0xff, 0x70, 0x4, 0xff, 0xf3, 0x5f, 0xff,
    0x15, 0xfe, 0xd1, 0x4f, 0xff, 0x27, 0xff, 0xf2,
    0x6f, 0xff, 0x36, 0xff, 0xf4, 0x7f, 0xff, 0x26,
    0xff, 0xf3, 0x6f, 0xff, 0x46, 0xff, 0xf1, 0x4c,
    0xef, 0x24, 0xff, 0xf3, 0x6f, 0xff, 0x10, 0xb,
    0xff, 0xff, 0xff, 0x37, 0xff, 0xf2, 0x0, 0xbf,
    0xff, 0xff, 0xf4, 0x5f, 0xff, 0x10, 0xa, 0xff,
    0xff, 0xff, 0x26, 0xff, 0xf1, 0x0, 0x6, 0xff,
    0xff, 0xf3, 0x7f, 0xff, 0x20, 0x0, 0x7f, 0xff,
    0xff, 0x47, 0xff, 0xf2, 0x0, 0x7, 0xff, 0xff,
    0xf4, 0x5f, 0xff, 0x10, 0x0, 0x5c, 0xdf, 0xff,
    0x26, 0xff, 0xf2, 0x0, 0x0, 0x5, 0xff, 0xf3,
    0x7f, 0xff, 0x30, 0x0, 0x0, 0x6f, 0xff, 0x46,
    0xff, 0xf1, 0x0, 0x0, 0x5, 0xff, 0xf3,

    /* U+00D2 "Ò" */
    0x0, 0x0, 0xff, 0xf7, 0x0, 0x0, 0x0, 0x0,
    0x0, 0x1f, 0xff, 0x80, 0x0, 0x0, 0x0, 0x0,
    0x1, 0xff, 0xf8, 0x0, 0x0, 0x0, 0x0, 0x0,
    0x6, 0x9f, 0xa6, 0x0, 0x0, 0x0, 0x0, 0x0,
    0x6, 0xff, 0xf3, 0x0, 0x0, 0x0, 0x0, 0x0,
    0x7f, 0xff, 0x30, 0x0, 0x0, 0x0, 0x0, 0x5,
    0xff, 0xf2, 0x0, 0x0, 0x0, 0x0, 0x0, 0x0,
    0x0, 0x0, 0x0, 0x0, 0x0, 0x0, 0x0, 0x0,
    0x0, 0x0, 0x0, 0x0, 0x0, 0x0, 0x0, 0x0,
    0x0, 0x0, 0x0, 0x0, 0x0, 0xff, 0xff, 0xff,
    0xd0, 0x0, 0x0, 0x0, 0x1f, 0xff, 0xff, 0xfe,
    0x0, 0x0, 0x0, 0x1, 0xff, 0xff, 0xff, 0xe0,
    0x0, 0x0, 0x0, 0xf, 0x96, 0x66, 0xbd, 0x0,
    0x0, 0x2, 0xff, 0xf6, 0x0, 0xa, 0xff, 0xf0,
    0x0, 0x3f, 0xff, 0x70, 0x0, 0xaf, 0xff, 0x0,
    0x1, 0xff, 0xf5, 0x0, 0x9, 0xff, 0xe0, 0x6,
    0xff, 0xf1, 0x0, 0x0, 0x5, 0xff, 0xf3, 0x7f,
    0xff, 0x30, 0x0, 0x0, 0x6f, 0xff, 0x46, 0xff,
    0xf2, 0x0, 0x0, 0x5, 0xff, 0xf3, 0x5f, 0xff,
    0x10, 0x0, 0x0, 0x4f, 0xff, 0x27, 0xff, 0xf2,
    0x0, 0x0, 0x6, 0xff, 0xf4, 0x7f, 0xff, 0x20,
    0x0, 0x0, 0x5f, 0xff, 0x35, 0xff, 0xf1, 0x0,
    0x0, 0x4, 0xff, 0xf2, 0x6f, 0xff, 0x20, 0x0,
    0x0, 0x5f, 0xff, 0x37, 0xff, 0xf2, 0x0, 0x0,
    0x6, 0xff, 0xf4, 0x6f, 0xff, 0x10, 0x0, 0x0,
    0x4f, 0xff, 0x31, 0x4f, 0xfc, 0x40, 0x0, 0x7d,
    0xff, 0x30, 0x3, 0xff, 0xf7, 0x0, 0xa, 0xff,
    0xf0, 0x0, 0x2f, 0xff, 0x60, 0x0, 0x9f, 0xff,
    0x0, 0x0, 0x99, 0xf9, 0x66, 0x6b, 0xe9, 0x80,
    0x0, 0x0, 0x1f, 0xff, 0xff, 0xfe, 0x0, 0x0,
    0x0, 0x1, 0xff, 0xff, 0xff, 0xe0, 0x0, 0x0,
    0x0, 0xf, 0xff, 0xff, 0xfd, 0x0, 0x0,

    /* U+00D3 "Ó" */
    0x0, 0x0, 0x0, 0xa, 0xff, 0xd0, 0x0, 0x0,
    0x0, 0x0, 0x0, 0xcf, 0xfe, 0x0, 0x0, 0x0,
    0x0, 0x0, 0xb, 0xff, 0xe0, 0x0, 0x0, 0x0,
    0x0, 0x26, 0xcf, 0x74, 0x0, 0x0, 0x0, 0x0,
    0x6, 0xff, 0xf3, 0x0, 0x0, 0x0, 0x0, 0x0,
    0x7f, 0xff, 0x30, 0x0, 0x0, 0x0, 0x0, 0x5,
    0xff, 0xf2, 0x0, 0x0, 0x0, 0x0, 0x0, 0x0,
    0x0, 0x0, 0x0, 0x0, 0x0, 0x0, 0x0, 0x0,
    0x0, 0x0, 0x0, 0x0, 0x0, 0x0, 0x0, 0x0,
    0x0, 0x0, 0x0, 0x0, 0x0, 0xff, 0xff, 0xff,
    0xd0, 0x0, 0x0, 0x0, 0x1f, 0xff, 0xff, 0xfe,
    0x0, 0x0, 0x0, 0x1, 0xff, 0xff, 0xff, 0xe0,
    0x0, 0x0, 0x0, 0xf, 0x96, 0x66, 0xbd, 0x0,
    0x0, 0x2, 0xff, 0xf6, 0x0, 0xa, 0xff, 0xf0,
    0x0, 0x3f, 0xff, 0x70, 0x0, 0xaf, 0xff, 0x0,
    0x1, 0xff, 0xf5, 0x0, 0x9, 0xff, 0xe0, 0x6,
    0xff, 0xf1, 0x0, 0x0, 0x5, 0xff, 0xf3, 0x7f,
    0xff, 0x30, 0x0, 0x0, 0x6f, 0xff, 0x46, 0xff,
    0xf2, 0x0, 0x0, 0x5, 0xff, 0xf3, 0x5f, 0xff,
    0x10, 0x0, 0x0, 0x4f, 0xff, 0x27, 0xff, 0xf2,
    0x0, 0x0, 0x6, 0xff, 0xf4, 0x7f, 0xff, 0x20,
    0x0, 0x0, 0x5f, 0xff, 0x35, 0xff, 0xf1, 0x0,
    0x0, 0x4, 0xff, 0xf2, 0x6f, 0xff, 0x20, 0x0,
    0x0, 0x5f, 0xff, 0x37, 0xff, 0xf2, 0x0, 0x0,
    0x6, 0xff, 0xf4, 0x6f, 0xff, 0x10, 0x0, 0x0,
    0x4f, 0xff, 0x31, 0x4f, 0xfc, 0x40, 0x0, 0x7d,
    0xff, 0x30, 0x3, 0xff, 0xf7, 0x0, 0xa, 0xff,
    0xf0, 0x0, 0x2f, 0xff, 0x60, 0x0, 0x9f, 0xff,
    0x0, 0x0, 0x99, 0xf9, 0x66, 0x6b, 0xe9, 0x80,
    0x0, 0x0, 0x1f, 0xff, 0xff, 0xfe, 0x0, 0x0,
    0x0, 0x1, 0xff, 0xff, 0xff, 0xe0, 0x0, 0x0,
    0x0, 0xf, 0xff, 0xff, 0xfd, 0x0, 0x0,

    /* U+00D4 "Ô" */
    0x0, 0x0, 0x3f, 0xff, 0xff, 0x0, 0x0, 0x0,
    0x0, 0x4, 0xff, 0xff, 0xf1, 0x0, 0x0, 0x0,
    0x0, 0x4f, 0xff, 0xff, 0x0, 0x0, 0x0, 0x1,
    0x68, 0xf8, 0x6a, 0xf6, 0x60, 0x0, 0x0, 0x5f,
    0xff, 0x40, 0x7f, 0xff, 0x20, 0x0, 0x6, 0xff,
    0xf4, 0x8, 0xff, 0xf2, 0x0, 0x0, 0x4f, 0xff,
    0x30, 0x6f, 0xff, 0x10, 0x0, 0x0, 0x0, 0x0,
    0x0, 0x0, 0x0, 0x0, 0x0, 0x0, 0x0, 0x0,
    0x0, 0x0, 0x0, 0x0, 0x0, 0x0, 0x0, 0x0,
    0x0, 0x0, 0x0, 0x0, 0x0, 0xff, 0xff, 0xff,
    0xd0, 0x0, 0x0, 0x0, 0x1f, 0xff, 0xff, 0xfe,
    0x0, 0x0, 0x0, 0x1, 0xff, 0xff, 0xff, 0xe0,
    0x0, 0x0, 0x0, 0xf, 0x96, 0x66, 0xbd, 0x0,
    0x0, 0x2, 0xff, 0xf6, 0x0, 0xa, 0xff, 0xf0,
    0x0, 0x3f, 0xff, 0x70, 0x0, 0xaf, 0xff, 0x0,
    0x1, 0xff, 0xf5, 0x0, 0x9, 0xff, 0xe0, 0x6,
    0xff, 0xf1, 0x0, 0x0, 0x5, 0xff, 0xf3, 0x7f,
    0xff, 0x30, 0x0, 0x0, 0x6f, 0xff, 0x46, 0xff,
    0xf2, 0x0, 0x0, 0x5, 0xff, 0xf3, 0x5f, 0xff,
    0x10, 0x0, 0x0, 0x4f, 0xff, 0x27, 0xff, 0xf2,
    0x0, 0x0, 0x6, 0xff, 0xf4, 0x7f, 0xff, 0x20,
    0x0, 0x0, 0x5f, 0xff, 0x35, 0xff, 0xf1, 0x0,
    0x0, 0x4, 0xff, 0xf2, 0x6f, 0xff, 0x20, 0x0,
    0x0, 0x5f, 0xff, 0x37, 0xff, 0xf2, 0x0, 0x0,
    0x6, 0xff, 0xf4, 0x6f, 0xff, 0x10, 0x0, 0x0,
    0x4f, 0xff, 0x31, 0x4f, 0xfc, 0x40, 0x0, 0x7d,
    0xff, 0x30, 0x3, 0xff, 0xf7, 0x0, 0xa, 0xff,
    0xf0, 0x0, 0x2f, 0xff, 0x60, 0x0, 0x9f, 0xff,
    0x0, 0x0, 0x99, 0xf9, 0x66, 0x6b, 0xe9, 0x80,
    0x0, 0x0, 0x1f, 0xff, 0xff, 0xfe, 0x0, 0x0,
    0x0, 0x1, 0xff, 0xff, 0xff, 0xe0, 0x0, 0x0,
    0x0, 0xf, 0xff, 0xff, 0xfd, 0x0, 0x0,

    /* U+00D5 "Õ" */
    0x0, 0xe, 0xff, 0xff, 0x40, 0x7, 0xff, 0x30,
    0x0, 0xff, 0xff, 0xf6, 0x0, 0x8f, 0xf4, 0x0,
    0xe, 0xff, 0xff, 0x50, 0x8, 0xff, 0x32, 0x66,
    0x66, 0x6a, 0xf9, 0x66, 0x66, 0x60, 0x7f, 0xf5,
    0x0, 0x9f, 0xff, 0xfb, 0x0, 0x7, 0xff, 0x50,
    0x9, 0xff, 0xff, 0xc0, 0x0, 0x6f, 0xf4, 0x0,
    0x8f, 0xff, 0xfa, 0x0, 0x0, 0x0, 0x0, 0x0,
    0x0, 0x0, 0x0, 0x0, 0x0, 0x0, 0x0, 0x0,
    0x0, 0x0, 0x0, 0x0, 0x0, 0x0, 0x0, 0x0,
    0x0, 0x0, 0x0, 0x0, 0x0, 0xff, 0xff, 0xff,
    0xd0, 0x0, 0x0, 0x0, 0x1f, 0xff, 0xff, 0xfe,
    0x0, 0x0, 0x0, 0x1, 0xff, 0xff, 0xff, 0xe0,
    0x0, 0x0, 0x0, 0xf, 0x96, 0x66, 0xbd, 0x0,
    0x0, 0x2, 0xff, 0xf6, 0x0, 0xa, 0xff, 0xf0,
    0x0, 0x3f, 0xff, 0x70, 0x0, 0xaf, 0xff, 0x0,
    0x1, 0xff, 0xf5, 0x0, 0x9, 0xff, 0xe0, 0x6,
    0xff, 0xf1, 0x0, 0x0, 0x5, 0xff, 0xf3, 0x7f,
    0xff, 0x30, 0x0, 0x0, 0x6f, 0xff, 0x46, 0xff,
    0xf2, 0x0, 0x0, 0x5, 0xff, 0xf3, 0x5f, 0xff,
    0x10, 0x0, 0x0, 0x4f, 0xff, 0x27, 0xff, 0xf2,
    0x0, 0x0, 0x6, 0xff, 0xf4, 0x7f, 0xff, 0x20,
    0x0, 0x0, 0x5f, 0xff, 0x35, 0xff, 0xf1, 0x0,
    0x0, 0x4, 0xff, 0xf2, 0x6f, 0xff, 0x20, 0x0,
    0x0, 0x5f, 0xff, 0x37, 0xff, 0xf2, 0x0, 0x0,
    0x6, 0xff, 0xf4, 0x6f, 0xff, 0x10, 0x0, 0x0,
    0x4f, 0xff, 0x31, 0x4f, 0xfc, 0x40, 0x0, 0x7d,
    0xff, 0x30, 0x3, 0xff, 0xf7, 0x0, 0xa, 0xff,
    0xf0, 0x0, 0x2f, 0xff, 0x60, 0x0, 0x9f, 0xff,
    0x0, 0x0, 0x99, 0xf9, 0x66, 0x6b, 0xe9, 0x80,
    0x0, 0x0, 0x1f, 0xff, 0xff, 0xfe, 0x0, 0x0,
    0x0, 0x1, 0xff, 0xff, 0xff, 0xe0, 0x0, 0x0,
    0x0, 0xf, 0xff, 0xff, 0xfd, 0x0, 0x0,

    /* U+00D6 "Ö" */
    0x0, 0x46, 0x64, 0x0, 0x6, 0x66, 0x30, 0x0,
    0xc, 0xff, 0xd0, 0x0, 0xff, 0xf9, 0x0, 0x0,
    0xcf, 0xfe, 0x0, 0x1f, 0xff, 0x90, 0x0, 0xb,
    0xff, 0xc0, 0x0, 0xff, 0xf8, 0x0, 0x0, 0x0,
    0x0, 0x0, 0x0, 0x0, 0x0, 0x0, 0x0, 0x0,
    0x0, 0x0, 0x0, 0x0, 0x0, 0x0, 0x0, 0x0,
    0x0, 0x0, 0x0, 0x0, 0x0, 0x0, 0xf, 0xff,
    0xff, 0xfd, 0x0, 0x0, 0x0, 0x1, 0xff, 0xff,
    0xff, 0xe0, 0x0, 0x0, 0x0, 0x1f, 0xff, 0xff,
    0xfe, 0x0, 0x0, 0x0, 0x0, 0xf9, 0x66, 0x6b,
    0xd0, 0x0, 0x0, 0x2f, 0xff, 0x60, 0x0, 0xaf,
    0xff, 0x0, 0x3, 0xff, 0xf7, 0x0, 0xa, 0xff,
    0xf0, 0x0, 0x1f, 0xff, 0x50, 0x0, 0x9f, 0xfe,
    0x0, 0x6f, 0xff, 0x10, 0x0, 0x0, 0x5f, 0xff,
    0x37, 0xff, 0xf3, 0x0, 0x0, 0x6, 0xff, 0xf4,
    0x6f, 0xff, 0x20, 0x0, 0x0, 0x5f, 0xff, 0x35,
    0xff, 0xf1, 0x0, 0x0, 0x4, 0xff, 0xf2, 0x7f,
    0xff, 0x20, 0x0, 0x0, 0x6f, 0xff, 0x47, 0xff,
    0xf2, 0x0, 0x0, 0x5, 0xff, 0xf3, 0x5f, 0xff,
    0x10, 0x0, 0x0, 0x4f, 0xff, 0x26, 0xff, 0xf2,
    0x0, 0x0, 0x5, 0xff, 0xf3, 0x7f, 0xff, 0x20,
    0x0, 0x0, 0x6f, 0xff, 0x46, 0xff, 0xf1, 0x0,
    0x0, 0x4, 0xff, 0xf3, 0x14, 0xff, 0xc4, 0x0,
    0x7, 0xdf, 0xf3, 0x0, 0x3f, 0xff, 0x70, 0x0,
    0xaf, 0xff, 0x0, 0x2, 0xff, 0xf6, 0x0, 0x9,
    0xff, 0xf0, 0x0, 0x9, 0x9f, 0x96, 0x66, 0xbe,
    0x98, 0x0, 0x0, 0x1, 0xff, 0xff, 0xff, 0xe0,
    0x0, 0x0, 0x0, 0x1f, 0xff, 0xff, 0xfe, 0x0,
    0x0, 0x0, 0x0, 0xff, 0xff, 0xff, 0xd0, 0x0,
    0x0,

    /* U+00D7 "×" */
    0xbf, 0xf0, 0x0, 0x2, 0xff, 0x8c, 0xff, 0x0,
    0x0, 0x3f, 0xf9, 0xcf, 0xf0, 0x0, 0x3, 0xff,
    0x84, 0xaf, 0x61, 0x2, 0x7f, 0x82, 0x8, 0xff,
    0x40, 0x7f, 0xf4, 0x0, 0x8f, 0xf4, 0x8, 0xff,
    0x50, 0x7, 0xff, 0x30, 0x6f, 0xf4, 0x0, 0x0,
    0xcf, 0xff, 0x90, 0x0, 0x0, 0xd, 0xff, 0xfa,
    0x0, 0x0, 0x0, 0xcf, 0xff, 0x90, 0x0, 0x0,
    0xb, 0xff, 0xf8, 0x0, 0x0, 0x0, 0xdf, 0xff,
    0xa0, 0x0, 0x0, 0xd, 0xff, 0xfa, 0x0, 0x0,
    0x0, 0xcd, 0xcd, 0x90, 0x0, 0x7, 0xff, 0x40,
    0x7f, 0xf4, 0x0, 0x8f, 0xf4, 0x7, 0xff, 0x50,
    0x6, 0xff, 0x30, 0x6f, 0xf3, 0xb, 0xff, 0x0,
    0x0, 0x2f, 0xf8, 0xcf, 0xf0, 0x0, 0x3, 0xff,
    0x9b, 0xff, 0x0, 0x0, 0x2f, 0xf8, 0x46, 0x50,
    0x0, 0x0, 0x66, 0x20,

    /* U+00D8 "Ø" */
    0x0, 0x0, 0x0, 0x0, 0x0, 0x5f, 0xff, 0x30,
    0x0, 0x0, 0x0, 0x0, 0x6, 0xff, 0xf4, 0x0,
    0x0, 0x0, 0x0, 0x0, 0x4f, 0xff, 0x20, 0x0,
    0xf, 0xff, 0xff, 0xff, 0xfe, 0x0, 0x0, 0x1,
    0xff, 0xff, 0xff, 0xff, 0xf0, 0x0, 0x0, 0x1f,
    0xff, 0xff, 0xff, 0xff, 0x0, 0x0, 0x66, 0xf9,
    0x66, 0xaf, 0xff, 0xf6, 0x10, 0x3f, 0xff, 0x60,
    0x7, 0xff, 0xff, 0xf3, 0x3, 0xff, 0xf7, 0x0,
    0x8f, 0xff, 0xff, 0x40, 0x2f, 0xff, 0x50, 0x6,
    0xff, 0xff, 0xf3, 0x6f, 0xff, 0x10, 0xe, 0xf5,
    0x5f, 0xff, 0x37, 0xff, 0xf3, 0x0, 0xff, 0x76,
    0xff, 0xf4, 0x6f, 0xff, 0x20, 0xe, 0xf6, 0x5f,
    0xff, 0x35, 0xff, 0xf1, 0x6, 0xeb, 0x14, 0xff,
    0xf2, 0x7f, 0xff, 0x20, 0xcf, 0x90, 0x5f, 0xff,
    0x37, 0xff, 0xf3, 0xc, 0xf9, 0x6, 0xff, 0xf4,
    0x6f, 0xff, 0x10, 0xbf, 0x80, 0x4f, 0xff, 0x36,
    0xff, 0xf1, 0x9f, 0xb0, 0x5, 0xff, 0xf3, 0x7f,
    0xff, 0x2a, 0xfc, 0x0, 0x6f, 0xff, 0x46, 0xff,
    0xf1, 0x8f, 0xa0, 0x4, 0xff, 0xf3, 0x5f, 0xff,
    0xce, 0x52, 0x7, 0xdf, 0xf3, 0x7, 0xff, 0xff,
    0xf4, 0x0, 0xaf, 0xff, 0x0, 0x6f, 0xff, 0xff,
    0x40, 0x9, 0xff, 0xf0, 0x3, 0xaf, 0xff, 0xf8,
    0x66, 0xbe, 0x98, 0x0, 0x3, 0xff, 0xff, 0xff,
    0xff, 0xe0, 0x0, 0x0, 0x3f, 0xff, 0xff, 0xff,
    0xfe, 0x0, 0x0, 0x2, 0xff, 0xff, 0xff, 0xff,
    0xd0, 0x0, 0x6, 0xff, 0xf1, 0x0, 0x0, 0x0,
    0x0, 0x0, 0x7f, 0xff, 0x30, 0x0, 0x0, 0x0,
    0x0, 0x6, 0xff, 0xf2, 0x0, 0x0, 0x0, 0x0,
    0x0, 0x26, 0x66, 0x0, 0x0, 0x0, 0x0, 0x0,
    0x0,

    /* U+00D9 "Ù" */
    0x0, 0x0, 0xff, 0xf7, 0x0, 0x0, 0x0, 0x0,
    0x0, 0x1f, 0xff, 0x80, 0x0, 0x0, 0x0, 0x0,
    0x1, 0xff, 0xf8, 0x0, 0x0, 0x0, 0x0, 0x0,
    0x6, 0x9f, 0xa6, 0x0, 0x0, 0x0, 0x0, 0x0,
    0x6, 0xff, 0xf3, 0x0, 0x0, 0x0, 0x0, 0x0,
    0x7f, 0xff, 0x30, 0x0, 0x0, 0x0, 0x0, 0x5,
    0xff, 0xf2, 0x0, 0x0, 0x0, 0x0, 0x0, 0x0,
    0x0, 0x0, 0x0, 0x0, 0x0, 0x0, 0x0, 0x0,
    0x0, 0x0, 0x0, 0x0, 0x0, 0x0, 0x0, 0x0,
    0x0, 0x0, 0x0, 0x6f, 0xff, 0x10, 0x0, 0x0,
    0x5f, 0xff, 0x37, 0xff, 0xf3, 0x0, 0x0, 0x6,
    0xff, 0xf4, 0x7f, 0xff, 0x20, 0x0, 0x0, 0x5f,
    0xff, 0x35, 0xff, 0xf1, 0x0, 0x0, 0x4, 0xff,
    0xf2, 0x7f, 0xff, 0x20, 0x0, 0x0, 0x6f, 0xff,
    0x47, 0xff, 0xf2, 0x0, 0x0, 0x6, 0xff, 0xf4,
    0x5f, 0xff, 0x10, 0x0, 0x0, 0x4f, 0xff, 0x26,
    0xff, 0xf2, 0x0, 0x0, 0x5, 0xff, 0xf3, 0x7f,
    0xff, 0x20, 0x0, 0x0, 0x6f, 0xff, 0x46, 0xff,
    0xf1, 0x0, 0x0, 0x5, 0xff, 0xf3, 0x5f, 0xff,
    0x10, 0x0, 0x0, 0x4f, 0xff, 0x27, 0xff, 0xf2,
    0x0, 0x0, 0x6, 0xff, 0xf4, 0x7f, 0xff, 0x20,
    0x0, 0x0, 0x6f, 0xff, 0x45, 0xff, 0xf1, 0x0,
    0x0, 0x4, 0xff, 0xf2, 0x6f, 0xff, 0x20, 0x0,
    0x0, 0x5f, 0xff, 0x37, 0xff, 0xf2, 0x0, 0x0,
    0x6, 0xff, 0xf4, 0x6f, 0xff, 0x10, 0x0, 0x0,
    0x4f, 0xff, 0x25, 0xff, 0xf1, 0x0, 0x0, 0x4,
    0xff, 0xf2, 0x7f, 0xff, 0x20, 0x0, 0x0, 0x6f,
    0xff, 0x46, 0xff, 0xf2, 0x0, 0x0, 0x5, 0xff,
    0xf3, 0x39, 0xdf, 0x76, 0x66, 0x66, 0x9f, 0xc9,
    0x10, 0xc, 0xff, 0xff, 0xff, 0xff, 0xf9, 0x0,
    0x0, 0xcf, 0xff, 0xff, 0xff, 0xff, 0x90, 0x0,
    0xb, 0xff, 0xff, 0xff, 0xff, 0xf8, 0x0,

    /* U+00DA "Ú" */
    0x0, 0x0, 0x0, 0xa, 0xff, 0xd0, 0x0, 0x0,
    0x0, 0x0, 0x0, 0xcf, 0xfe, 0x0, 0x0, 0x0,
    0x0, 0x0, 0xb, 0xff, 0xe0, 0x0, 0x0, 0x0,
    0x0, 0x26, 0xcf, 0x74, 0x0, 0x0, 0x0, 0x0,
    0x6, 0xff, 0xf3, 0x0, 0x0, 0x0, 0x0, 0x0,
    0x7f, 0xff, 0x30, 0x0, 0x0, 0x0, 0x0, 0x5,
    0xff, 0xf2, 0x0, 0x0, 0x0, 0x0, 0x0, 0x0,
    0x0, 0x0, 0x0, 0x0, 0x0, 0x0, 0x0, 0x0,
    0x0, 0x0, 0x0, 0x0, 0x0, 0x0, 0x0, 0x0,
    0x0, 0x0, 0x0, 0x6f, 0xff, 0x10, 0x0, 0x0,
    0x5f, 0xff, 0x37, 0xff, 0xf3, 0x0, 0x0, 0x6,
    0xff, 0xf4, 0x7f, 0xff, 0x20, 0x0, 0x0, 0x5f,
    0xff, 0x35, 0xff, 0xf1, 0x0, 0x0, 0x4, 0xff,
    0xf2, 0x7f, 0xff, 0x20, 0x0, 0x0, 0x6f, 0xff,
    0x47, 0xff, 0xf2, 0x0, 0x0, 0x6, 0xff, 0xf4,
    0x5f, 0xff, 0x10, 0x0, 0x0, 0x4f, 0xff, 0x26,
    0xff, 0xf2, 0x0, 0x0, 0x5, 0xff, 0xf3, 0x7f,
    0xff, 0x20, 0x0, 0x0, 0x6f, 0xff, 0x46, 0xff,
    0xf1, 0x0, 0x0, 0x5, 0xff, 0xf3, 0x5f, 0xff,
    0x10, 0x0, 0x0, 0x4f, 0xff, 0x27, 0xff, 0xf2,
    0x0, 0x0, 0x6, 0xff, 0xf4, 0x7f, 0xff, 0x20,
    0x0, 0x0, 0x6f, 0xff, 0x45, 0xff, 0xf1, 0x0,
    0x0, 0x4, 0xff, 0xf2, 0x6f, 0xff, 0x20, 0x0,
    0x0, 0x5f, 0xff, 0x37, 0xff, 0xf2, 0x0, 0x0,
    0x6, 0xff, 0xf4, 0x6f, 0xff, 0x10, 0x0, 0x0,
    0x4f, 0xff, 0x25, 0xff, 0xf1, 0x0, 0x0, 0x4,
    0xff, 0xf2, 0x7f, 0xff, 0x20, 0x0, 0x0, 0x6f,
    0xff, 0x46, 0xff, 0xf2, 0x0, 0x0, 0x5, 0xff,
    0xf3, 0x39, 0xdf, 0x76, 0x66, 0x66, 0x9f, 0xc9,
    0x10, 0xc, 0xff, 0xff, 0xff, 0xff, 0xf9, 0x0,
    0x0, 0xcf, 0xff, 0xff, 0xff, 0xff, 0x90, 0x0,
    0xb, 0xff, 0xff, 0xff, 0xff, 0xf8, 0x0,

    /* U+00DB "Û" */
    0x0, 0x0, 0x3f, 0xff, 0xff, 0x0, 0x0, 0x0,
    0x0, 0x4, 0xff, 0xff, 0xf1, 0x0, 0x0, 0x0,
    0x0, 0x4f, 0xff, 0xff, 0x0, 0x0, 0x0, 0x1,
    0x68, 0xf8, 0x6a, 0xf6, 0x60, 0x0, 0x0, 0x5f,
    0xff, 0x40, 0x7f, 0xff, 0x20, 0x0, 0x6, 0xff,
    0xf4, 0x8, 0xff, 0xf2, 0x0, 0x0, 0x4f, 0xff,
    0x30, 0x6f, 0xff, 0x10, 0x0, 0x0, 0x0, 0x0,
    0x0, 0x0, 0x0, 0x0, 0x0, 0x0, 0x0, 0x0,
    0x0, 0x0, 0x0, 0x0, 0x0, 0x0, 0x0, 0x0,
    0x0, 0x0, 0x0, 0x6f, 0xff, 0x10, 0x0, 0x0,
    0x5f, 0xff, 0x37, 0xff, 0xf3, 0x0, 0x0, 0x6,
    0xff, 0xf4, 0x7f, 0xff, 0x20, 0x0, 0x0, 0x5f,
    0xff, 0x35, 0xff, 0xf1, 0x0, 0x0, 0x4, 0xff,
    0xf2, 0x7f, 0xff, 0x20, 0x0, 0x0, 0x6f, 0xff,
    0x47, 0xff, 0xf2, 0x0, 0x0, 0x6, 0xff, 0xf4,
    0x5f, 0xff, 0x10, 0x0, 0x0, 0x4f, 0xff, 0x26,
    0xff, 0xf2, 0x0, 0x0, 0x5, 0xff, 0xf3, 0x7f,
    0xff, 0x20, 0x0, 0x0, 0x6f, 0xff, 0x46, 0xff,
    0xf1, 0x0, 0x0, 0x5, 0xff, 0xf3, 0x5f, 0xff,
    0x10, 0x0, 0x0, 0x4f, 0xff, 0x27, 0xff, 0xf2,
    0x0, 0x0, 0x6, 0xff, 0xf4, 0x7f, 0xff, 0x20,
    0x0, 0x0, 0x6f, 0xff, 0x45, 0xff, 0xf1, 0x0,
    0x0, 0x4, 0xff, 0xf2, 0x6f, 0xff, 0x20, 0x0,
    0x0, 0x5f, 0xff, 0x37, 0xff, 0xf2, 0x0, 0x0,
    0x6, 0xff, 0xf4, 0x6f, 0xff, 0x10, 0x0, 0x0,
    0x4f, 0xff, 0x25, 0xff, 0xf1, 0x0, 0x0, 0x4,
    0xff, 0xf2, 0x7f, 0xff, 0x20, 0x0, 0x0, 0x6f,
    0xff, 0x46, 0xff, 0xf2, 0x0, 0x0, 0x5, 0xff,
    0xf3, 0x39, 0xdf, 0x76, 0x66, 0x66, 0x9f, 0xc9,
    0x10, 0xc, 0xff, 0xff, 0xff, 0xff, 0xf9, 0x0,
    0x0, 0xcf, 0xff, 0xff, 0xff, 0xff, 0x90, 0x0,
    0xb, 0xff, 0xff, 0xff, 0xff, 0xf8, 0x0,

    /* U+00DC "Ü" */
    0x0, 0x46, 0x64, 0x0, 0x6, 0x66, 0x30, 0x0,
    0xc, 0xff, 0xd0, 0x0, 0xff, 0xf9, 0x0, 0x0,
    0xcf, 0xfe, 0x0, 0x1f, 0xff, 0x90, 0x0, 0xb,
    0xff, 0xc0, 0x0, 0xff, 0xf8, 0x0, 0x0, 0x0,
    0x0, 0x0, 0x0, 0x0, 0x0, 0x0, 0x0, 0x0,
    0x0, 0x0, 0x0, 0x0, 0x0, 0x0, 0x0, 0x0,
    0x0, 0x0, 0x0, 0x0, 0x6, 0xff, 0xf1, 0x0,
    0x0, 0x5, 0xff, 0xf3, 0x7f, 0xff, 0x30, 0x0,
    0x0, 0x6f, 0xff, 0x47, 0xff, 0xf2, 0x0, 0x0,
    0x5, 0xff, 0xf3, 0x5f, 0xff, 0x10, 0x0, 0x0,
    0x4f, 0xff, 0x27, 0xff, 0xf2, 0x0, 0x0, 0x6,
    0xff, 0xf4, 0x7f, 0xff, 0x20, 0x0, 0x0, 0x6f,
    0xff, 0x45, 0xff, 0xf1, 0x0, 0x0, 0x4, 0xff,
    0xf2, 0x6f, 0xff, 0x20, 0x0, 0x0, 0x5f, 0xff,
    0x37, 0xff, 0xf2, 0x0, 0x0, 0x6, 0xff, 0xf4,
    0x6f, 0xff, 0x10, 0x0, 0x0, 0x5f, 0xff, 0x35,
    0xff, 0xf1, 0x0, 0x0, 0x4, 0xff, 0xf2, 0x7f,
    0xff, 0x20, 0x0, 0x0, 0x6f, 0xff, 0x47, 0xff,
    0xf2, 0x0, 0x0, 0x6, 0xff, 0xf4, 0x5f, 0xff,
    0x10, 0x0, 0x0, 0x4f, 0xff, 0x26, 0xff, 0xf2,
    0x0, 0x0, 0x5, 0xff, 0xf3, 0x7f, 0xff, 0x20,
    0x0, 0x0, 0x6f, 0xff, 0x46, 0xff, 0xf1, 0x0,
    0x0, 0x4, 0xff, 0xf2, 0x5f, 0xff, 0x10, 0x0,
    0x0, 0x4f, 0xff, 0x27, 0xff, 0xf2, 0x0, 0x0,
    0x6, 0xff, 0xf4, 0x6f, 0xff, 0x20, 0x0, 0x0,
    0x5f, 0xff, 0x33, 0x9d, 0xf7, 0x66, 0x66, 0x69,
    0xfc, 0x91, 0x0, 0xcf, 0xff, 0xff, 0xff, 0xff,
    0x90, 0x0, 0xc, 0xff, 0xff, 0xff, 0xff, 0xf9,
    0x0, 0x0, 0xbf, 0xff, 0xff, 0xff, 0xff, 0x80,
    0x0,

    /* U+00DD "Ý" */
    0x0, 0x0, 0x0, 0xa, 0xff, 0xd0, 0x0, 0x0,
    0x0, 0x0, 0x0, 0xcf, 0xfe, 0x0, 0x0, 0x0,
    0x0, 0x0, 0xb, 0xff, 0xe0, 0x0, 0x0, 0x0,
    0x0, 0x26, 0xcf, 0x74, 0x0, 0x0, 0x0, 0x0,
    0x6, 0xff, 0xf3, 0x0, 0x0, 0x0, 0x0, 0x0,
    0x7f, 0xff, 0x30, 0x0, 0x0, 0x0, 0x0, 0x5,
    0xff, 0xf2, 0x0, 0x0, 0x0, 0x0, 0x0, 0x0,
    0x0, 0x0, 0x0, 0x0, 0x0, 0x0, 0x0, 0x0,
    0x0, 0x0, 0x0, 0x0, 0x0, 0x0, 0x0, 0x0,
    0x0, 0x0, 0x0, 0x6f, 0xff, 0x10, 0x0, 0x0,
    0x5f, 0xff, 0x37, 0xff, 0xf3, 0x0, 0x0, 0x6,
    0xff, 0xf4, 0x7f, 0xff, 0x20, 0x0, 0x0, 0x5f,
    0xff, 0x35, 0xff, 0xf1, 0x0, 0x0, 0x4, 0xff,
    0xf2, 0x7f, 0xff, 0x20, 0x0, 0x0, 0x5f, 0xff,
    0x47, 0xff, 0xf3, 0x0, 0x0, 0x6, 0xff, 0xf4,
    0x4c, 0xef, 0x10, 0x0, 0x0, 0x4f, 0xec, 0x20,
    0xb, 0xff, 0xc0, 0x0, 0xff, 0xf8, 0x0, 0x0,
    0xcf, 0xfd, 0x0, 0x1f, 0xff, 0x90, 0x0, 0xb,
    0xff, 0xc0, 0x0, 0xff, 0xf8, 0x0, 0x0, 0x46,
    0xfe, 0x99, 0x9f, 0xe6, 0x20, 0x0, 0x0, 0x1f,
    0xff, 0xff, 0xfe, 0x0, 0x0, 0x0, 0x1, 0xff,
    0xff, 0xff, 0xe0, 0x0, 0x0, 0x0, 0xc, 0xdf,
    0xff, 0xda, 0x0, 0x0, 0x0, 0x0, 0x6, 0xff,
    0xf2, 0x0, 0x0, 0x0, 0x0, 0x0, 0x6f, 0xff,
    0x30, 0x0, 0x0, 0x0, 0x0, 0x5, 0xff, 0xf2,
    0x0, 0x0, 0x0, 0x0, 0x0, 0x5f, 0xff, 0x20,
    0x0, 0x0, 0x0, 0x0, 0x6, 0xff, 0xf3, 0x0,
    0x0, 0x0, 0x0, 0x0, 0x6f, 0xff, 0x30, 0x0,
    0x0, 0x0, 0x0, 0x5, 0xff, 0xf1, 0x0, 0x0,
    0x0, 0x0, 0x0, 0x6f, 0xff, 0x30, 0x0, 0x0,
    0x0, 0x0, 0x7, 0xff, 0xf3, 0x0, 0x0, 0x0,
    0x0, 0x0, 0x5f, 0xff, 0x20, 0x0, 0x0,

    /* U+00DE "Þ" */
    0x6f, 0xff, 0xfc, 0x0, 0x0, 0x0, 0x0, 0x7,
    0xff, 0xff, 0xe0, 0x0, 0x0, 0x0, 0x0, 0x7f,
    0xff, 0xfd, 0x0, 0x0, 0x0, 0x0, 0x2, 0x6c,
    0xff, 0xd6, 0x66, 0x65, 0x0, 0x0, 0x0, 0xcf,
    0xff, 0xff, 0xff, 0xe0, 0x0, 0x0, 0xc, 0xff,
    0xff, 0xff, 0xfe, 0x0, 0x0, 0x0, 0xbf, 0xff,
    0xff, 0xff, 0xd0, 0x0, 0x0, 0xb, 0xff, 0xc0,
    0x0, 0x9f, 0xfe, 0x0, 0x0, 0xcf, 0xfd, 0x0,
    0xa, 0xff, 0xf0, 0x0, 0xb, 0xff, 0xd0, 0x0,
    0x9f, 0xff, 0x0, 0x0, 0xaf, 0xfb, 0x0, 0x5,
    0xbf, 0xe6, 0x10, 0xc, 0xff, 0xd0, 0x0, 0x5,
    0xff, 0xf3, 0x0, 0xcf, 0xfd, 0x0, 0x0, 0x6f,
    0xff, 0x40, 0xb, 0xff, 0xc0, 0x0, 0x17, 0xff,
    0xc2, 0x0, 0xcf, 0xfd, 0x0, 0x9, 0xff, 0xf0,
    0x0, 0xc, 0xff, 0xd0, 0x0, 0xaf, 0xff, 0x0,
    0x0, 0xbf, 0xfc, 0x0, 0x8, 0xff, 0xe0, 0x0,
    0xb, 0xff, 0xff, 0xff, 0xfd, 0x32, 0x0, 0x0,
    0xcf, 0xff, 0xff, 0xff, 0xe0, 0x0, 0x0, 0xb,
    0xff, 0xff, 0xff, 0xfd, 0x0, 0x0, 0x26, 0xcf,
    0xfd, 0x66, 0x66, 0x40, 0x0, 0x7, 0xff, 0xff,
    0xd0, 0x0, 0x0, 0x0, 0x0, 0x7f, 0xff, 0xfd,
    0x0, 0x0, 0x0, 0x0, 0x6, 0xff, 0xff, 0xc0,
    0x0, 0x0, 0x0, 0x0,

    /* U+00DF "ß" */
    0x0, 0x0, 0xff, 0xff, 0xff, 0xff, 0x80, 0x0,
    0x0, 0x1f, 0xff, 0xff, 0xff, 0xf9, 0x0, 0x0,
    0x1, 0xff, 0xff, 0xff, 0xff, 0x90, 0x0, 0x4,
    0x6f, 0xd6, 0x66, 0x69, 0xfb, 0x61, 0x0, 0xcf,
    0xfd, 0x0, 0x0, 0x5f, 0xff, 0x30, 0xc, 0xff,
    0xd0, 0x0, 0x6, 0xff, 0xf4, 0x0, 0xbf, 0xfc,
    0x0, 0x0, 0x4f, 0xff, 0x36, 0xff, 0xff, 0xc0,
    0x0, 0x5, 0xff, 0xf3, 0x7f, 0xff, 0xfd, 0x0,
    0x0, 0x6f, 0xff, 0x46, 0xff, 0xff, 0xd0, 0x0,
    0x5, 0xff, 0xf3, 0x26, 0xcf, 0xfb, 0x4, 0x66,
    0x9f, 0xa6, 0x0, 0xc, 0xff, 0xd0, 0xbf, 0xff,
    0xf9, 0x0, 0x0, 0xcf, 0xfe, 0xc, 0xff, 0xff,
    0x90, 0x0, 0xb, 0xff, 0xc0, 0xaf, 0xff, 0xf8,
    0x0, 0x0, 0xbf, 0xfc, 0x0, 0x0, 0x5f, 0xff,
    0x30, 0xc, 0xff, 0xd0, 0x0, 0x6, 0xff, 0xf4,
    0x0, 0xbf, 0xfc, 0x0, 0x0, 0x5f, 0xff, 0x30,
    0xb, 0xff, 0xc0, 0x0, 0x4, 0xff, 0xf2, 0x0,
    0xcf, 0xfd, 0x0, 0x0, 0x6f, 0xff, 0x40, 0xc,
    0xff, 0xd0, 0x0, 0x5, 0xff, 0xf3, 0x26, 0xcf,
    0xfb, 0x4, 0x66, 0x9f, 0xc9, 0x17, 0xff, 0xff,
    0xd0, 0xbf, 0xff, 0xf9, 0x0, 0x7f, 0xff, 0xfe,
    0xc, 0xff, 0xff, 0x90, 0x6, 0xff, 0xff, 0xc0,
    0xaf, 0xff, 0xf8, 0x0,

    /* U+00E0 "à" */
    0x0, 0x0, 0xff, 0xf7, 0x0, 0x0, 0x0, 0x0,
    0x0, 0x1f, 0xff, 0x80, 0x0, 0x0, 0x0, 0x0,
    0x0, 0xff, 0xf7, 0x0, 0x0, 0x0, 0x0, 0x0,
    0x0, 0x5f, 0xff, 0x20, 0x0, 0x0, 0x0, 0x0,
    0x7, 0xff, 0xf3, 0x0, 0x0, 0x0, 0x0, 0x0,
    0x6f, 0xff, 0x30, 0x0, 0x0, 0x0, 0x0, 0x1,
    0x66, 0x60, 0x0, 0x0, 0x0, 0x0, 0x0, 0x0,
    0x0, 0x0, 0x0, 0x0, 0x0, 0x0, 0x0, 0x0,
    0x0, 0x0, 0x0, 0x0, 0x0, 0x0, 0x0, 0x0,
    0x0, 0x0, 0x0, 0x0, 0xe, 0xff, 0xff, 0xff,
    0xd0, 0x0, 0x0, 0x0, 0xff, 0xff, 0xff, 0xfe,
    0x0, 0x0, 0x0, 0xe, 0xff, 0xff, 0xff, 0xd0,
    0x0, 0x0, 0x0, 0x56, 0x66, 0x66, 0xfe, 0x94,
    0x0, 0x0, 0x0, 0x0, 0x0, 0xf, 0xff, 0x90,
    0x0, 0x0, 0x0, 0x0, 0x1, 0xff, 0xf9, 0x0,
    0x0, 0x0, 0x0, 0x0, 0xf, 0xff, 0x80, 0x0,
    0xb, 0xff, 0xff, 0xff, 0xff, 0xf8, 0x0, 0x0,
    0xcf, 0xff, 0xff, 0xff, 0xff, 0x90, 0x0, 0xb,
    0xff, 0xff, 0xff, 0xff, 0xf7, 0x0, 0x6f, 0xff,
    0x10, 0x0, 0xf, 0xff, 0x80, 0x7, 0xff, 0xf2,
    0x0, 0x1, 0xff, 0xf9, 0x0, 0x6f, 0xff, 0x20,
    0x0, 0xf, 0xff, 0x80, 0x2, 0x6c, 0xf7, 0x66,
    0x66, 0x69, 0xfa, 0x61, 0x0, 0xcf, 0xff, 0xff,
    0xf3, 0x5f, 0xff, 0x30, 0xc, 0xff, 0xff, 0xff,
    0x36, 0xff, 0xf4, 0x0, 0xbf, 0xff, 0xff, 0xf2,
    0x4f, 0xff, 0x30,

    /* U+00E1 "á" */
    0x0, 0x0, 0x0, 0xa, 0xff, 0xd0, 0x0, 0x0,
    0x0, 0x0, 0x0, 0xbf, 0xfe, 0x0, 0x0, 0x0,
    0x0, 0x0, 0xa, 0xff, 0xd0, 0x0, 0x0, 0x0,
    0x0, 0x5f, 0xff, 0x20, 0x0, 0x0, 0x0, 0x0,
    0x7, 0xff, 0xf3, 0x0, 0x0, 0x0, 0x0, 0x0,
    0x6f, 0xff, 0x30, 0x0, 0x0, 0x0, 0x0, 0x1,
    0x66, 0x60, 0x0, 0x0, 0x0, 0x0, 0x0, 0x0,
    0x0, 0x0, 0x0, 0x0, 0x0, 0x0, 0x0, 0x0,
    0x0, 0x0, 0x0, 0x0, 0x0, 0x0, 0x0, 0x0,
    0x0, 0x0, 0x0, 0x0, 0xe, 0xff, 0xff, 0xff,
    0xd0, 0x0, 0x0, 0x0, 0xff, 0xff, 0xff, 0xfe,
    0x0, 0x0, 0x0, 0xe, 0xff, 0xff, 0xff, 0xd0,
    0x0, 0x0, 0x0, 0x56, 0x66, 0x66, 0xfe, 0x94,
    0x0, 0x0, 0x0, 0x0, 0x0, 0xf, 0xff, 0x90,
    0x0, 0x0, 0x0, 0x0, 0x1, 0xff, 0xf9, 0x0,
    0x0, 0x0, 0x0, 0x0, 0xf, 0xff, 0x80, 0x0,
    0xb, 0xff, 0xff, 0xff, 0xff, 0xf8, 0x0, 0x0,
    0xcf, 0xff, 0xff, 0xff, 0xff, 0x90, 0x0, 0xb,
    0xff, 0xff, 0xff, 0xff, 0xf7, 0x0, 0x6f, 0xff,
    0x10, 0x0, 0xf, 0xff, 0x80, 0x7, 0xff, 0xf2,
    0x0, 0x1, 0xff, 0xf9, 0x0, 0x6f, 0xff, 0x20,
    0x0, 0xf, 0xff, 0x80, 0x2, 0x6c, 0xf7, 0x66,
    0x66, 0x69, 0xfa, 0x61, 0x0, 0xcf, 0xff, 0xff,
    0xf3, 0x5f, 0xff, 0x30, 0xc, 0xff, 0xff, 0xff,
    0x36, 0xff, 0xf4, 0x0, 0xbf, 0xff, 0xff, 0xf2,
    0x4f, 0xff, 0x30,

    /* U+00E2 "â" */
    0x0, 0x0, 0x3f, 0xff, 0xff, 0x0, 0x0, 0x0,
    0x0, 0x4, 0xff, 0xff, 0xf1, 0x0, 0x0, 0x0,
    0x0, 0x2f, 0xff, 0xff, 0x0, 0x0, 0x0, 0x4,
    0xff, 0xf3, 0x6, 0xff, 0xf1, 0x0, 0x0, 0x6f,
    0xff, 0x40, 0x8f, 0xff, 0x20, 0x0, 0x5, 0xff,
    0xf4, 0x7, 0xff, 0xf2, 0x0, 0x0, 0x16, 0x66,
    0x10, 0x26, 0x66, 0x0, 0x0, 0x0, 0x0, 0x0,
    0x0, 0x0, 0x0, 0x0, 0x0, 0x0, 0x0, 0x0,
    0x0, 0x0, 0x0, 0x0, 0x0, 0x0, 0x0, 0x0,
    0x0, 0x0, 0x0, 0x0, 0xe, 0xff, 0xff, 0xff,
    0xd0, 0x0, 0x0, 0x0, 0xff, 0xff, 0xff, 0xfe,
    0x0, 0x0, 0x0, 0xe, 0xff, 0xff, 0xff, 0xd0,
    0x0, 0x0, 0x0, 0x56, 0x66, 0x66, 0xfe, 0x94,
    0x0, 0x0, 0x0, 0x0, 0x0, 0xf, 0xff, 0x90,
    0x0, 0x0, 0x0, 0x0, 0x1, 0xff, 0xf9, 0x0,
    0x0, 0x0, 0x0, 0x0, 0xf, 0xff, 0x80, 0x0,
    0xb, 0xff, 0xff, 0xff, 0xff, 0xf8, 0x0, 0x0,
    0xcf, 0xff, 0xff, 0xff, 0xff, 0x90, 0x0, 0xb,
    0xff, 0xff, 0xff, 0xff, 0xf7, 0x0, 0x6f, 0xff,
    0x10, 0x0, 0xf, 0xff, 0x80, 0x7, 0xff, 0xf2,
    0x0, 0x1, 0xff, 0xf9, 0x0, 0x6f, 0xff, 0x20,
    0x0, 0xf, 0xff, 0x80, 0x2, 0x6c, 0xf7, 0x66,
    0x66, 0x69, 0xfa, 0x61, 0x0, 0xcf, 0xff, 0xff,
    0xf3, 0x5f, 0xff, 0x30, 0xc, 0xff, 0xff, 0xff,
    0x36, 0xff, 0xf4, 0x0, 0xbf, 0xff, 0xff, 0xf2,
    0x4f, 0xff, 0x30,

    /* U+00E3 "ã" */
    0x0, 0xe, 0xff, 0xff, 0x50, 0x7, 0xff, 0x30,
    0x0, 0xff, 0xff, 0xf6, 0x0, 0x8f, 0xf4, 0x0,
    0xd, 0xff, 0xff, 0x40, 0x7, 0xff, 0x26, 0xff,
    0x40, 0x8, 0xff, 0xff, 0xa0, 0x0, 0x7f, 0xf5,
    0x0, 0x9f, 0xff, 0xfc, 0x0, 0x7, 0xff, 0x50,
    0x9, 0xff, 0xff, 0xb0, 0x0, 0x26, 0x61, 0x0,
    0x26, 0x66, 0x63, 0x0, 0x0, 0x0, 0x0, 0x0,
    0x0, 0x0, 0x0, 0x0, 0x0, 0x0, 0x0, 0x0,
    0x0, 0x0, 0x0, 0x0, 0x0, 0x0, 0x0, 0x0,
    0x0, 0x0, 0x0, 0x0, 0xe, 0xff, 0xff, 0xff,
    0xd0, 0x0, 0x0, 0x0, 0xff, 0xff, 0xff, 0xfe,
    0x0, 0x0, 0x0, 0xe, 0xff, 0xff, 0xff, 0xd0,
    0x0, 0x0, 0x0, 0x56, 0x66, 0x66, 0xfe, 0x94,
    0x0, 0x0, 0x0, 0x0, 0x0, 0xf, 0xff, 0x90,
    0x0, 0x0, 0x0, 0x0, 0x1, 0xff, 0xf9, 0x0,
    0x0, 0x0, 0x0, 0x0, 0xf, 0xff, 0x80, 0x0,
    0xb, 0xff, 0xff, 0xff, 0xff, 0xf8, 0x0, 0x0,
    0xcf, 0xff, 0xff, 0xff, 0xff, 0x90, 0x0, 0xb,
    0xff, 0xff, 0xff, 0xff, 0xf7, 0x0, 0x6f, 0xff,
    0x10, 0x0, 0xf, 0xff, 0x80, 0x7, 0xff, 0xf2,
    0x0, 0x1, 0xff, 0xf9, 0x0, 0x6f, 0xff, 0x20,
    0x0, 0xf, 0xff, 0x80, 0x2, 0x6c, 0xf7, 0x66,
    0x66, 0x69, 0xfa, 0x61, 0x0, 0xcf, 0xff, 0xff,
    0xf3, 0x5f, 0xff, 0x30, 0xc, 0xff, 0xff, 0xff,
    0x36, 0xff, 0xf4, 0x0, 0xbf, 0xff, 0xff, 0xf2,
    0x4f, 0xff, 0x30,

    /* U+00E4 "ä" */
    0x0, 0xbf, 0xfc, 0x0, 0xf, 0xff, 0x80, 0x0,
    0xc, 0xff, 0xe0, 0x1, 0xff, 0xf9, 0x0, 0x0,
    0xcf, 0xfd, 0x0, 0xf, 0xff, 0x80, 0x0, 0x4,
    0x66, 0x40, 0x0, 0x56, 0x62, 0x0, 0x0, 0x0,
    0x0, 0x0, 0x0, 0x0, 0x0, 0x0, 0x0, 0x0,
    0x0, 0x0, 0x0, 0x0, 0x0, 0x0, 0x0, 0x0,
    0x0, 0x0, 0x0, 0x0, 0x0, 0x0, 0xef, 0xff,
    0xff, 0xfd, 0x0, 0x0, 0x0, 0xf, 0xff, 0xff,
    0xff, 0xe0, 0x0, 0x0, 0x0, 0xef, 0xff, 0xff,
    0xfd, 0x0, 0x0, 0x0, 0x5, 0x66, 0x66, 0x6f,
    0xe9, 0x40, 0x0, 0x0, 0x0, 0x0, 0x0, 0xff,
    0xf9, 0x0, 0x0, 0x0, 0x0, 0x0, 0x1f, 0xff,
    0x90, 0x0, 0x0, 0x0, 0x0, 0x0, 0xff, 0xf8,
    0x0, 0x0, 0xbf, 0xff, 0xff, 0xff, 0xff, 0x80,
    0x0, 0xc, 0xff, 0xff, 0xff, 0xff, 0xf9, 0x0,
    0x0, 0xbf, 0xff, 0xff, 0xff, 0xff, 0x70, 0x6,
    0xff, 0xf1, 0x0, 0x0, 0xff, 0xf8, 0x0, 0x7f,
    0xff, 0x20, 0x0, 0x1f, 0xff, 0x90, 0x6, 0xff,
    0xf2, 0x0, 0x0, 0xff, 0xf8, 0x0, 0x26, 0xcf,
    0x76, 0x66, 0x66, 0x9f, 0xa6, 0x10, 0xc, 0xff,
    0xff, 0xff, 0x35, 0xff, 0xf3, 0x0, 0xcf, 0xff,
    0xff, 0xf3, 0x6f, 0xff, 0x40, 0xb, 0xff, 0xff,
    0xff, 0x24, 0xff, 0xf3,

    /* U+00E5 "å" */
    0x0, 0x0, 0x66, 0x66, 0x66, 0x50, 0x0, 0x0,
    0x0, 0x1f, 0xff, 0xff, 0xfe, 0x0, 0x0, 0x0,
    0x1, 0xff, 0xff, 0xff, 0xe0, 0x0, 0x0, 0x0,
    0xf, 0xff, 0xff, 0xfd, 0x0, 0x0, 0x0, 0x4f,
    0xf6, 0x0, 0x9, 0xff, 0x10, 0x0, 0x5, 0xff,
    0x70, 0x0, 0xaf, 0xf2, 0x0, 0x0, 0x4f, 0xf5,
    0x0, 0x8, 0xff, 0x10, 0x0, 0x0, 0xf, 0xff,
    0xff, 0xfd, 0x0, 0x0, 0x0, 0x1, 0xff, 0xff,
    0xff, 0xe0, 0x0, 0x0, 0x0, 0x1f, 0xff, 0xff,
    0xfe, 0x0, 0x0, 0x0, 0x0, 0x66, 0x66, 0x66,
    0x40, 0x0, 0x0, 0x0, 0x0, 0x0, 0x0, 0x0,
    0x0, 0x0, 0x0, 0x0, 0x0, 0x0, 0x0, 0x0,
    0x0, 0x0, 0x0, 0x0, 0x0, 0x0, 0x0, 0x0,
    0x0, 0x0, 0xe, 0xff, 0xff, 0xff, 0xd0, 0x0,
    0x0, 0x0, 0xff, 0xff, 0xff, 0xfe, 0x0, 0x0,
    0x0, 0xe, 0xff, 0xff, 0xff, 0xd0, 0x0, 0x0,
    0x0, 0x56, 0x66, 0x66, 0xfe, 0x94, 0x0, 0x0,
    0x0, 0x0, 0x0, 0xf, 0xff, 0x90, 0x0, 0x0,
    0x0, 0x0, 0x1, 0xff, 0xf9, 0x0, 0x0, 0x0,
    0x0, 0x0, 0xf, 0xff, 0x80, 0x0, 0xb, 0xff,
    0xff, 0xff, 0xff, 0xf8, 0x0, 0x0, 0xcf, 0xff,
    0xff, 0xff, 0xff, 0x90, 0x0, 0xb, 0xff, 0xff,
    0xff, 0xff, 0xf7, 0x0, 0x6f, 0xff, 0x10, 0x0,
    0xf, 0xff, 0x80, 0x7, 0xff, 0xf2, 0x0, 0x1,
    0xff, 0xf9, 0x0, 0x6f, 0xff, 0x20, 0x0, 0xf,
    0xff, 0x80, 0x2, 0x6c, 0xf7, 0x66, 0x66, 0x69,
    0xfa, 0x61, 0x0, 0xcf, 0xff, 0xff, 0xf3, 0x5f,
    0xff, 0x30, 0xc, 0xff, 0xff, 0xff, 0x36, 0xff,
    0xf4, 0x0, 0xbf, 0xff, 0xff, 0xf2, 0x4f, 0xff,
    0x30,

    /* U+00E6 "æ" */
    0x0, 0xe, 0xff, 0xf7, 0xf, 0xff, 0xf5, 0x0,
    0x0, 0xff, 0xff, 0x81, 0xff, 0xff, 0x60, 0x0,
    0xe, 0xff, 0xf7, 0xf, 0xff, 0xf5, 0x0, 0x0,
    0x56, 0x6a, 0xed, 0xf6, 0x6c, 0xd2, 0x0, 0x0,
    0x0, 0x9f, 0xff, 0x0, 0xbf, 0x40, 0x0, 0x0,
    0x9, 0xff, 0xf1, 0xb, 0xf4, 0x0, 0x0, 0x0,
    0x8f, 0xff, 0x0, 0xaf, 0x30, 0xb, 0xff, 0xff,
    0xff, 0xff, 0xff, 0xf3, 0x0, 0xcf, 0xff, 0xff,
    0xff, 0xff, 0xff, 0x40, 0xb, 0xff, 0xff, 0xff,
    0xff, 0xff, 0xf2, 0x6f, 0xff, 0x10, 0x8f, 0xff,
    0x0, 0x0, 0x7, 0xff, 0xf2, 0x9, 0xff, 0xf1,
    0x0, 0x0, 0x6f, 0xff, 0x20, 0x8f, 0xff, 0x0,
    0x0, 0x2, 0x6c, 0xf7, 0x6a, 0xa6, 0xf6, 0x66,
    0x61, 0x0, 0xcf, 0xff, 0xf8, 0xf, 0xff, 0xff,
    0x30, 0xc, 0xff, 0xff, 0x81, 0xff, 0xff, 0xf4,
    0x0, 0xbf, 0xff, 0xf7, 0xf, 0xff, 0xff, 0x30,

    /* U+00E7 "ç" */
    0x0, 0x0, 0xff, 0xff, 0xff, 0xff, 0x80, 0x0,
    0x0, 0x1f, 0xff, 0xff, 0xff, 0xf9, 0x0, 0x0,
    0x0, 0xff, 0xff, 0xff, 0xff, 0x80, 0x0, 0x4,
    0x6f, 0xd6, 0x66, 0x69, 0xfa, 0x61, 0x0, 0xcf,
    0xfd, 0x0, 0x0, 0x5f, 0xff, 0x30, 0xc, 0xff,
    0xd0, 0x0, 0x6, 0xff, 0xf4, 0x0, 0xbf, 0xfc,
    0x0, 0x0, 0x4f, 0xff, 0x36, 0xff, 0xf1, 0x0,
    0x0, 0x0, 0x0, 0x0, 0x7f, 0xff, 0x20, 0x0,
    0x0, 0x0, 0x0, 0x6, 0xff, 0xf2, 0x0, 0x0,
    0x0, 0x0, 0x0, 0x26, 0xdf, 0x64, 0x0, 0x0,
    0x16, 0x66, 0x0, 0xc, 0xff, 0xd0, 0x0, 0x5,
    0xff, 0xf3, 0x0, 0xcf, 0xfd, 0x0, 0x0, 0x5f,
    0xff, 0x30, 0x6, 0x9f, 0xd6, 0x66, 0x69, 0xfc,
    0x91, 0x0, 0x1, 0xff, 0xff, 0xff, 0xff, 0x90,
    0x0, 0x0, 0x1f, 0xff, 0xff, 0xff, 0xf9, 0x0,
    0x0, 0x0, 0xff, 0xff, 0xff, 0xff, 0x80, 0x0,
    0x0, 0x0, 0x0, 0xaf, 0xf0, 0x0, 0x0, 0x0,
    0x0, 0x0, 0xb, 0xff, 0x10, 0x0, 0x0, 0x0,
    0x0, 0x0, 0xbf, 0xf0, 0x0, 0x0, 0x0, 0x0,
    0x4, 0x6c, 0xd6, 0x0, 0x0, 0x0, 0x0, 0x0,
    0xdf, 0xfc, 0x0, 0x0, 0x0, 0x0, 0x0, 0xd,
    0xff, 0xc0, 0x0, 0x0, 0x0, 0x0, 0x0, 0xcf,
    0xfb, 0x0, 0x0, 0x0,

    /* U+00E8 "è" */
    0x0, 0x0, 0x3f, 0xff, 0x50, 0x0, 0x0, 0x0,
    0x0, 0x4, 0xff, 0xf6, 0x0, 0x0, 0x0, 0x0,
    0x0, 0x2f, 0xff, 0x40, 0x0, 0x0, 0x0, 0x0,
    0x0, 0x8, 0xff, 0xf0, 0x0, 0x0, 0x0, 0x0,
    0x0, 0x9f, 0xff, 0x10, 0x0, 0x0, 0x0, 0x0,
    0x9, 0xff, 0xf0, 0x0, 0x0, 0x0, 0x0, 0x0,
    0x26, 0x65, 0x0, 0x0, 0x0, 0x0, 0x0, 0x0,
    0x0, 0x0, 0x0, 0x0, 0x0, 0x0, 0x0, 0x0,
    0x0, 0x0, 0x0, 0x0, 0x0, 0x0, 0x0, 0x0,
    0x0, 0x0, 0x0, 0x0, 0x0, 0xff, 0xff, 0xff,
    0xff, 0x80, 0x0, 0x0, 0x1f, 0xff, 0xff, 0xff,
    0xf9, 0x0, 0x0, 0x0, 0xff, 0xff, 0xff, 0xff,
    0x70, 0x0, 0x2f, 0xff, 0x96, 0x66, 0x69, 0xff,
    0xf2, 0x3, 0xff, 0xf6, 0x0, 0x0, 0x5f, 0xff,
    0x40, 0x3f, 0xff, 0x70, 0x0, 0x6, 0xff, 0xf4,
    0x2, 0xff, 0xf5, 0x0, 0x0, 0x4f, 0xff, 0x36,
    0xff, 0xff, 0xff, 0xff, 0xff, 0xff, 0xf3, 0x7f,
    0xff, 0xff, 0xff, 0xff, 0xff, 0xff, 0x46, 0xff,
    0xff, 0xff, 0xff, 0xff, 0xff, 0xf3, 0x27, 0xff,
    0xf9, 0x66, 0x66, 0x66, 0x66, 0x0, 0x3f, 0xff,
    0x70, 0x0, 0x0, 0x0, 0x0, 0x2, 0xff, 0xf6,
    0x0, 0x0, 0x0, 0x0, 0x0, 0x3, 0x3f, 0x96,
    0x66, 0x66, 0x63, 0x0, 0x0, 0x1, 0xff, 0xff,
    0xff, 0xff, 0x90, 0x0, 0x0, 0x1f, 0xff, 0xff,
    0xff, 0xf9, 0x0, 0x0, 0x0, 0xff, 0xff, 0xff,
    0xff, 0x80, 0x0,

    /* U+00E9 "é" */
    0x0, 0x0, 0x0, 0x0, 0xdf, 0xfa, 0x0, 0x0,
    0x0, 0x0, 0x0, 0xe, 0xff, 0xb0, 0x0, 0x0,
    0x0, 0x0, 0x0, 0xdf, 0xfa, 0x0, 0x0, 0x0,
    0x0, 0x8, 0xff, 0xf0, 0x0, 0x0, 0x0, 0x0,
    0x0, 0x9f, 0xff, 0x10, 0x0, 0x0, 0x0, 0x0,
    0x9, 0xff, 0xf0, 0x0, 0x0, 0x0, 0x0, 0x0,
    0x26, 0x65, 0x0, 0x0, 0x0, 0x0, 0x0, 0x0,
    0x0, 0x0, 0x0, 0x0, 0x0, 0x0, 0x0, 0x0,
    0x0, 0x0, 0x0, 0x0, 0x0, 0x0, 0x0, 0x0,
    0x0, 0x0, 0x0, 0x0, 0x0, 0xff, 0xff, 0xff,
    0xff, 0x80, 0x0, 0x0, 0x1f, 0xff, 0xff, 0xff,
    0xf9, 0x0, 0x0, 0x0, 0xff, 0xff, 0xff, 0xff,
    0x70, 0x0, 0x2f, 0xff, 0x96, 0x66, 0x69, 0xff,
    0xf2, 0x3, 0xff, 0xf6, 0x0, 0x0, 0x5f, 0xff,
    0x40, 0x3f, 0xff, 0x70, 0x0, 0x6, 0xff, 0xf4,
    0x2, 0xff, 0xf5, 0x0, 0x0, 0x4f, 0xff, 0x36,
    0xff, 0xff, 0xff, 0xff, 0xff, 0xff, 0xf3, 0x7f,
    0xff, 0xff, 0xff, 0xff, 0xff, 0xff, 0x46, 0xff,
    0xff, 0xff, 0xff, 0xff, 0xff, 0xf3, 0x27, 0xff,
    0xf9, 0x66, 0x66, 0x66, 0x66, 0x0, 0x3f, 0xff,
    0x70, 0x0, 0x0, 0x0, 0x0, 0x2, 0xff, 0xf6,
    0x0, 0x0, 0x0, 0x0, 0x0, 0x3, 0x3f, 0x96,
    0x66, 0x66, 0x63, 0x0, 0x0, 0x1, 0xff, 0xff,
    0xff, 0xff, 0x90, 0x0, 0x0, 0x1f, 0xff, 0xff,
    0xff, 0xf9, 0x0, 0x0, 0x0, 0xff, 0xff, 0xff,
    0xff, 0x80, 0x0,

    /* U+00EA "ê" */
    0x0, 0x0, 0x5, 0xff, 0xff, 0xd0, 0x0, 0x0,
    0x0, 0x0, 0x6f, 0xff, 0xfe, 0x0, 0x0, 0x0,
    0x0, 0x5, 0xff, 0xff, 0xd0, 0x0, 0x0, 0x0,
    0x7f, 0xff, 0x0, 0x9f, 0xff, 0x0, 0x0, 0x8,
    0xff, 0xf2, 0xa, 0xff, 0xf0, 0x0, 0x0, 0x8f,
    0xff, 0x10, 0xaf, 0xff, 0x0, 0x0, 0x2, 0x66,
    0x60, 0x3, 0x66, 0x50, 0x0, 0x0, 0x0, 0x0,
    0x0, 0x0, 0x0, 0x0, 0x0, 0x0, 0x0, 0x0,
    0x0, 0x0, 0x0, 0x0, 0x0, 0x0, 0x0, 0x0,
    0x0, 0x0, 0x0, 0x0, 0x0, 0xff, 0xff, 0xff,
    0xff, 0x80, 0x0, 0x0, 0x1f, 0xff, 0xff, 0xff,
    0xf9, 0x0, 0x0, 0x0, 0xff, 0xff, 0xff, 0xff,
    0x70, 0x0, 0x2f, 0xff, 0x96, 0x66, 0x69, 0xff,
    0xf2, 0x3, 0xff, 0xf6, 0x0, 0x0, 0x5f, 0xff,
    0x40, 0x3f, 0xff, 0x70, 0x0, 0x6, 0xff, 0xf4,
    0x2, 0xff, 0xf5, 0x0, 0x0, 0x4f, 0xff, 0x36,
    0xff, 0xff, 0xff, 0xff, 0xff, 0xff, 0xf3, 0x7f,
    0xff, 0xff, 0xff, 0xff, 0xff, 0xff, 0x46, 0xff,
    0xff, 0xff, 0xff, 0xff, 0xff, 0xf3, 0x27, 0xff,
    0xf9, 0x66, 0x66, 0x66, 0x66, 0x0, 0x3f, 0xff,
    0x70, 0x0, 0x0, 0x0, 0x0, 0x2, 0xff, 0xf6,
    0x0, 0x0, 0x0, 0x0, 0x0, 0x3, 0x3f, 0x96,
    0x66, 0x66, 0x63, 0x0, 0x0, 0x1, 0xff, 0xff,
    0xff, 0xff, 0x90, 0x0, 0x0, 0x1f, 0xff, 0xff,
    0xff, 0xf9, 0x0, 0x0, 0x0, 0xff, 0xff, 0xff,
    0xff, 0x80, 0x0,

    /* U+00EB "ë" */
    0x0, 0xe, 0xff, 0xa0, 0x2, 0xff, 0xf5, 0x0,
    0x0, 0xff, 0xfb, 0x0, 0x3f, 0xff, 0x70, 0x0,
    0xe, 0xff, 0xa0, 0x3, 0xff, 0xf6, 0x0, 0x0,
    0x56, 0x63, 0x0, 0x6, 0x66, 0x10, 0x0, 0x0,
    0x0, 0x0, 0x0, 0x0, 0x0, 0x0, 0x0, 0x0,
    0x0, 0x0, 0x0, 0x0, 0x0, 0x0, 0x0, 0x0,
    0x0, 0x0, 0x0, 0x0, 0x0, 0x0, 0xf, 0xff,
    0xff, 0xff, 0xf8, 0x0, 0x0, 0x1, 0xff, 0xff,
    0xff, 0xff, 0x90, 0x0, 0x0, 0xf, 0xff, 0xff,
    0xff, 0xf7, 0x0, 0x2, 0xff, 0xf9, 0x66, 0x66,
    0x9f, 0xff, 0x20, 0x3f, 0xff, 0x60, 0x0, 0x5,
    0xff, 0xf4, 0x3, 0xff, 0xf7, 0x0, 0x0, 0x6f,
    0xff, 0x40, 0x2f, 0xff, 0x50, 0x0, 0x4, 0xff,
    0xf3, 0x6f, 0xff, 0xff, 0xff, 0xff, 0xff, 0xff,
    0x37, 0xff, 0xff, 0xff, 0xff, 0xff, 0xff, 0xf4,
    0x6f, 0xff, 0xff, 0xff, 0xff, 0xff, 0xff, 0x32,
    0x7f, 0xff, 0x96, 0x66, 0x66, 0x66, 0x60, 0x3,
    0xff, 0xf7, 0x0, 0x0, 0x0, 0x0, 0x0, 0x2f,
    0xff, 0x60, 0x0, 0x0, 0x0, 0x0, 0x0, 0x33,
    0xf9, 0x66, 0x66, 0x66, 0x30, 0x0, 0x0, 0x1f,
    0xff, 0xff, 0xff, 0xf9, 0x0, 0x0, 0x1, 0xff,
    0xff, 0xff, 0xff, 0x90, 0x0, 0x0, 0xf, 0xff,
    0xff, 0xff, 0xf8, 0x0,

    /* U+00EC "ì" */
    0x0, 0xff, 0xf7, 0x0, 0x0, 0x0, 0x1f, 0xff,
    0x80, 0x0, 0x0, 0x0, 0xff, 0xf7, 0x0, 0x0,
    0x0, 0x0, 0x5f, 0xff, 0x20, 0x0, 0x0, 0x7,
    0xff, 0xf3, 0x0, 0x0, 0x0, 0x6f, 0xff, 0x30,
    0x0, 0x0, 0x1, 0x66, 0x60, 0x0, 0x0, 0x0,
    0x0, 0x0, 0x0, 0x0, 0x0, 0x0, 0x0, 0x0,
    0x0, 0x0, 0x0, 0x0, 0x0, 0x0, 0x0, 0xe,
    0xff, 0xff, 0xf2, 0x0, 0x0, 0xff, 0xff, 0xff,
    0x30, 0x0, 0xe, 0xff, 0xff, 0xf2, 0x0, 0x0,
    0x56, 0x9f, 0xff, 0x10, 0x0, 0x0, 0x6, 0xff,
    0xf3, 0x0, 0x0, 0x0, 0x6f, 0xff, 0x30, 0x0,
    0x0, 0x5, 0xff, 0xf2, 0x0, 0x0, 0x0, 0x6f,
    0xff, 0x20, 0x0, 0x0, 0x6, 0xff, 0xf3, 0x0,
    0x0, 0x0, 0x5f, 0xff, 0x20, 0x0, 0x0, 0x5,
    0xff, 0xf2, 0x0, 0x0, 0x0, 0x6f, 0xff, 0x30,
    0x0, 0x0, 0x6, 0xff, 0xf3, 0x0, 0x4, 0x66,
    0x9f, 0xff, 0x76, 0x63, 0xcf, 0xff, 0xff, 0xff,
    0xff, 0x9c, 0xff, 0xff, 0xff, 0xff, 0xf9, 0xbf,
    0xff, 0xff, 0xff, 0xff, 0x80,

    /* U+00ED "í" */
    0x0, 0x0, 0xa, 0xff, 0xd0, 0x0, 0x0, 0x0,
    0xbf, 0xfe, 0x0, 0x0, 0x0, 0xa, 0xff, 0xd0,
    0x0, 0x0, 0x5f, 0xff, 0x20, 0x0, 0x0, 0x7,
    0xff, 0xf3, 0x0, 0x0, 0x0, 0x6f, 0xff, 0x30,
    0x0, 0x0, 0x1, 0x66, 0x60, 0x0, 0x0, 0x0,
    0x0, 0x0, 0x0, 0x0, 0x0, 0x0, 0x0, 0x0,
    0x0, 0x0, 0x0, 0x0, 0x0, 0x0, 0x0, 0xe,
    0xff, 0xff, 0xf2, 0x0, 0x0, 0xff, 0xff, 0xff,
    0x30, 0x0, 0xe, 0xff, 0xff, 0xf2, 0x0, 0x0,
    0x56, 0x9f, 0xff, 0x10, 0x0, 0x0, 0x6, 0xff,
    0xf3, 0x0, 0x0, 0x0, 0x6f, 0xff, 0x30, 0x0,
    0x0, 0x5, 0xff, 0xf2, 0x0, 0x0, 0x0, 0x6f,
    0xff, 0x20, 0x0, 0x0, 0x6, 0xff, 0xf3, 0x0,
    0x0, 0x0, 0x5f, 0xff, 0x20, 0x0, 0x0, 0x5,
    0xff, 0xf2, 0x0, 0x0, 0x0, 0x6f, 0xff, 0x30,
    0x0, 0x0, 0x6, 0xff, 0xf3, 0x0, 0x4, 0x66,
    0x9f, 0xff, 0x76, 0x63, 0xcf, 0xff, 0xff, 0xff,
    0xff, 0x9c, 0xff, 0xff, 0xff, 0xff, 0xf9, 0xbf,
    0xff, 0xff, 0xff, 0xff, 0x80,

    /* U+00EE "î" */
    0x0, 0x3f, 0xff, 0xff, 0x0, 0x0, 0x4, 0xff,
    0xff, 0xf1, 0x0, 0x0, 0x2f, 0xff, 0xff, 0x0,
    0x4, 0xff, 0xf3, 0x6, 0xff, 0xf1, 0x6f, 0xff,
    0x40, 0x8f, 0xff, 0x25, 0xff, 0xf4, 0x7, 0xff,
    0xf2, 0x16, 0x66, 0x10, 0x26, 0x66, 0x0, 0x0,
    0x0, 0x0, 0x0, 0x0, 0x0, 0x0, 0x0, 0x0,
    0x0, 0x0, 0x0, 0x0, 0x0, 0x0, 0x0, 0xe,
    0xff, 0xff, 0xf2, 0x0, 0x0, 0xff, 0xff, 0xff,
    0x30, 0x0, 0xe, 0xff, 0xff, 0xf2, 0x0, 0x0,
    0x56, 0x9f, 0xff, 0x10, 0x0, 0x0, 0x6, 0xff,
    0xf3, 0x0, 0x0, 0x0, 0x6f, 0xff, 0x30, 0x0,
    0x0, 0x5, 0xff, 0xf2, 0x0, 0x0, 0x0, 0x6f,
    0xff, 0x20, 0x0, 0x0, 0x6, 0xff, 0xf3, 0x0,
    0x0, 0x0, 0x5f, 0xff, 0x20, 0x0, 0x0, 0x5,
    0xff, 0xf2, 0x0, 0x0, 0x0, 0x6f, 0xff, 0x30,
    0x0, 0x0, 0x6, 0xff, 0xf3, 0x0, 0x4, 0x66,
    0x9f, 0xff, 0x76, 0x63, 0xcf, 0xff, 0xff, 0xff,
    0xff, 0x9c, 0xff, 0xff, 0xff, 0xff, 0xf9, 0xbf,
    0xff, 0xff, 0xff, 0xff, 0x80,

    /* U+00EF "ï" */
    0xbf, 0xfc, 0x0, 0xf, 0xff, 0x8c, 0xff, 0xe0,
    0x1, 0xff, 0xf9, 0xcf, 0xfd, 0x0, 0xf, 0xff,
    0x84, 0x66, 0x40, 0x0, 0x56, 0x62, 0x0, 0x0,
    0x0, 0x0, 0x0, 0x0, 0x0, 0x0, 0x0, 0x0,
    0x0, 0x0, 0x0, 0x0, 0x0, 0x0, 0x0, 0xef,
    0xff, 0xff, 0x20, 0x0, 0xf, 0xff, 0xff, 0xf3,
    0x0, 0x0, 0xef, 0xff, 0xff, 0x20, 0x0, 0x5,
    0x69, 0xff, 0xf1, 0x0, 0x0, 0x0, 0x6f, 0xff,
    0x30, 0x0, 0x0, 0x6, 0xff, 0xf3, 0x0, 0x0,
    0x0, 0x5f, 0xff, 0x20, 0x0, 0x0, 0x6, 0xff,
    0xf2, 0x0, 0x0, 0x0, 0x6f, 0xff, 0x30, 0x0,
    0x0, 0x5, 0xff, 0xf2, 0x0, 0x0, 0x0, 0x5f,
    0xff, 0x20, 0x0, 0x0, 0x6, 0xff, 0xf3, 0x0,
    0x0, 0x0, 0x6f, 0xff, 0x30, 0x0, 0x46, 0x69,
    0xff, 0xf7, 0x66, 0x3c, 0xff, 0xff, 0xff, 0xff,
    0xf9, 0xcf, 0xff, 0xff, 0xff, 0xff, 0x9b, 0xff,
    0xff, 0xff, 0xff, 0xf8,

    /* U+00F0 "ð" */
    0x0, 0x0, 0x0, 0x0, 0x3, 0x66, 0x0, 0x0,
    0x0, 0x0, 0x0, 0x0, 0xaf, 0xf2, 0x0, 0x0,
    0x0, 0x0, 0x0, 0xa, 0xff, 0x20, 0x0, 0x0,
    0x0, 0x0, 0x0, 0x9f, 0xf1, 0x0, 0x0, 0x0,
    0xff, 0xff, 0xff, 0xd0, 0x0, 0x0, 0x0, 0x1f,
    0xff, 0xff, 0xfe, 0x0, 0x0, 0x0, 0x0, 0xff,
    0xff, 0xff, 0xd0, 0x0, 0x0, 0x0, 0x0, 0x1,
    0xff, 0xff, 0xf1, 0x0, 0x0, 0x0, 0x0, 0x2f,
    0xff, 0xff, 0x20, 0x0, 0x0, 0x0, 0x2, 0xff,
    0xff, 0xf2, 0x0, 0x0, 0x0, 0x6, 0x8e, 0x77,
    0xaf, 0x82, 0x0, 0x0, 0x0, 0xdf, 0xf0, 0x5,
    0xff, 0x60, 0x0, 0x0, 0xd, 0xff, 0x0, 0x6f,
    0xf7, 0x0, 0x0, 0x0, 0xcf, 0xe0, 0x5, 0xff,
    0x50, 0x0, 0x0, 0xff, 0xff, 0xff, 0xff, 0xff,
    0x30, 0x0, 0x1f, 0xff, 0xff, 0xff, 0xff, 0xf4,
    0x0, 0x0, 0xff, 0xff, 0xff, 0xff, 0xff, 0x30,
    0x2f, 0xff, 0x96, 0x66, 0x69, 0xff, 0xf2, 0x3,
    0xff, 0xf7, 0x0, 0x0, 0x6f, 0xff, 0x40, 0x3f,
    0xff, 0x70, 0x0, 0x6, 0xff, 0xf4, 0x2, 0xff,
    0xc4, 0x0, 0x0, 0x4f, 0xff, 0x26, 0xff, 0xf2,
    0x0, 0x0, 0x5, 0xff, 0xf3, 0x7f, 0xff, 0x20,
    0x0, 0x0, 0x6f, 0xff, 0x46, 0xff, 0xf1, 0x0,
    0x0, 0x4, 0xff, 0xf3, 0x15, 0xff, 0xc4, 0x0,
    0x0, 0x4f, 0xff, 0x20, 0x3f, 0xff, 0x70, 0x0,
    0x6, 0xff, 0xf4, 0x2, 0xff, 0xf6, 0x0, 0x0,
    0x5f, 0xff, 0x30, 0x3, 0x3f, 0x96, 0x66, 0x69,
    0xf9, 0x30, 0x0, 0x1, 0xff, 0xff, 0xff, 0xff,
    0x90, 0x0, 0x0, 0x1f, 0xff, 0xff, 0xff, 0xf9,
    0x0, 0x0, 0x0, 0xff, 0xff, 0xff, 0xff, 0x80,
    0x0,

    /* U+00F1 "ñ" */
    0x0, 0xe, 0xff, 0xff, 0x50, 0x7, 0xff, 0x30,
    0x0, 0xff, 0xff, 0xf6, 0x0, 0x8f, 0xf4, 0x0,
    0xd, 0xff, 0xff, 0x40, 0x7, 0xff, 0x26, 0xff,
    0x40, 0x8, 0xff, 0xff, 0xa0, 0x0, 0x7f, 0xf5,
    0x0, 0x9f, 0xff, 0xfc, 0x0, 0x7, 0xff, 0x50,
    0x9, 0xff, 0xff, 0xb0, 0x0, 0x26, 0x61, 0x0,
    0x26, 0x66, 0x63, 0x0, 0x0, 0x0, 0x0, 0x0,
    0x0, 0x0, 0x0, 0x0, 0x0, 0x0, 0x0, 0x0,
    0x0, 0x0, 0x0, 0x0, 0x0, 0x0, 0x0, 0x0,
    0x0, 0x0, 0x0, 0x6f, 0xfb, 0xc, 0xff, 0xff,
    0xff, 0x10, 0x7, 0xff, 0xc0, 0xdf, 0xff, 0xff,
    0xf2, 0x0, 0x6f, 0xfb, 0xc, 0xff, 0xff, 0xff,
    0x10, 0x5, 0xff, 0xd9, 0x76, 0x66, 0x69, 0xf9,
    0x91, 0x7f, 0xff, 0xf7, 0x0, 0x0, 0x6f, 0xff,
    0x47, 0xff, 0xff, 0x70, 0x0, 0x6, 0xff, 0xf4,
    0x5f, 0xff, 0xc4, 0x0, 0x0, 0x4f, 0xff, 0x26,
    0xff, 0xf2, 0x0, 0x0, 0x5, 0xff, 0xf3, 0x7f,
    0xff, 0x20, 0x0, 0x0, 0x6f, 0xff, 0x46, 0xff,
    0xf1, 0x0, 0x0, 0x4, 0xff, 0xf3, 0x5f, 0xff,
    0x10, 0x0, 0x0, 0x4f, 0xff, 0x27, 0xff, 0xf2,
    0x0, 0x0, 0x6, 0xff, 0xf4, 0x6f, 0xff, 0x20,
    0x0, 0x0, 0x5f, 0xff, 0x35, 0xff, 0xf1, 0x0,
    0x0, 0x4, 0xff, 0xf2, 0x7f, 0xff, 0x20, 0x0,
    0x0, 0x5f, 0xff, 0x37, 0xff, 0xf3, 0x0, 0x0,
    0x6, 0xff, 0xf4, 0x6f, 0xff, 0x10, 0x0, 0x0,
    0x5f, 0xff, 0x30,

    /* U+00F2 "ò" */
    0x0, 0x0, 0xff, 0xf7, 0x0, 0x0, 0x0, 0x0,
    0x0, 0x1f, 0xff, 0x80, 0x0, 0x0, 0x0, 0x0,
    0x0, 0xff, 0xf7, 0x0, 0x0, 0x0, 0x0, 0x0,
    0x0, 0x5f, 0xff, 0x20, 0x0, 0x0, 0x0, 0x0,
    0x7, 0xff, 0xf3, 0x0, 0x0, 0x0, 0x0, 0x0,
    0x6f, 0xff, 0x30, 0x0, 0x0, 0x0, 0x0, 0x1,
    0x66, 0x60, 0x0, 0x0, 0x0, 0x0, 0x0, 0x0,
    0x0, 0x0, 0x0, 0x0, 0x0, 0x0, 0x0, 0x0,
    0x0, 0x0, 0x0, 0x0, 0x0, 0x0, 0x0, 0x0,
    0x0, 0x0, 0x0, 0x0, 0x0, 0xff, 0xff, 0xff,
    0xd0, 0x0, 0x0, 0x0, 0x1f, 0xff, 0xff, 0xfe,
    0x0, 0x0, 0x0, 0x0, 0xff, 0xff, 0xff, 0xd0,
    0x0, 0x0, 0x2f, 0xff, 0x96, 0x66, 0xbf, 0xfe,
    0x0, 0x3, 0xff, 0xf6, 0x0, 0xa, 0xff, 0xf0,
    0x0, 0x3f, 0xff, 0x70, 0x0, 0xaf, 0xff, 0x0,
    0x2, 0xff, 0xf5, 0x0, 0x9, 0xff, 0xe0, 0x6,
    0xff, 0xf1, 0x0, 0x0, 0x5, 0xff, 0xf3, 0x7f,
    0xff, 0x20, 0x0, 0x0, 0x6f, 0xff, 0x46, 0xff,
    0xf1, 0x0, 0x0, 0x4, 0xff, 0xf3, 0x15, 0xff,
    0xc4, 0x0, 0x7, 0xdf, 0xf3, 0x0, 0x3f, 0xff,
    0x70, 0x0, 0xaf, 0xff, 0x0, 0x2, 0xff, 0xf6,
    0x0, 0x9, 0xff, 0xf0, 0x0, 0x3, 0x3f, 0x96,
    0x66, 0xbd, 0x32, 0x0, 0x0, 0x1, 0xff, 0xff,
    0xff, 0xe0, 0x0, 0x0, 0x0, 0x1f, 0xff, 0xff,
    0xfe, 0x0, 0x0, 0x0, 0x0, 0xff, 0xff, 0xff,
    0xd0, 0x0, 0x0,

    /* U+00F3 "ó" */
    0x0, 0x0, 0x0, 0xa, 0xff, 0xd0, 0x0, 0x0,
    0x0, 0x0, 0x0, 0xbf, 0xfe, 0x0, 0x0, 0x0,
    0x0, 0x0, 0xa, 0xff, 0xd0, 0x0, 0x0, 0x0,
    0x0, 0x5f, 0xff, 0x20, 0x0, 0x0, 0x0, 0x0,
    0x7, 0xff, 0xf3, 0x0, 0x0, 0x0, 0x0, 0x0,
    0x6f, 0xff, 0x30, 0x0, 0x0, 0x0, 0x0, 0x1,
    0x66, 0x60, 0x0, 0x0, 0x0, 0x0, 0x0, 0x0,
    0x0, 0x0, 0x0, 0x0, 0x0, 0x0, 0x0, 0x0,
    0x0, 0x0, 0x0, 0x0, 0x0, 0x0, 0x0, 0x0,
    0x0, 0x0, 0x0, 0x0, 0x0, 0xff, 0xff, 0xff,
    0xd0, 0x0, 0x0, 0x0, 0x1f, 0xff, 0xff, 0xfe,
    0x0, 0x0, 0x0, 0x0, 0xff, 0xff, 0xff, 0xd0,
    0x0, 0x0, 0x2f, 0xff, 0x96, 0x66, 0xbf, 0xfe,
    0x0, 0x3, 0xff, 0xf6, 0x0, 0xa, 0xff, 0xf0,
    0x0, 0x3f, 0xff, 0x70, 0x0, 0xaf, 0xff, 0x0,
    0x2, 0xff, 0xf5, 0x0, 0x9, 0xff, 0xe0, 0x6,
    0xff, 0xf1, 0x0, 0x0, 0x5, 0xff, 0xf3, 0x7f,
    0xff, 0x20, 0x0, 0x0, 0x6f, 0xff, 0x46, 0xff,
    0xf1, 0x0, 0x0, 0x4, 0xff, 0xf3, 0x15, 0xff,
    0xc4, 0x0, 0x7, 0xdf, 0xf3, 0x0, 0x3f, 0xff,
    0x70, 0x0, 0xaf, 0xff, 0x0, 0x2, 0xff, 0xf6,
    0x0, 0x9, 0xff, 0xf0, 0x0, 0x3, 0x3f, 0x96,
    0x66, 0xbd, 0x32, 0x0, 0x0, 0x1, 0xff, 0xff,
    0xff, 0xe0, 0x0, 0x0, 0x0, 0x1f, 0xff, 0xff,
    0xfe, 0x0, 0x0, 0x0, 0x0, 0xff, 0xff, 0xff,
    0xd0, 0x0, 0x0,

    /* U+00F4 "ô" */
    0x0, 0x0, 0x3f, 0xff, 0xff, 0x0, 0x0, 0x0,
    0x0, 0x4, 0xff, 0xff, 0xf1, 0x0, 0x0, 0x0,
    0x0, 0x2f, 0xff, 0xff, 0x0, 0x0, 0x0, 0x4,
    0xff, 0xf3, 0x6, 0xff, 0xf1, 0x0, 0x0, 0x6f,
    0xff, 0x40, 0x8f, 0xff, 0x20, 0x0, 0x5, 0xff,
    0xf4, 0x7, 0xff, 0xf2, 0x0, 0x0, 0x16, 0x66,
    0x10, 0x26, 0x66, 0x0, 0x0, 0x0, 0x0, 0x0,
    0x0, 0x0, 0x0, 0x0, 0x0, 0x0, 0x0, 0x0,
    0x0, 0x0, 0x0, 0x0, 0x0, 0x0, 0x0, 0x0,
    0x0, 0x0, 0x0, 0x0, 0x0, 0xff, 0xff, 0xff,
    0xd0, 0x0, 0x0, 0x0, 0x1f, 0xff, 0xff, 0xfe,
    0x0, 0x0, 0x0, 0x0, 0xff, 0xff, 0xff, 0xd0,
    0x0, 0x0, 0x2f, 0xff, 0x96, 0x66, 0xbf, 0xfe,
    0x0, 0x3, 0xff, 0xf6, 0x0, 0xa, 0xff, 0xf0,
    0x0, 0x3f, 0xff, 0x70, 0x0, 0xaf, 0xff, 0x0,
    0x2, 0xff, 0xf5, 0x0, 0x9, 0xff, 0xe0, 0x6,
    0xff, 0xf1, 0x0, 0x0, 0x5, 0xff, 0xf3, 0x7f,
    0xff, 0x20, 0x0, 0x0, 0x6f, 0xff, 0x46, 0xff,
    0xf1, 0x0, 0x0, 0x4, 0xff, 0xf3, 0x15, 0xff,
    0xc4, 0x0, 0x7, 0xdf, 0xf3, 0x0, 0x3f, 0xff,
    0x70, 0x0, 0xaf, 0xff, 0x0, 0x2, 0xff, 0xf6,
    0x0, 0x9, 0xff, 0xf0, 0x0, 0x3, 0x3f, 0x96,
    0x66, 0xbd, 0x32, 0x0, 0x0, 0x1, 0xff, 0xff,
    0xff, 0xe0, 0x0, 0x0, 0x0, 0x1f, 0xff, 0xff,
    0xfe, 0x0, 0x0, 0x0, 0x0, 0xff, 0xff, 0xff,
    0xd0, 0x0, 0x0,

    /* U+00F5 "õ" */
    0x0, 0xe, 0xff, 0xff, 0x50, 0x7, 0xff, 0x30,
    0x0, 0xff, 0xff, 0xf6, 0x0, 0x8f, 0xf4, 0x0,
    0xd, 0xff, 0xff, 0x40, 0x7, 0xff, 0x26, 0xff,
    0x40, 0x8, 0xff, 0xff, 0xa0, 0x0, 0x7f, 0xf5,
    0x0, 0x9f, 0xff, 0xfc, 0x0, 0x7, 0xff, 0x50,
    0x9, 0xff, 0xff, 0xb0, 0x0, 0x26, 0x61, 0x0,
    0x26, 0x66, 0x63, 0x0, 0x0, 0x0, 0x0, 0x0,
    0x0, 0x0, 0x0, 0x0, 0x0, 0x0, 0x0, 0x0,
    0x0, 0x0, 0x0, 0x0, 0x0, 0x0, 0x0, 0x0,
    0x0, 0x0, 0x0, 0x0, 0x0, 0xff, 0xff, 0xff,
    0xd0, 0x0, 0x0, 0x0, 0x1f, 0xff, 0xff, 0xfe,
    0x0, 0x0, 0x0, 0x0, 0xff, 0xff, 0xff, 0xd0,
    0x0, 0x0, 0x2f, 0xff, 0x96, 0x66, 0xbf, 0xfe,
    0x0, 0x3, 0xff, 0xf6, 0x0, 0xa, 0xff, 0xf0,
    0x0, 0x3f, 0xff, 0x70, 0x0, 0xaf, 0xff, 0x0,
    0x2, 0xff, 0xf5, 0x0, 0x9, 0xff, 0xe0, 0x6,
    0xff, 0xf1, 0x0, 0x0, 0x5, 0xff, 0xf3, 0x7f,
    0xff, 0x20, 0x0, 0x0, 0x6f, 0xff, 0x46, 0xff,
    0xf1, 0x0, 0x0, 0x4, 0xff, 0xf3, 0x15, 0xff,
    0xc4, 0x0, 0x7, 0xdf, 0xf3, 0x0, 0x3f, 0xff,
    0x70, 0x0, 0xaf, 0xff, 0x0, 0x2, 0xff, 0xf6,
    0x0, 0x9, 0xff, 0xf0, 0x0, 0x3, 0x3f, 0x96,
    0x66, 0xbd, 0x32, 0x0, 0x0, 0x1, 0xff, 0xff,
    0xff, 0xe0, 0x0, 0x0, 0x0, 0x1f, 0xff, 0xff,
    0xfe, 0x0, 0x0, 0x0, 0x0, 0xff, 0xff, 0xff,
    0xd0, 0x0, 0x0,

    /* U+00F6 "ö" */
    0x0, 0xbf, 0xfc, 0x0, 0xf, 0xff, 0x80, 0x0,
    0xc, 0xff, 0xe0, 0x1, 0xff, 0xf9, 0x0, 0x0,
    0xcf, 0xfd, 0x0, 0xf, 0xff, 0x80, 0x0, 0x4,
    0x66, 0x40, 0x0, 0x56, 0x62, 0x0, 0x0, 0x0,
    0x0, 0x0, 0x0, 0x0, 0x0, 0x0, 0x0, 0x0,
    0x0, 0x0, 0x0, 0x0, 0x0, 0x0, 0x0, 0x0,
    0x0, 0x0, 0x0, 0x0, 0x0, 0x0, 0xf, 0xff,
    0xff, 0xfd, 0x0, 0x0, 0x0, 0x1, 0xff, 0xff,
    0xff, 0xe0, 0x0, 0x0, 0x0, 0xf, 0xff, 0xff,
    0xfd, 0x0, 0x0, 0x2, 0xff, 0xf9, 0x66, 0x6b,
    0xff, 0xe0, 0x0, 0x3f, 0xff, 0x60, 0x0, 0xaf,
    0xff, 0x0, 0x3, 0xff, 0xf7, 0x0, 0xa, 0xff,
    0xf0, 0x0, 0x2f, 0xff, 0x50, 0x0, 0x9f, 0xfe,
    0x0, 0x6f, 0xff, 0x10, 0x0, 0x0, 0x5f, 0xff,
    0x37, 0xff, 0xf2, 0x0, 0x0, 0x6, 0xff, 0xf4,
    0x6f, 0xff, 0x10, 0x0, 0x0, 0x4f, 0xff, 0x31,
    0x5f, 0xfc, 0x40, 0x0, 0x7d, 0xff, 0x30, 0x3,
    0xff, 0xf7, 0x0, 0xa, 0xff, 0xf0, 0x0, 0x2f,
    0xff, 0x60, 0x0, 0x9f, 0xff, 0x0, 0x0, 0x33,
    0xf9, 0x66, 0x6b, 0xd3, 0x20, 0x0, 0x0, 0x1f,
    0xff, 0xff, 0xfe, 0x0, 0x0, 0x0, 0x1, 0xff,
    0xff, 0xff, 0xe0, 0x0, 0x0, 0x0, 0xf, 0xff,
    0xff, 0xfd, 0x0, 0x0,

    /* U+00F7 "÷" */
    0x0, 0x5, 0xff, 0xf2, 0x0, 0x0, 0x0, 0x7f,
    0xff, 0x30, 0x0, 0x0, 0x6, 0xff, 0xf3, 0x0,
    0x0, 0x0, 0x5f, 0xff, 0x10, 0x0, 0x0, 0x6,
    0xff, 0xf3, 0x0, 0x0, 0x0, 0x6f, 0xff, 0x30,
    0x0, 0x0, 0x4, 0xcc, 0xc1, 0x0, 0x0, 0x0,
    0x0, 0x0, 0x0, 0x0, 0x0, 0x0, 0x0, 0x0,
    0x0, 0x0, 0x0, 0x0, 0x0, 0x0, 0x0, 0x46,
    0x66, 0x66, 0x66, 0x66, 0x3c, 0xff, 0xff, 0xff,
    0xff, 0xf9, 0xcf, 0xff, 0xff, 0xff, 0xff, 0x9b,
    0xff, 0xff, 0xff, 0xff, 0xf8, 0x0, 0x0, 0x0,
    0x0, 0x0, 0x0, 0x0, 0x0, 0x0, 0x0, 0x0,
    0x0, 0x0, 0x0, 0x0, 0x0, 0x0, 0x0, 0x4c,
    0xcc, 0x10, 0x0, 0x0, 0x6, 0xff, 0xf3, 0x0,
    0x0, 0x0, 0x6f, 0xff, 0x30, 0x0, 0x0, 0x5,
    0xff, 0xf1, 0x0, 0x0, 0x0, 0x6f, 0xff, 0x30,
    0x0, 0x0, 0x7, 0xff, 0xf3, 0x0, 0x0, 0x0,
    0x5f, 0xff, 0x20, 0x0,

    /* U+00F8 "ø" */
    0x0, 0x0, 0x0, 0x0, 0x0, 0x66, 0x62, 0x0,
    0x0, 0x0, 0x0, 0x0, 0x3f, 0xff, 0x60, 0x0,
    0x0, 0x0, 0x0, 0x3, 0xff, 0xf7, 0x0, 0x0,
    0x0, 0x0, 0x0, 0x2f, 0xff, 0x50, 0x0, 0x0,
    0xff, 0xff, 0xff, 0xfa, 0x0, 0x0, 0x0, 0x1f,
    0xff, 0xff, 0xff, 0xb0, 0x0, 0x0, 0x0, 0xff,
    0xff, 0xff, 0xfa, 0x0, 0x0, 0x2f, 0xff, 0x96,
    0x6a, 0xff, 0xfe, 0x0, 0x3, 0xff, 0xf6, 0x0,
    0x7f, 0xff, 0xf0, 0x0, 0x3f, 0xff, 0x70, 0x8,
    0xff, 0xff, 0x0, 0x2, 0xff, 0xf5, 0x0, 0x6f,
    0xff, 0xe0, 0x6, 0xff, 0xf1, 0xf, 0xfb, 0x5,
    0xff, 0xf3, 0x7f, 0xff, 0x20, 0xff, 0xc0, 0x6f,
    0xff, 0x46, 0xff, 0xf1, 0xe, 0xfb, 0x4, 0xff,
    0xf3, 0x15, 0xff, 0xcc, 0x53, 0x27, 0xdf, 0xf3,
    0x0, 0x3f, 0xff, 0xf4, 0x0, 0xaf, 0xff, 0x0,
    0x2, 0xff, 0xff, 0x40, 0x9, 0xff, 0xf0, 0x0,
    0x3, 0xef, 0xf8, 0x66, 0xbd, 0x32, 0x0, 0x0,
    0xf, 0xff, 0xff, 0xff, 0xe0, 0x0, 0x0, 0x0,
    0xff, 0xff, 0xff, 0xfe, 0x0, 0x0, 0x0, 0xd,
    0xff, 0xff, 0xff, 0xd0, 0x0, 0x0, 0x8f, 0xff,
    0x0, 0x0, 0x0, 0x0, 0x0, 0xa, 0xff, 0xf0,
    0x0, 0x0, 0x0, 0x0, 0x0, 0x9f, 0xff, 0x0,
    0x0, 0x0, 0x0, 0x0, 0x3, 0x66, 0x50, 0x0,
    0x0, 0x0, 0x0, 0x0,

    /* U+00F9 "ù" */
    0x0, 0x0, 0xff, 0xf7, 0x0, 0x0, 0x0, 0x0,
    0x0, 0x1f, 0xff, 0x80, 0x0, 0x0, 0x0, 0x0,
    0x0, 0xff, 0xf7, 0x0, 0x0, 0x0, 0x0, 0x0,
    0x0, 0x5f, 0xff, 0x20, 0x0, 0x0, 0x0, 0x0,
    0x7, 0xff, 0xf3, 0x0, 0x0, 0x0, 0x0, 0x0,
    0x6f, 0xff, 0x30, 0x0, 0x0, 0x0, 0x0, 0x1,
    0x66, 0x60, 0x0, 0x0, 0x0, 0x0, 0x0, 0x0,
    0x0, 0x0, 0x0, 0x0, 0x0, 0x0, 0x0, 0x0,
    0x0, 0x0, 0x0, 0x0, 0x0, 0x0, 0x0, 0x0,
    0x0, 0x0, 0x0, 0x6f, 0xff, 0x10, 0x0, 0x0,
    0x5f, 0xff, 0x37, 0xff, 0xf3, 0x0, 0x0, 0x6,
    0xff, 0xf4, 0x6f, 0xff, 0x20, 0x0, 0x0, 0x5f,
    0xff, 0x35, 0xff, 0xf1, 0x0, 0x0, 0x4, 0xff,
    0xf2, 0x7f, 0xff, 0x20, 0x0, 0x0, 0x6f, 0xff,
    0x47, 0xff, 0xf2, 0x0, 0x0, 0x5, 0xff, 0xf3,
    0x5f, 0xff, 0x10, 0x0, 0x0, 0x4f, 0xff, 0x26,
    0xff, 0xf2, 0x0, 0x0, 0x5, 0xff, 0xf3, 0x7f,
    0xff, 0x20, 0x0, 0x0, 0x6f, 0xff, 0x46, 0xff,
    0xf1, 0x0, 0x0, 0x4, 0xff, 0xf3, 0x5f, 0xff,
    0xc4, 0x0, 0x7, 0xdf, 0xff, 0x27, 0xff, 0xff,
    0x70, 0x0, 0xaf, 0xff, 0xf4, 0x6f, 0xff, 0xf6,
    0x0, 0x9, 0xff, 0xff, 0x33, 0x9b, 0xff, 0x96,
    0x66, 0x8b, 0xff, 0xf2, 0x0, 0x5f, 0xff, 0xff,
    0xfa, 0x5f, 0xff, 0x30, 0x6, 0xff, 0xff, 0xff,
    0xa6, 0xff, 0xf4, 0x0, 0x4f, 0xff, 0xff, 0xf9,
    0x5f, 0xff, 0x30,

    /* U+00FA "ú" */
    0x0, 0x0, 0x0, 0xa, 0xff, 0xd0, 0x0, 0x0,
    0x0, 0x0, 0x0, 0xbf, 0xfe, 0x0, 0x0, 0x0,
    0x0, 0x0, 0xa, 0xff, 0xd0, 0x0, 0x0, 0x0,
    0x0, 0x5f, 0xff, 0x20, 0x0, 0x0, 0x0, 0x0,
    0x7, 0xff, 0xf3, 0x0, 0x0, 0x0, 0x0, 0x0,
    0x6f, 0xff, 0x30, 0x0, 0x0, 0x0, 0x0, 0x1,
    0x66, 0x60, 0x0, 0x0, 0x0, 0x0, 0x0, 0x0,
    0x0, 0x0, 0x0, 0x0, 0x0, 0x0, 0x0, 0x0,
    0x0, 0x0, 0x0, 0x0, 0x0, 0x0, 0x0, 0x0,
    0x0, 0x0, 0x0, 0x6f, 0xff, 0x10, 0x0, 0x0,
    0x5f, 0xff, 0x37, 0xff, 0xf3, 0x0, 0x0, 0x6,
    0xff, 0xf4, 0x6f, 0xff, 0x20, 0x0, 0x0, 0x5f,
    0xff, 0x35, 0xff, 0xf1, 0x0, 0x0, 0x4, 0xff,
    0xf2, 0x7f, 0xff, 0x20, 0x0, 0x0, 0x6f, 0xff,
    0x47, 0xff, 0xf2, 0x0, 0x0, 0x5, 0xff, 0xf3,
    0x5f, 0xff, 0x10, 0x0, 0x0, 0x4f, 0xff, 0x26,
    0xff, 0xf2, 0x0, 0x0, 0x5, 0xff, 0xf3, 0x7f,
    0xff, 0x20, 0x0, 0x0, 0x6f, 0xff, 0x46, 0xff,
    0xf1, 0x0, 0x0, 0x4, 0xff, 0xf3, 0x5f, 0xff,
    0xc4, 0x0, 0x7, 0xdf, 0xff, 0x27, 0xff, 0xff,
    0x70, 0x0, 0xaf, 0xff, 0xf4, 0x6f, 0xff, 0xf6,
    0x0, 0x9, 0xff, 0xff, 0x33, 0x9b, 0xff, 0x96,
    0x66, 0x8b, 0xff, 0xf2, 0x0, 0x5f, 0xff, 0xff,
    0xfa, 0x5f, 0xff, 0x30, 0x6, 0xff, 0xff, 0xff,
    0xa6, 0xff, 0xf4, 0x0, 0x4f, 0xff, 0xff, 0xf9,
    0x5f, 0xff, 0x30,

    /* U+00FB "û" */
    0x0, 0x0, 0x3f, 0xff, 0xff, 0x0, 0x0, 0x0,
    0x0, 0x4, 0xff, 0xff, 0xf1, 0x0, 0x0, 0x0,
    0x0, 0x2f, 0xff, 0xff, 0x0, 0x0, 0x0, 0x4,
    0xff, 0xf3, 0x6, 0xff, 0xf1, 0x0, 0x0, 0x6f,
    0xff, 0x40, 0x8f, 0xff, 0x20, 0x0, 0x5, 0xff,
    0xf4, 0x7, 0xff, 0xf2, 0x0, 0x0, 0x16, 0x66,
    0x10, 0x26, 0x66, 0x0, 0x0, 0x0, 0x0, 0x0,
    0x0, 0x0, 0x0, 0x0, 0x0, 0x0, 0x0, 0x0,
    0x0, 0x0, 0x0, 0x0, 0x0, 0x0, 0x0, 0x0,
    0x0, 0x0, 0x0, 0x6f, 0xff, 0x10, 0x0, 0x0,
    0x5f, 0xff, 0x37, 0xff, 0xf3, 0x0, 0x0, 0x6,
    0xff, 0xf4, 0x6f, 0xff, 0x20, 0x0, 0x0, 0x5f,
    0xff, 0x35, 0xff, 0xf1, 0x0, 0x0, 0x4, 0xff,
    0xf2, 0x7f, 0xff, 0x20, 0x0, 0x0, 0x6f, 0xff,
    0x47, 0xff, 0xf2, 0x0, 0x0, 0x5, 0xff, 0xf3,
    0x5f, 0xff, 0x10, 0x0, 0x0, 0x4f, 0xff, 0x26,
    0xff, 0xf2, 0x0, 0x0, 0x5, 0xff, 0xf3, 0x7f,
    0xff, 0x20, 0x0, 0x0, 0x6f, 0xff, 0x46, 0xff,
    0xf1, 0x0, 0x0, 0x4, 0xff, 0xf3, 0x5f, 0xff,
    0xc4, 0x0, 0x7, 0xdf, 0xff, 0x27, 0xff, 0xff,
    0x70, 0x0, 0xaf, 0xff, 0xf4, 0x6f, 0xff, 0xf6,
    0x0, 0x9, 0xff, 0xff, 0x33, 0x9b, 0xff, 0x96,
    0x66, 0x8b, 0xff, 0xf2, 0x0, 0x5f, 0xff, 0xff,
    0xfa, 0x5f, 0xff, 0x30, 0x6, 0xff, 0xff, 0xff,
    0xa6, 0xff, 0xf4, 0x0, 0x4f, 0xff, 0xff, 0xf9,
    0x5f, 0xff, 0x30,

    /* U+00FC "ü" */
    0x0, 0xbf, 0xfc, 0x0, 0xf, 0xff, 0x80, 0x0,
    0xc, 0xff, 0xe0, 0x1, 0xff, 0xf9, 0x0, 0x0,
    0xcf, 0xfd, 0x0, 0xf, 0xff, 0x80, 0x0, 0x4,
    0x66, 0x40, 0x0, 0x56, 0x62, 0x0, 0x0, 0x0,
    0x0, 0x0, 0x0, 0x0, 0x0, 0x0, 0x0, 0x0,
    0x0, 0x0, 0x0, 0x0, 0x0, 0x0, 0x0, 0x0,
    0x0, 0x0, 0x0, 0x0, 0x6, 0xff, 0xf1, 0x0,
    0x0, 0x5, 0xff, 0xf3, 0x7f, 0xff, 0x30, 0x0,
    0x0, 0x6f, 0xff, 0x46, 0xff, 0xf2, 0x0, 0x0,
    0x5, 0xff, 0xf3, 0x5f, 0xff, 0x10, 0x0, 0x0,
    0x4f, 0xff, 0x27, 0xff, 0xf2, 0x0, 0x0, 0x6,
    0xff, 0xf4, 0x7f, 0xff, 0x20, 0x0, 0x0, 0x5f,
    0xff, 0x35, 0xff, 0xf1, 0x0, 0x0, 0x4, 0xff,
    0xf2, 0x6f, 0xff, 0x20, 0x0, 0x0, 0x5f, 0xff,
    0x37, 0xff, 0xf2, 0x0, 0x0, 0x6, 0xff, 0xf4,
    0x6f, 0xff, 0x10, 0x0, 0x0, 0x4f, 0xff, 0x35,
    0xff, 0xfc, 0x40, 0x0, 0x7d, 0xff, 0xf2, 0x7f,
    0xff, 0xf7, 0x0, 0xa, 0xff, 0xff, 0x46, 0xff,
    0xff, 0x60, 0x0, 0x9f, 0xff, 0xf3, 0x39, 0xbf,
    0xf9, 0x66, 0x68, 0xbf, 0xff, 0x20, 0x5, 0xff,
    0xff, 0xff, 0xa5, 0xff, 0xf3, 0x0, 0x6f, 0xff,
    0xff, 0xfa, 0x6f, 0xff, 0x40, 0x4, 0xff, 0xff,
    0xff, 0x95, 0xff, 0xf3,

    /* U+00FD "ý" */
    0x0, 0x0, 0x0, 0xa, 0xff, 0xd0, 0x0, 0x0,
    0x0, 0x0, 0x0, 0xbf, 0xfe, 0x0, 0x0, 0x0,
    0x0, 0x0, 0xa, 0xff, 0xd0, 0x0, 0x0, 0x0,
    0x0, 0x5f, 0xff, 0x20, 0x0, 0x0, 0x0, 0x0,
    0x7, 0xff, 0xf3, 0x0, 0x0, 0x0, 0x0, 0x0,
    0x6f, 0xff, 0x30, 0x0, 0x0, 0x0, 0x0, 0x1,
    0x66, 0x60, 0x0, 0x0, 0x0, 0x0, 0x0, 0x0,
    0x0, 0x0, 0x0, 0x0, 0x0, 0x0, 0x0, 0x0,
    0x0, 0x0, 0x0, 0x0, 0x0, 0x0, 0x0, 0x0,
    0x0, 0x0, 0x0, 0xdf, 0xfb, 0x0, 0x0, 0x0,
    0x5f, 0xff, 0x3e, 0xff, 0xc0, 0x0, 0x0, 0x6,
    0xff, 0xf4, 0xdf, 0xfb, 0x0, 0x0, 0x0, 0x5f,
    0xff, 0x34, 0xbf, 0xd9, 0x0, 0x0, 0x5b, 0xff,
    0x60, 0x9, 0xff, 0xf0, 0x0, 0xa, 0xff, 0xf0,
    0x0, 0x9f, 0xff, 0x0, 0x0, 0xaf, 0xff, 0x0,
    0x6, 0xdf, 0xf3, 0x0, 0x2a, 0xfe, 0xb0, 0x0,
    0x5, 0xff, 0xf3, 0xd, 0xff, 0xb0, 0x0, 0x0,
    0x5f, 0xff, 0x40, 0xef, 0xfb, 0x0, 0x0, 0x4,
    0xff, 0xf3, 0xd, 0xff, 0xa0, 0x0, 0x0, 0x8,
    0xff, 0x38, 0xff, 0xd1, 0x0, 0x0, 0x0, 0x8f,
    0xf4, 0xbf, 0xfe, 0x0, 0x0, 0x0, 0x7, 0xff,
    0x4b, 0xff, 0xd0, 0x0, 0x0, 0x0, 0x39, 0xe3,
    0xaf, 0xc7, 0x0, 0x0, 0x0, 0x0, 0xd, 0xff,
    0xfa, 0x0, 0x0, 0x0, 0x0, 0x0, 0xdf, 0xff,
    0xa0, 0x0, 0x0, 0x0, 0x0, 0xc, 0xff, 0xf9,
    0x0, 0x0, 0x0, 0x0, 0x0, 0xcf, 0xfb, 0x0,
    0x0, 0x0, 0x0, 0x0, 0xd, 0xff, 0xc0, 0x0,
    0x0, 0x0, 0x0, 0x0, 0xcf, 0xfc, 0x0, 0x0,
    0x0, 0x0, 0x66, 0x6d, 0xf9, 0x60, 0x0, 0x0,
    0x0, 0x3f, 0xff, 0xff, 0x10, 0x0, 0x0, 0x0,
    0x3, 0xff, 0xff, 0xf2, 0x0, 0x0, 0x0, 0x0,
    0x2f, 0xff, 0xff, 0x0, 0x0, 0x0, 0x0,

    /* U+00FE "þ" */
    0x6f, 0xff, 0x10, 0x0, 0x0, 0x0, 0x0, 0x7,
    0xff, 0xf3, 0x0, 0x0, 0x0, 0x0, 0x0, 0x7f,
    0xff, 0x20, 0x0, 0x0, 0x0, 0x0, 0x5, 0xff,
    0xf1, 0x0, 0x0, 0x0, 0x0, 0x0, 0x7f, 0xff,
    0x20, 0x0, 0x0, 0x0, 0x0, 0x7, 0xff, 0xf3,
    0x0, 0x0, 0x0, 0x0, 0x0, 0x6f, 0xff, 0x10,
    0x0, 0x0, 0x0, 0x0, 0x6, 0xff, 0xff, 0xff,
    0xff, 0xfd, 0x0, 0x0, 0x7f, 0xff, 0xff, 0xff,
    0xff, 0xe0, 0x0, 0x6, 0xff, 0xff, 0xff, 0xff,
    0xfe, 0x0, 0x0, 0x5f, 0xff, 0x76, 0x66, 0x6f,
    0xd3, 0x10, 0x7, 0xff, 0xf2, 0x0, 0x0, 0xff,
    0xf8, 0x0, 0x7f, 0xff, 0x30, 0x0, 0x1f, 0xff,
    0x90, 0x6, 0xff, 0xf1, 0x0, 0x0, 0xff, 0xf8,
    0x0, 0x6f, 0xff, 0x10, 0x0, 0x0, 0x5f, 0xff,
    0x37, 0xff, 0xf2, 0x0, 0x0, 0x6, 0xff, 0xf4,
    0x6f, 0xff, 0x10, 0x0, 0x0, 0x4f, 0xff, 0x35,
    0xff, 0xf1, 0x0, 0x0, 0xcd, 0xf9, 0x30, 0x7f,
    0xff, 0x20, 0x0, 0x1f, 0xff, 0x90, 0x6, 0xff,
    0xf2, 0x0, 0x0, 0xff, 0xf8, 0x0, 0x5f, 0xff,
    0x76, 0x66, 0x6f, 0xe9, 0x40, 0x7, 0xff, 0xff,
    0xff, 0xff, 0xfe, 0x0, 0x0, 0x7f, 0xff, 0xff,
    0xff, 0xff, 0xe0, 0x0, 0x6, 0xff, 0xff, 0xff,
    0xff, 0xfd, 0x0, 0x0, 0x6f, 0xff, 0x10, 0x0,
    0x0, 0x0, 0x0, 0x7, 0xff, 0xf3, 0x0, 0x0,
    0x0, 0x0, 0x0, 0x6f, 0xff, 0x20, 0x0, 0x0,
    0x0, 0x0, 0x5, 0xff, 0xf1, 0x0, 0x0, 0x0,
    0x0, 0x0, 0x7f, 0xff, 0x20, 0x0, 0x0, 0x0,
    0x0, 0x7, 0xff, 0xf3, 0x0, 0x0, 0x0, 0x0,
    0x0, 0x6f, 0xff, 0x10, 0x0, 0x0, 0x0, 0x0,
    0x0,

    /* U+00FF "ÿ" */
    0x0, 0xbf, 0xfc, 0x0, 0xf, 0xff, 0x80, 0x0,
    0xc, 0xff, 0xe0, 0x1, 0xff, 0xf9, 0x0, 0x0,
    0xcf, 0xfd, 0x0, 0xf, 0xff, 0x80, 0x0, 0x4,
    0x66, 0x40, 0x0, 0x56, 0x62, 0x0, 0x0, 0x0,
    0x0, 0x0, 0x0, 0x0, 0x0, 0x0, 0x0, 0x0,
    0x0, 0x0, 0x0, 0x0, 0x0, 0x0, 0x0, 0x0,
    0x0, 0x0, 0x0, 0x0, 0xd, 0xff, 0xb0, 0x0,
    0x0, 0x5, 0xff, 0xf3, 0xef, 0xfc, 0x0, 0x0,
    0x0, 0x6f, 0xff, 0x4d, 0xff, 0xb0, 0x0, 0x0,
    0x5, 0xff, 0xf3, 0x4b, 0xfd, 0x90, 0x0, 0x5,
    0xbf, 0xf6, 0x0, 0x9f, 0xff, 0x0, 0x0, 0xaf,
    0xff, 0x0, 0x9, 0xff, 0xf0, 0x0, 0xa, 0xff,
    0xf0, 0x0, 0x6d, 0xff, 0x30, 0x2, 0xaf, 0xeb,
    0x0, 0x0, 0x5f, 0xff, 0x30, 0xdf, 0xfb, 0x0,
    0x0, 0x5, 0xff, 0xf4, 0xe, 0xff, 0xb0, 0x0,
    0x0, 0x4f, 0xff, 0x30, 0xdf, 0xfa, 0x0, 0x0,
    0x0, 0x8f, 0xf3, 0x8f, 0xfd, 0x10, 0x0, 0x0,
    0x8, 0xff, 0x4b, 0xff, 0xe0, 0x0, 0x0, 0x0,
    0x7f, 0xf4, 0xbf, 0xfd, 0x0, 0x0, 0x0, 0x3,
    0x9e, 0x3a, 0xfc, 0x70, 0x0, 0x0, 0x0, 0x0,
    0xdf, 0xff, 0xa0, 0x0, 0x0, 0x0, 0x0, 0xd,
    0xff, 0xfa, 0x0, 0x0, 0x0, 0x0, 0x0, 0xcf,
    0xff, 0x90, 0x0, 0x0, 0x0, 0x0, 0xc, 0xff,
    0xb0, 0x0, 0x0, 0x0, 0x0, 0x0, 0xdf, 0xfc,
    0x0, 0x0, 0x0, 0x0, 0x0, 0xc, 0xff, 0xc0,
    0x0, 0x0, 0x0, 0x6, 0x66, 0xdf, 0x96, 0x0,
    0x0, 0x0, 0x3, 0xff, 0xff, 0xf1, 0x0, 0x0,
    0x0, 0x0, 0x3f, 0xff, 0xff, 0x20, 0x0, 0x0,
    0x0, 0x2, 0xff, 0xff, 0xf0, 0x0, 0x0, 0x0,
    0x0
};


/*---------------------
 *  GLYPH DESCRIPTION
 *--------------------*/

static const lv_font_fmt_txt_glyph_dsc_t glyph_dsc[] = {
    {.bitmap_index = 0, .adv_w = 0, .box_w = 0, .box_h = 0, .ofs_x = 0, .ofs_y = 0} /* id = 0 reserved */,
    {.bitmap_index = 0, .adv_w = 269, .box_w = 0, .box_h = 0, .ofs_x = 0, .ofs_y = 0},
    {.bitmap_index = 0, .adv_w = 269, .box_w = 5, .box_h = 24, .ofs_x = 6, .ofs_y = 0},
    {.bitmap_index = 60, .adv_w = 269, .box_w = 11, .box_h = 7, .ofs_x = 3, .ofs_y = 20},
    {.bitmap_index = 99, .adv_w = 269, .box_w = 15, .box_h = 21, .ofs_x = 1, .ofs_y = 3},
    {.bitmap_index = 257, .adv_w = 269, .box_w = 15, .box_h = 31, .ofs_x = 1, .ofs_y = -4},
    {.bitmap_index = 490, .adv_w = 269, .box_w = 15, .box_h = 24, .ofs_x = 1, .ofs_y = 0},
    {.bitmap_index = 670, .adv_w = 269, .box_w = 15, .box_h = 24, .ofs_x = 1, .ofs_y = 0},
    {.bitmap_index = 850, .adv_w = 269, .box_w = 5, .box_h = 7, .ofs_x = 6, .ofs_y = 20},
    {.bitmap_index = 868, .adv_w = 269, .box_w = 8, .box_h = 31, .ofs_x = 5, .ofs_y = -4},
    {.bitmap_index = 992, .adv_w = 269, .box_w = 8, .box_h = 31, .ofs_x = 4, .ofs_y = -4},
    {.bitmap_index = 1116, .adv_w = 269, .box_w = 13, .box_h = 17, .ofs_x = 2, .ofs_y = 3},
    {.bitmap_index = 1227, .adv_w = 269, .box_w = 13, .box_h = 17, .ofs_x = 2, .ofs_y = 3},
    {.bitmap_index = 1338, .adv_w = 269, .box_w = 5, .box_h = 14, .ofs_x = 6, .ofs_y = -7},
    {.bitmap_index = 1373, .adv_w = 269, .box_w = 9, .box_h = 4, .ofs_x = 4, .ofs_y = 10},
    {.bitmap_index = 1391, .adv_w = 269, .box_w = 5, .box_h = 7, .ofs_x = 6, .ofs_y = 0},
    {.bitmap_index = 1409, .adv_w = 269, .box_w = 15, .box_h = 31, .ofs_x = 1, .ofs_y = -4},
    {.bitmap_index = 1642, .adv_w = 269, .box_w = 13, .box_h = 24, .ofs_x = 2, .ofs_y = 0},
    {.bitmap_index = 1798, .adv_w = 269, .box_w = 11, .box_h = 24, .ofs_x = 3, .ofs_y = 0},
    {.bitmap_index = 1930, .adv_w = 269, .box_w = 13, .box_h = 24, .ofs_x = 2, .ofs_y = 0},
    {.bitmap_index = 2086, .adv_w = 269, .box_w = 13, .box_h = 24, .ofs_x = 2, .ofs_y = 0},
    {.bitmap_index = 2242, .adv_w = 269, .box_w = 15, .box_h = 24, .ofs_x = 1, .ofs_y = 0},
    {.bitmap_index = 2422, .adv_w = 269, .box_w = 14, .box_h = 24, .ofs_x = 2, .ofs_y = 0},
    {.bitmap_index = 2590, .adv_w = 269, .box_w = 13, .box_h = 24, .ofs_x = 2, .ofs_y = 0},
    {.bitmap_index = 2746, .adv_w = 269, .box_w = 13, .box_h = 24, .ofs_x = 2, .ofs_y = 0},
    {.bitmap_index = 2902, .adv_w = 269, .box_w = 13, .box_h = 24, .ofs_x = 2, .ofs_y = 0},
    {.bitmap_index = 3058, .adv_w = 269, .box_w = 13, .box_h = 24, .ofs_x = 2, .ofs_y = 0},
    {.bitmap_index = 3214, .adv_w = 269, .box_w = 5, .box_h = 21, .ofs_x = 6, .ofs_y = 0},
    {.bitmap_index = 3267, .adv_w = 269, .box_w = 5, .box_h = 27, .ofs_x = 6, .ofs_y = -7},
    {.bitmap_index = 3335, .adv_w = 269, .box_w = 11, .box_h = 24, .ofs_x = 3, .ofs_y = 0},
    {.bitmap_index = 3467, .adv_w = 269, .box_w = 11, .box_h = 11, .ofs_x = 3, .ofs_y = 6},
    {.bitmap_index = 3528, .adv_w = 269, .box_w = 11, .box_h = 24, .ofs_x = 3, .ofs_y = 0},
    {.bitmap_index = 3660, .adv_w = 269, .box_w = 14, .box_h = 24, .ofs_x = 1, .ofs_y = 0},
    {.bitmap_index = 3828, .adv_w = 269, .box_w = 15, .box_h = 27, .ofs_x = 1, .ofs_y = 0},
    {.bitmap_index = 4031, .adv_w = 269, .box_w = 15, .box_h = 24, .ofs_x = 1, .ofs_y = 0},
    {.bitmap_index = 4211, .adv_w = 269, .box_w = 15, .box_h = 24, .ofs_x = 1, .ofs_y = 0},
    {.bitmap_index = 4391, .adv_w = 269, .box_w = 15, .box_h = 24, .ofs_x = 1, .ofs_y = 0},
    {.bitmap_index = 4571, .adv_w = 269, .box_w = 15, .box_h = 24, .ofs_x = 1, .ofs_y = 0},
    {.bitmap_index = 4751, .adv_w = 269, .box_w = 11, .box_h = 24, .ofs_x = 3, .ofs_y = 0},
    {.bitmap_index = 4883, .adv_w = 269, .box_w = 11, .box_h = 24, .ofs_x = 3, .ofs_y = 0},
    {.bitmap_index = 5015, .adv_w = 269, .box_w = 15, .box_h = 24, .ofs_x = 1, .ofs_y = 0},
    {.bitmap_index = 5195, .adv_w = 269, .box_w = 15, .box_h = 24, .ofs_x = 1, .ofs_y = 0},
    {.bitmap_index = 5375, .adv_w = 269, .box_w = 9, .box_h = 24, .ofs_x = 4, .ofs_y = 0},
    {.bitmap_index = 5483, .adv_w = 269, .box_w = 14, .box_h = 24, .ofs_x = 1, .ofs_y = 0},
    {.bitmap_index = 5651, .adv_w = 269, .box_w = 15, .box_h = 24, .ofs_x = 1, .ofs_y = 0},
    {.bitmap_index = 5831, .adv_w = 269, .box_w = 13, .box_h = 24, .ofs_x = 3, .ofs_y = 0},
    {.bitmap_index = 5987, .adv_w = 269, .box_w = 15, .box_h = 24, .ofs_x = 1, .ofs_y = 0},
    {.bitmap_index = 6167, .adv_w = 269, .box_w = 15, .box_h = 24, .ofs_x = 1, .ofs_y = 0},
    {.bitmap_index = 6347, .adv_w = 269, .box_w = 15, .box_h = 24, .ofs_x = 1, .ofs_y = 0},
    {.bitmap_index = 6527, .adv_w = 269, .box_w = 15, .box_h = 24, .ofs_x = 1, .ofs_y = 0},
    {.bitmap_index = 6707, .adv_w = 269, .box_w = 15, .box_h = 31, .ofs_x = 1, .ofs_y = -7},
    {.bitmap_index = 6940, .adv_w = 269, .box_w = 15, .box_h = 24, .ofs_x = 1, .ofs_y = 0},
    {.bitmap_index = 7120, .adv_w = 269, .box_w = 15, .box_h = 24, .ofs_x = 1, .ofs_y = 0},
    {.bitmap_index = 7300, .adv_w = 269, .box_w = 15, .box_h = 24, .ofs_x = 1, .ofs_y = 0},
    {.bitmap_index = 7480, .adv_w = 269, .box_w = 15, .box_h = 24, .ofs_x = 1, .ofs_y = 0},
    {.bitmap_index = 7660, .adv_w = 269, .box_w = 15, .box_h = 24, .ofs_x = 1, .ofs_y = 0},
    {.bitmap_index = 7840, .adv_w = 269, .box_w = 15, .box_h = 24, .ofs_x = 1, .ofs_y = 0},
    {.bitmap_index = 8020, .adv_w = 269, .box_w = 15, .box_h = 24, .ofs_x = 1, .ofs_y = 0},
    {.bitmap_index = 8200, .adv_w = 269, .box_w = 15, .box_h = 24, .ofs_x = 1, .ofs_y = 0},
    {.bitmap_index = 8380, .adv_w = 269, .box_w = 13, .box_h = 24, .ofs_x = 2, .ofs_y = 0},
    {.bitmap_index = 8536, .adv_w = 269, .box_w = 7, .box_h = 31, .ofs_x = 5, .ofs_y = -3},
    {.bitmap_index = 8645, .adv_w = 269, .box_w = 15, .box_h = 31, .ofs_x = 1, .ofs_y = -4},
    {.bitmap_index = 8878, .adv_w = 269, .box_w = 8, .box_h = 31, .ofs_x = 4, .ofs_y = -3},
    {.bitmap_index = 9002, .adv_w = 269, .box_w = 15, .box_h = 14, .ofs_x = 1, .ofs_y = 10},
    {.bitmap_index = 9107, .adv_w = 269, .box_w = 15, .box_h = 4, .ofs_x = 1, .ofs_y = 0},
    {.bitmap_index = 9137, .adv_w = 269, .box_w = 7, .box_h = 7, .ofs_x = 4, .ofs_y = 20},
    {.bitmap_index = 9162, .adv_w = 269, .box_w = 15, .box_h = 17, .ofs_x = 1, .ofs_y = 0},
    {.bitmap_index = 9290, .adv_w = 269, .box_w = 15, .box_h = 24, .ofs_x = 1, .ofs_y = 0},
    {.bitmap_index = 9470, .adv_w = 269, .box_w = 15, .box_h = 17, .ofs_x = 1, .ofs_y = 0},
    {.bitmap_index = 9598, .adv_w = 269, .box_w = 15, .box_h = 24, .ofs_x = 1, .ofs_y = 0},
    {.bitmap_index = 9778, .adv_w = 269, .box_w = 15, .box_h = 17, .ofs_x = 1, .ofs_y = 0},
    {.bitmap_index = 9906, .adv_w = 269, .box_w = 11, .box_h = 24, .ofs_x = 3, .ofs_y = 0},
    {.bitmap_index = 10038, .adv_w = 269, .box_w = 15, .box_h = 24, .ofs_x = 1, .ofs_y = -7},
    {.bitmap_index = 10218, .adv_w = 269, .box_w = 15, .box_h = 24, .ofs_x = 1, .ofs_y = 0},
    {.bitmap_index = 10398, .adv_w = 269, .box_w = 11, .box_h = 24, .ofs_x = 3, .ofs_y = 0},
    {.bitmap_index = 10530, .adv_w = 269, .box_w = 9, .box_h = 31, .ofs_x = 3, .ofs_y = -7},
    {.bitmap_index = 10670, .adv_w = 269, .box_w = 15, .box_h = 24, .ofs_x = 1, .ofs_y = 0},
    {.bitmap_index = 10850, .adv_w = 269, .box_w = 11, .box_h = 24, .ofs_x = 3, .ofs_y = 0},
    {.bitmap_index = 10982, .adv_w = 269, .box_w = 15, .box_h = 17, .ofs_x = 1, .ofs_y = 0},
    {.bitmap_index = 11110, .adv_w = 269, .box_w = 15, .box_h = 17, .ofs_x = 1, .ofs_y = 0},
    {.bitmap_index = 11238, .adv_w = 269, .box_w = 15, .box_h = 17, .ofs_x = 1, .ofs_y = 0},
    {.bitmap_index = 11366, .adv_w = 269, .box_w = 15, .box_h = 24, .ofs_x = 1, .ofs_y = -7},
    {.bitmap_index = 11546, .adv_w = 269, .box_w = 15, .box_h = 24, .ofs_x = 1, .ofs_y = -7},
    {.bitmap_index = 11726, .adv_w = 269, .box_w = 15, .box_h = 17, .ofs_x = 1, .ofs_y = 0},
    {.bitmap_index = 11854, .adv_w = 269, .box_w = 13, .box_h = 17, .ofs_x = 2, .ofs_y = 0},
    {.bitmap_index = 11965, .adv_w = 269, .box_w = 13, .box_h = 24, .ofs_x = 1, .ofs_y = 0},
    {.bitmap_index = 12121, .adv_w = 269, .box_w = 15, .box_h = 17, .ofs_x = 1, .ofs_y = 0},
    {.bitmap_index = 12249, .adv_w = 269, .box_w = 15, .box_h = 17, .ofs_x = 1, .ofs_y = 0},
    {.bitmap_index = 12377, .adv_w = 269, .box_w = 15, .box_h = 17, .ofs_x = 1, .ofs_y = 0},
    {.bitmap_index = 12505, .adv_w = 269, .box_w = 13, .box_h = 17, .ofs_x = 2, .ofs_y = 0},
    {.bitmap_index = 12616, .adv_w = 269, .box_w = 15, .box_h = 24, .ofs_x = 1, .ofs_y = -7},
    {.bitmap_index = 12796, .adv_w = 269, .box_w = 13, .box_h = 17, .ofs_x = 2, .ofs_y = 0},
    {.bitmap_index = 12907, .adv_w = 269, .box_w = 11, .box_h = 31, .ofs_x = 3, .ofs_y = -4},
    {.bitmap_index = 13078, .adv_w = 269, .box_w = 5, .box_h = 31, .ofs_x = 6, .ofs_y = -3},
    {.bitmap_index = 13156, .adv_w = 269, .box_w = 11, .box_h = 31, .ofs_x = 3, .ofs_y = -4},
    {.bitmap_index = 13327, .adv_w = 269, .box_w = 15, .box_h = 14, .ofs_x = 1, .ofs_y = 7},
    {.bitmap_index = 13432, .adv_w = 269, .box_w = 0, .box_h = 0, .ofs_x = 0, .ofs_y = 0},
    {.bitmap_index = 13432, .adv_w = 269, .box_w = 5, .box_h = 24, .ofs_x = 6, .ofs_y = -3},
    {.bitmap_index = 13492, .adv_w = 269, .box_w = 15, .box_h = 32, .ofs_x = 1, .ofs_y = -4},
    {.bitmap_index = 13732, .adv_w = 269, .box_w = 15, .box_h = 24, .ofs_x = 1, .ofs_y = 0},
    {.bitmap_index = 13912, .adv_w = 269, .box_w = 15, .box_h = 17, .ofs_x = 1, .ofs_y = 0},
    {.bitmap_index = 14040, .adv_w = 269, .box_w = 15, .box_h = 24, .ofs_x = 1, .ofs_y = 0},
    {.bitmap_index = 14220, .adv_w = 269, .box_w = 5, .box_h = 31, .ofs_x = 6, .ofs_y = -3},
    {.bitmap_index = 14298, .adv_w = 269, .box_w = 13, .box_h = 28, .ofs_x = 2, .ofs_y = -4},
    {.bitmap_index = 14480, .adv_w = 269, .box_w = 11, .box_h = 4, .ofs_x = 3, .ofs_y = 20},
    {.bitmap_index = 14502, .adv_w = 269, .box_w = 15, .box_h = 31, .ofs_x = 1, .ofs_y = -3},
    {.bitmap_index = 14735, .adv_w = 269, .box_w = 11, .box_h = 24, .ofs_x = 3, .ofs_y = 0},
    {.bitmap_index = 14867, .adv_w = 269, .box_w = 15, .box_h = 17, .ofs_x = 1, .ofs_y = 0},
    {.bitmap_index = 14995, .adv_w = 269, .box_w = 15, .box_h = 11, .ofs_x = 1, .ofs_y = 3},
    {.bitmap_index = 15078, .adv_w = 269, .box_w = 9, .box_h = 4, .ofs_x = 4, .ofs_y = 10},
    {.bitmap_index = 15096, .adv_w = 269, .box_w = 15, .box_h = 31, .ofs_x = 1, .ofs_y = -3},
    {.bitmap_index = 15329, .adv_w = 269, .box_w = 11, .box_h = 4, .ofs_x = 3, .ofs_y = 20},
    {.bitmap_index = 15351, .adv_w = 269, .box_w = 11, .box_h = 14, .ofs_x = 3, .ofs_y = 14},
    {.bitmap_index = 15428, .adv_w = 269, .box_w = 13, .box_h = 24, .ofs_x = 2, .ofs_y = 0},
    {.bitmap_index = 15584, .adv_w = 269, .box_w = 8, .box_h = 17, .ofs_x = 4, .ofs_y = 10},
    {.bitmap_index = 15652, .adv_w = 269, .box_w = 8, .box_h = 17, .ofs_x = 4, .ofs_y = 10},
    {.bitmap_index = 15720, .adv_w = 269, .box_w = 6, .box_h = 7, .ofs_x = 6, .ofs_y = 20},
    {.bitmap_index = 15741, .adv_w = 269, .box_w = 17, .box_h = 24, .ofs_x = -1, .ofs_y = -7},
    {.bitmap_index = 15945, .adv_w = 269, .box_w = 15, .box_h = 32, .ofs_x = 1, .ofs_y = -4},
    {.bitmap_index = 16185, .adv_w = 269, .box_w = 5, .box_h = 7, .ofs_x = 6, .ofs_y = 7},
    {.bitmap_index = 16203, .adv_w = 269, .box_w = 6, .box_h = 7, .ofs_x = 6, .ofs_y = -7},
    {.bitmap_index = 16224, .adv_w = 269, .box_w = 5, .box_h = 17, .ofs_x = 5, .ofs_y = 10},
    {.bitmap_index = 16267, .adv_w = 269, .box_w = 11, .box_h = 24, .ofs_x = 3, .ofs_y = 0},
    {.bitmap_index = 16399, .adv_w = 269, .box_w = 15, .box_h = 17, .ofs_x = 1, .ofs_y = 0},
    {.bitmap_index = 16527, .adv_w = 269, .box_w = 17, .box_h = 32, .ofs_x = 0, .ofs_y = -4},
    {.bitmap_index = 16799, .adv_w = 269, .box_w = 16, .box_h = 28, .ofs_x = 0, .ofs_y = 0},
    {.bitmap_index = 17023, .adv_w = 269, .box_w = 16, .box_h = 31, .ofs_x = 1, .ofs_y = -4},
    {.bitmap_index = 17271, .adv_w = 269, .box_w = 14, .box_h = 25, .ofs_x = 1, .ofs_y = -4},
    {.bitmap_index = 17446, .adv_w = 269, .box_w = 15, .box_h = 34, .ofs_x = 1, .ofs_y = 0},
    {.bitmap_index = 17701, .adv_w = 269, .box_w = 15, .box_h = 34, .ofs_x = 1, .ofs_y = 0},
    {.bitmap_index = 17956, .adv_w = 269, .box_w = 15, .box_h = 34, .ofs_x = 1, .ofs_y = 0},
    {.bitmap_index = 18211, .adv_w = 269, .box_w = 15, .box_h = 34, .ofs_x = 1, .ofs_y = 0},
    {.bitmap_index = 18466, .adv_w = 269, .box_w = 15, .box_h = 31, .ofs_x = 1, .ofs_y = 0},
    {.bitmap_index = 18699, .adv_w = 269, .box_w = 15, .box_h = 38, .ofs_x = 1, .ofs_y = 0},
    {.bitmap_index = 18984, .adv_w = 269, .box_w = 15, .box_h = 24, .ofs_x = 1, .ofs_y = 0},
    {.bitmap_index = 19164, .adv_w = 269, .box_w = 15, .box_h = 31, .ofs_x = 1, .ofs_y = -7},
    {.bitmap_index = 19397, .adv_w = 269, .box_w = 11, .box_h = 34, .ofs_x = 3, .ofs_y = 0},
    {.bitmap_index = 19584, .adv_w = 269, .box_w = 11, .box_h = 34, .ofs_x = 3, .ofs_y = 0},
    {.bitmap_index = 19771, .adv_w = 269, .box_w = 11, .box_h = 34, .ofs_x = 3, .ofs_y = 0},
    {.bitmap_index = 19958, .adv_w = 269, .box_w = 11, .box_h = 31, .ofs_x = 3, .ofs_y = 0},
    {.bitmap_index = 20129, .adv_w = 269, .box_w = 9, .box_h = 34, .ofs_x = 4, .ofs_y = 0},
    {.bitmap_index = 20282, .adv_w = 269, .box_w = 9, .box_h = 34, .ofs_x = 4, .ofs_y = 0},
    {.bitmap_index = 20435, .adv_w = 269, .box_w = 11, .box_h = 34, .ofs_x = 3, .ofs_y = 0},
    {.bitmap_index = 20622, .adv_w = 269, .box_w = 11, .box_h = 31, .ofs_x = 3, .ofs_y = 0},
    {.bitmap_index = 20793, .adv_w = 269, .box_w = 15, .box_h = 24, .ofs_x = 1, .ofs_y = 0},
    {.bitmap_index = 20973, .adv_w = 269, .box_w = 15, .box_h = 34, .ofs_x = 1, .ofs_y = 0},
    {.bitmap_index = 21228, .adv_w = 269, .box_w = 15, .box_h = 34, .ofs_x = 1, .ofs_y = 0},
    {.bitmap_index = 21483, .adv_w = 269, .box_w = 15, .box_h = 34, .ofs_x = 1, .ofs_y = 0},
    {.bitmap_index = 21738, .adv_w = 269, .box_w = 15, .box_h = 34, .ofs_x = 1, .ofs_y = 0},
    {.bitmap_index = 21993, .adv_w = 269, .box_w = 15, .box_h = 34, .ofs_x = 1, .ofs_y = 0},
    {.bitmap_index = 22248, .adv_w = 269, .box_w = 15, .box_h = 31, .ofs_x = 1, .ofs_y = 0},
    {.bitmap_index = 22481, .adv_w = 269, .box_w = 11, .box_h = 21, .ofs_x = 3, .ofs_y = 3},
    {.bitmap_index = 22597, .adv_w = 269, .box_w = 15, .box_h = 31, .ofs_x = 1, .ofs_y = -4},
    {.bitmap_index = 22830, .adv_w = 269, .box_w = 15, .box_h = 34, .ofs_x = 1, .ofs_y = 0},
    {.bitmap_index = 23085, .adv_w = 269, .box_w = 15, .box_h = 34, .ofs_x = 1, .ofs_y = 0},
    {.bitmap_index = 23340, .adv_w = 269, .box_w = 15, .box_h = 34, .ofs_x = 1, .ofs_y = 0},
    {.bitmap_index = 23595, .adv_w = 269, .box_w = 15, .box_h = 31, .ofs_x = 1, .ofs_y = 0},
    {.bitmap_index = 23828, .adv_w = 269, .box_w = 15, .box_h = 34, .ofs_x = 1, .ofs_y = 0},
    {.bitmap_index = 24083, .adv_w = 269, .box_w = 15, .box_h = 24, .ofs_x = 1, .ofs_y = 0},
    {.bitmap_index = 24263, .adv_w = 269, .box_w = 15, .box_h = 24, .ofs_x = 1, .ofs_y = 0},
    {.bitmap_index = 24443, .adv_w = 269, .box_w = 15, .box_h = 27, .ofs_x = 1, .ofs_y = 0},
    {.bitmap_index = 24646, .adv_w = 269, .box_w = 15, .box_h = 27, .ofs_x = 1, .ofs_y = 0},
    {.bitmap_index = 24849, .adv_w = 269, .box_w = 15, .box_h = 27, .ofs_x = 1, .ofs_y = 0},
    {.bitmap_index = 25052, .adv_w = 269, .box_w = 15, .box_h = 27, .ofs_x = 1, .ofs_y = 0},
    {.bitmap_index = 25255, .adv_w = 269, .box_w = 15, .box_h = 24, .ofs_x = 1, .ofs_y = 0},
    {.bitmap_index = 25435, .adv_w = 269, .box_w = 15, .box_h = 31, .ofs_x = 1, .ofs_y = 0},
    {.bitmap_index = 25668, .adv_w = 269, .box_w = 15, .box_h = 17, .ofs_x = 1, .ofs_y = 0},
    {.bitmap_index = 25796, .adv_w = 269, .box_w = 15, .box_h = 24, .ofs_x = 1, .ofs_y = -7},
    {.bitmap_index = 25976, .adv_w = 269, .box_w = 15, .box_h = 27, .ofs_x = 1, .ofs_y = 0},
    {.bitmap_index = 26179, .adv_w = 269, .box_w = 15, .box_h = 27, .ofs_x = 1, .ofs_y = 0},
    {.bitmap_index = 26382, .adv_w = 269, .box_w = 15, .box_h = 27, .ofs_x = 1, .ofs_y = 0},
    {.bitmap_index = 26585, .adv_w = 269, .box_w = 15, .box_h = 24, .ofs_x = 1, .ofs_y = 0},
    {.bitmap_index = 26765, .adv_w = 269, .box_w = 11, .box_h = 27, .ofs_x = 3, .ofs_y = 0},
    {.bitmap_index = 26914, .adv_w = 269, .box_w = 11, .box_h = 27, .ofs_x = 3, .ofs_y = 0},
    {.bitmap_index = 27063, .adv_w = 269, .box_w = 11, .box_h = 27, .ofs_x = 3, .ofs_y = 0},
    {.bitmap_index = 27212, .adv_w = 269, .box_w = 11, .box_h = 24, .ofs_x = 3, .ofs_y = 0},
    {.bitmap_index = 27344, .adv_w = 269, .box_w = 15, .box_h = 31, .ofs_x = 1, .ofs_y = 0},
    {.bitmap_index = 27577, .adv_w = 269, .box_w = 15, .box_h = 27, .ofs_x = 1, .ofs_y = 0},
    {.bitmap_index = 27780, .adv_w = 269, .box_w = 15, .box_h = 27, .ofs_x = 1, .ofs_y = 0},
    {.bitmap_index = 27983, .adv_w = 269, .box_w = 15, .box_h = 27, .ofs_x = 1, .ofs_y = 0},
    {.bitmap_index = 28186, .adv_w = 269, .box_w = 15, .box_h = 27, .ofs_x = 1, .ofs_y = 0},
    {.bitmap_index = 28389, .adv_w = 269, .box_w = 15, .box_h = 27, .ofs_x = 1, .ofs_y = 0},
    {.bitmap_index = 28592, .adv_w = 269, .box_w = 15, .box_h = 24, .ofs_x = 1, .ofs_y = 0},
    {.bitmap_index = 28772, .adv_w = 269, .box_w = 11, .box_h = 24, .ofs_x = 3, .ofs_y = 0},
    {.bitmap_index = 28904, .adv_w = 269, .box_w = 15, .box_h = 25, .ofs_x = 1, .ofs_y = -4},
    {.bitmap_index = 29092, .adv_w = 269, .box_w = 15, .box_h = 27, .ofs_x = 1, .ofs_y = 0},
    {.bitmap_index = 29295, .adv_w = 269, .box_w = 15, .box_h = 27, .ofs_x = 1, .ofs_y = 0},
    {.bitmap_index = 29498, .adv_w = 269, .box_w = 15, .box_h = 27, .ofs_x = 1, .ofs_y = 0},
    {.bitmap_index = 29701, .adv_w = 269, .box_w = 15, .box_h = 24, .ofs_x = 1, .ofs_y = 0},
    {.bitmap_index = 29881, .adv_w = 269, .box_w = 15, .box_h = 34, .ofs_x = 1, .ofs_y = -7},
    {.bitmap_index = 30136, .adv_w = 269, .box_w = 15, .box_h = 31, .ofs_x = 1, .ofs_y = -7},
    {.bitmap_index = 30369, .adv_w = 269, .box_w = 15, .box_h = 31, .ofs_x = 1, .ofs_y = -7}
};

/*---------------------
 *  CHARACTER MAPPING
 *--------------------*/



/*Collect the unicode lists and glyph_id offsets*/
static const lv_font_fmt_txt_cmap_t cmaps[] =
{
    {
        .range_start = 32, .range_length = 95, .glyph_id_start = 1,
        .unicode_list = NULL, .glyph_id_ofs_list = NULL, .list_length = 0, .type = LV_FONT_FMT_TXT_CMAP_FORMAT0_TINY
    },
    {
        .range_start = 160, .range_length = 96, .glyph_id_start = 96,
        .unicode_list = NULL, .glyph_id_ofs_list = NULL, .list_length = 0, .type = LV_FONT_FMT_TXT_CMAP_FORMAT0_TINY
    }
};



/*--------------------
 *  ALL CUSTOM DATA
 *--------------------*/

#if LVGL_VERSION_MAJOR == 8
/*Store all the custom data of the font*/
static  lv_font_fmt_txt_glyph_cache_t cache;
#endif

#if LVGL_VERSION_MAJOR >= 8
static const lv_font_fmt_txt_dsc_t font_dsc = {
#else
static lv_font_fmt_txt_dsc_t font_dsc = {
#endif
    .glyph_bitmap = glyph_bitmap,
    .glyph_dsc = glyph_dsc,
    .cmaps = cmaps,
    .kern_dsc = NULL,
    .kern_scale = 0,
    .cmap_num = 2,
    .bpp = 4,
    .kern_classes = 0,
    .bitmap_format = 0,
#if LVGL_VERSION_MAJOR == 8
    .cache = &cache
#endif
};



/*-----------------
 *  PUBLIC FONT
 *----------------*/

/*Initialize a public general font descriptor*/
#if LVGL_VERSION_MAJOR >= 8
const lv_font_t font_vt323_42 = {
#else
lv_font_t font_vt323_42 = {
#endif
    .get_glyph_dsc = lv_font_get_glyph_dsc_fmt_txt,    /*Function pointer to get glyph's data*/
    .get_glyph_bitmap = lv_font_get_bitmap_fmt_txt,    /*Function pointer to get glyph's bitmap*/
    .line_height = 45,          /*The maximum line height required by the font*/
    .base_line = 7,             /*Baseline measured from the bottom of the line*/
#if !(LVGL_VERSION_MAJOR == 6 && LVGL_VERSION_MINOR == 0)
    .subpx = LV_FONT_SUBPX_NONE,
#endif
#if LV_VERSION_CHECK(7, 4, 0) || LVGL_VERSION_MAJOR >= 8
    .underline_position = -5,
    .underline_thickness = 2,
#endif
    .dsc = &font_dsc,          /*The custom font data. Will be accessed by `get_glyph_bitmap/dsc` */
#if LV_VERSION_CHECK(8, 2, 0) || LVGL_VERSION_MAJOR >= 9
    .fallback = NULL,
#endif
    .user_data = NULL,
};



#endif /*#if FONT_VT323_42*/

