/*******************************************************************************
 * Size: 30 px
 * Bpp: 4
 * Opts: --font VT323-Regular.ttf -r 0x20-0x7F,0xA0-0xFF --size 30 --bpp 4 --format lvgl --no-compress --lv-include lvgl.h -o fonts2/font_vt323_30.c
 ******************************************************************************/

#ifdef LV_LVGL_H_INCLUDE_SIMPLE
#include "lvgl.h"
#else
#include "lvgl.h"
#endif

#ifndef FONT_VT323_30
#define FONT_VT323_30 1
#endif

#if FONT_VT323_30

/*-----------------
 *    BITMAPS
 *----------------*/

/*Store the image of the glyphs*/
static LV_ATTRIBUTE_LARGE_CONST const uint8_t glyph_bitmap[] = {
    /* U+0020 " " */

    /* U+0021 "!" */
    0x4f, 0xf3, 0x4f, 0xf4, 0x3f, 0xf3, 0x4f, 0xf4,
    0x3f, 0xf3, 0x4f, 0xf4, 0x4f, 0xf4, 0x3f, 0xf3,
    0x4f, 0xf4, 0x3f, 0xf3, 0x4f, 0xf4, 0x4f, 0xf3,
    0x0, 0x0, 0x0, 0x0, 0x16, 0x61, 0x4f, 0xf4,
    0x4f, 0xf3,

    /* U+0022 "\"" */
    0x8c, 0xa0, 0xa, 0xc8, 0xbf, 0xe0, 0xe, 0xfb,
    0x9f, 0xd0, 0xd, 0xf9, 0xaf, 0xe0, 0xe, 0xfa,
    0xaf, 0xd0, 0xd, 0xfa,

    /* U+0023 "#" */
    0x5, 0xff, 0x22, 0xff, 0x50, 0x6, 0xff, 0x33,
    0xff, 0x60, 0x59, 0xff, 0x77, 0xff, 0x95, 0xef,
    0xff, 0xff, 0xff, 0xfe, 0xdf, 0xff, 0xff, 0xff,
    0xfd, 0x5, 0xff, 0x22, 0xff, 0x50, 0x6, 0xff,
    0x22, 0xff, 0x60, 0x5, 0xff, 0x12, 0xff, 0x50,
    0x6, 0xff, 0x33, 0xff, 0x60, 0x59, 0xff, 0x77,
    0xff, 0x95, 0xef, 0xff, 0xff, 0xff, 0xfe, 0xdf,
    0xff, 0xff, 0xff, 0xfd, 0x5, 0xff, 0x22, 0xff,
    0x50, 0x6, 0xff, 0x33, 0xff, 0x60, 0x2, 0x88,
    0x0, 0x88, 0x20,

    /* U+0024 "$" */
    0x0, 0x0, 0xff, 0x0, 0x0, 0x0, 0x0, 0xff,
    0x0, 0x0, 0xa, 0xff, 0xff, 0xff, 0xa0, 0xb,
    0xff, 0xff, 0xff, 0xb0, 0xa, 0xc6, 0xff, 0x6c,
    0xa0, 0xdf, 0xb0, 0xff, 0xb, 0xfd, 0xef, 0xa0,
    0xff, 0xa, 0xfe, 0xdf, 0x90, 0xee, 0x3, 0x65,
    0xef, 0xb0, 0xff, 0x0, 0x0, 0x8d, 0xc6, 0xff,
    0x66, 0x30, 0xa, 0xff, 0xff, 0xff, 0xa0, 0x6,
    0x99, 0xff, 0x9d, 0xc5, 0x0, 0x0, 0xff, 0xa,
    0xfe, 0x0, 0x0, 0xff, 0xa, 0xfd, 0xdf, 0xa0,
    0xff, 0xa, 0xfd, 0xef, 0xb0, 0xff, 0xb, 0xfe,
    0x5c, 0xc6, 0xff, 0x6c, 0xc5, 0xb, 0xff, 0xff,
    0xff, 0xb0, 0xa, 0xff, 0xff, 0xff, 0xa0, 0x0,
    0x0, 0xff, 0x0, 0x0, 0x0, 0x0, 0xff, 0x0,
    0x0, 0x0, 0x0, 0x77, 0x0, 0x0,

    /* U+0025 "%" */
    0xc, 0xfb, 0x0, 0x0, 0xfd, 0xd, 0xfb, 0x0,
    0x1, 0xfe, 0x5d, 0x7c, 0x40, 0x26, 0xa5, 0xef,
    0x4f, 0xc0, 0x6f, 0x80, 0xdf, 0x3f, 0xb0, 0x6f,
    0x70, 0xc, 0xfb, 0x9, 0xf4, 0x0, 0xd, 0xfb,
    0xa, 0xf5, 0x0, 0x5, 0x64, 0x5b, 0x61, 0x0,
    0x0, 0x0, 0xff, 0x0, 0x0, 0x0, 0x0, 0xff,
    0x0, 0x0, 0x0, 0x5f, 0x90, 0xbf, 0xc0, 0x0,
    0x5f, 0x90, 0xbf, 0xc0, 0x7, 0xf6, 0xc, 0xf2,
    0xfd, 0x8, 0xf6, 0xc, 0xf4, 0xfe, 0x5b, 0x62,
    0x4, 0xc7, 0xd5, 0xef, 0x10, 0x0, 0xbf, 0xd0,
    0xdf, 0x0, 0x0, 0xbf, 0xc0,

    /* U+0026 "&" */
    0x0, 0x7f, 0xff, 0x30, 0x0, 0x0, 0x7f, 0xff,
    0x40, 0x0, 0x3, 0xa8, 0x6a, 0x82, 0x0, 0xa,
    0xf4, 0x7, 0xf7, 0x0, 0xa, 0xf3, 0x7, 0xf7,
    0x0, 0x0, 0x7f, 0xfa, 0x0, 0xfd, 0x0, 0x7f,
    0xfa, 0x1, 0xfe, 0x5, 0xce, 0x9d, 0x50, 0xfd,
    0xb, 0xfe, 0x6f, 0x91, 0xfe, 0xa, 0xea, 0x4e,
    0x80, 0xda, 0xdf, 0xa0, 0x7, 0xff, 0x50, 0xef,
    0xa0, 0x7, 0xff, 0x50, 0xdf, 0xa0, 0x4e, 0xab,
    0xd3, 0xef, 0xb0, 0x6f, 0x9b, 0xf4, 0x7d, 0xc6,
    0x9d, 0x59, 0xf7, 0xa, 0xff, 0xfa, 0xa, 0xfe,
    0xa, 0xff, 0xfa, 0xa, 0xfd,

    /* U+0027 "'" */
    0x3c, 0xc3, 0x4f, 0xf4, 0x3f, 0xf3, 0x4f, 0xf4,
    0x4f, 0xf3,

    /* U+0028 "(" */
    0x0, 0x0, 0xf9, 0x0, 0x0, 0xf9, 0x0, 0x8f,
    0x10, 0x0, 0x8f, 0x20, 0x0, 0x79, 0x0, 0x4,
    0xf6, 0x0, 0x4, 0xf5, 0x0, 0x2f, 0xf5, 0x0,
    0x2f, 0xf6, 0x0, 0x1f, 0xf5, 0x0, 0x3f, 0xf6,
    0x0, 0x2f, 0xf5, 0x0, 0x2f, 0xf5, 0x0, 0x2f,
    0xf5, 0x0, 0x6, 0xf5, 0x0, 0x4, 0xf6, 0x0,
    0x2, 0xc9, 0x0, 0x0, 0x8f, 0x20, 0x0, 0x8f,
    0x10, 0x0, 0x0, 0xf9, 0x0, 0x0, 0xfa, 0x0,
    0x0, 0x63,

    /* U+0029 ")" */
    0x9f, 0x0, 0x0, 0x9f, 0x0, 0x0, 0x1, 0xf8,
    0x0, 0x2, 0xf8, 0x0, 0x0, 0x97, 0x0, 0x0,
    0x6f, 0x40, 0x0, 0x5f, 0x40, 0x0, 0x5f, 0xf2,
    0x0, 0x6f, 0xf2, 0x0, 0x5f, 0xf1, 0x0, 0x6f,
    0xf3, 0x0, 0x5f, 0xf2, 0x0, 0x5f, 0xf2, 0x0,
    0x5f, 0xf2, 0x0, 0x5f, 0x60, 0x0, 0x6f, 0x40,
    0x0, 0x9c, 0x20, 0x2, 0xf8, 0x0, 0x1, 0xf7,
    0x0, 0x9f, 0x0, 0x0, 0xaf, 0x0, 0x0, 0x36,
    0x0, 0x0,

    /* U+002A "*" */
    0x0, 0x0, 0xff, 0x0, 0x0, 0x0, 0x0, 0xff,
    0x0, 0x0, 0x4f, 0xf3, 0xff, 0x4f, 0xf3, 0x4f,
    0xf4, 0xff, 0x4f, 0xf4, 0x16, 0x66, 0xff, 0x66,
    0x61, 0x0, 0xe, 0xff, 0xe0, 0x0, 0x0, 0xd,
    0xff, 0xd0, 0x0, 0x4f, 0xf3, 0xff, 0x4f, 0xf3,
    0x4f, 0xf4, 0xff, 0x4f, 0xf4, 0x16, 0x61, 0xee,
    0x16, 0x61, 0x0, 0x0, 0xff, 0x0, 0x0, 0x0,
    0x0, 0xff, 0x0, 0x0,

    /* U+002B "+" */
    0x0, 0x4, 0xff, 0x30, 0x0, 0x0, 0x4, 0xff,
    0x40, 0x0, 0x0, 0x3, 0xff, 0x30, 0x0, 0x0,
    0x4, 0xff, 0x40, 0x0, 0x0, 0x3, 0xff, 0x30,
    0x0, 0x4f, 0xff, 0xff, 0xff, 0xf3, 0x4f, 0xff,
    0xff, 0xff, 0xf4, 0x16, 0x68, 0xff, 0x86, 0x61,
    0x0, 0x4, 0xff, 0x40, 0x0, 0x0, 0x3, 0xff,
    0x30, 0x0, 0x0, 0x4, 0xff, 0x40, 0x0, 0x0,
    0x4, 0xff, 0x40, 0x0,

    /* U+002C "," */
    0x6c, 0xc6, 0x9f, 0xf9, 0x8f, 0xf8, 0x9f, 0xf9,
    0x8f, 0xf8, 0x5, 0xf8, 0x6, 0xf9, 0x39, 0xb5,
    0x9f, 0x60, 0x8f, 0x50,

    /* U+002D "-" */
    0x6, 0x66, 0x66, 0x60, 0x1f, 0xff, 0xff, 0xf1,
    0xf, 0xff, 0xff, 0xf0,

    /* U+002E "." */
    0x6c, 0xc6, 0x9f, 0xf9, 0x8f, 0xf8, 0x9f, 0xf9,
    0x8f, 0xf8,

    /* U+002F "/" */
    0x0, 0x0, 0x0, 0xa, 0xfd, 0x0, 0x0, 0x0,
    0xa, 0xfd, 0x0, 0x0, 0x0, 0x9f, 0xf0, 0x0,
    0x0, 0x0, 0x9f, 0xf0, 0x0, 0x0, 0x0, 0x8f,
    0xf0, 0x0, 0x0, 0x7, 0xff, 0x10, 0x0, 0x0,
    0x7, 0xfd, 0x0, 0x0, 0x0, 0x5f, 0xf2, 0x0,
    0x0, 0x0, 0x6f, 0xf2, 0x0, 0x0, 0x3, 0xdf,
    0x60, 0x0, 0x0, 0x4, 0xff, 0x40, 0x0, 0x0,
    0x3, 0xfd, 0x20, 0x0, 0x0, 0x2f, 0xf5, 0x0,
    0x0, 0x0, 0x2f, 0xf5, 0x0, 0x0, 0x0, 0xdf,
    0x70, 0x0, 0x0, 0x1, 0xff, 0x70, 0x0, 0x0,
    0x6, 0xfc, 0x40, 0x0, 0x0, 0xf, 0xf9, 0x0,
    0x0, 0x0, 0xf, 0xf8, 0x0, 0x0, 0x0, 0xdf,
    0xa0, 0x0, 0x0, 0x0, 0xef, 0xa0, 0x0, 0x0,
    0x0, 0x56, 0x30, 0x0, 0x0, 0x0,

    /* U+0030 "0" */
    0x0, 0x8, 0xff, 0x80, 0x0, 0x0, 0x9, 0xff,
    0x90, 0x0, 0x0, 0x3, 0x66, 0x30, 0x0, 0x0,
    0xf8, 0x0, 0x9f, 0x10, 0x1, 0xf8, 0x0, 0x9f,
    0x0, 0xf, 0xf8, 0x0, 0x8f, 0xf0, 0xf, 0xf9,
    0x0, 0x9f, 0xf0, 0xe, 0xf8, 0x0, 0x8f, 0xe0,
    0xf, 0xf9, 0x0, 0x9f, 0xf0, 0xf, 0xf8, 0x0,
    0x8f, 0xe0, 0xf, 0xf9, 0x0, 0x9f, 0xf0, 0xf,
    0xf9, 0x0, 0x9f, 0xf0, 0x3, 0xf8, 0x0, 0x8f,
    0x30, 0x1, 0xf9, 0x0, 0x9f, 0x10, 0x0, 0x98,
    0x66, 0x89, 0x0, 0x0, 0x9, 0xff, 0x90, 0x0,
    0x0, 0x8, 0xff, 0x80, 0x0,

    /* U+0031 "1" */
    0x0, 0x3f, 0xf3, 0x0, 0x0, 0x4f, 0xf4, 0x0,
    0x6, 0x8f, 0xf3, 0x0, 0x1f, 0xff, 0xf4, 0x0,
    0xf, 0xff, 0xf3, 0x0, 0x0, 0x4f, 0xf3, 0x0,
    0x0, 0x4f, 0xf4, 0x0, 0x0, 0x3f, 0xf3, 0x0,
    0x0, 0x4f, 0xf4, 0x0, 0x0, 0x3f, 0xf3, 0x0,
    0x0, 0x4f, 0xf4, 0x0, 0x0, 0x4f, 0xf4, 0x0,
    0x0, 0x3f, 0xf3, 0x0, 0x0, 0x4f, 0xf4, 0x0,
    0x36, 0x8f, 0xf8, 0x63, 0xaf, 0xff, 0xff, 0xfa,
    0xaf, 0xff, 0xff, 0xfa,

    /* U+0032 "2" */
    0x1, 0xff, 0xff, 0xff, 0x10, 0x1, 0xff, 0xff,
    0xff, 0x10, 0x0, 0xc6, 0x66, 0x8f, 0x0, 0x4f,
    0xb0, 0x0, 0x4f, 0xf3, 0x4f, 0xa0, 0x0, 0x4f,
    0xf4, 0x16, 0x30, 0x0, 0x3f, 0xf3, 0x0, 0x0,
    0x0, 0x4f, 0xf4, 0x0, 0x0, 0x4, 0x8e, 0x92,
    0x0, 0x0, 0xc, 0xfc, 0x0, 0x0, 0x0, 0xc,
    0xfb, 0x0, 0x0, 0x4, 0xff, 0x40, 0x0, 0x0,
    0x4, 0xff, 0x40, 0x0, 0x0, 0x9d, 0xc3, 0x0,
    0x0, 0x0, 0xcf, 0xc0, 0x0, 0x0, 0x16, 0xdf,
    0xd6, 0x66, 0x61, 0x4f, 0xff, 0xff, 0xff, 0xf4,
    0x4f, 0xff, 0xff, 0xff, 0xf3,

    /* U+0033 "3" */
    0x1, 0xff, 0xff, 0xff, 0x10, 0x1, 0xff, 0xff,
    0xff, 0x10, 0x0, 0xf8, 0x66, 0x8f, 0x0, 0x4f,
    0xf4, 0x0, 0x4f, 0xf3, 0x4f, 0xf4, 0x0, 0x4f,
    0xf4, 0x16, 0x61, 0x0, 0x3f, 0xf3, 0x0, 0x0,
    0x0, 0x4f, 0xf4, 0x0, 0x1, 0x66, 0x8f, 0x92,
    0x0, 0x4, 0xff, 0xff, 0x10, 0x0, 0x2, 0x99,
    0xaf, 0x61, 0x0, 0x0, 0x0, 0x4f, 0xf4, 0x0,
    0x0, 0x0, 0x4f, 0xf3, 0x4f, 0xf3, 0x0, 0x3f,
    0xf3, 0x4f, 0xf4, 0x0, 0x4f, 0xf4, 0x16, 0xf8,
    0x66, 0x8f, 0x61, 0x1, 0xff, 0xff, 0xff, 0x10,
    0x0, 0xff, 0xff, 0xff, 0x0,

    /* U+0034 "4" */
    0x0, 0x0, 0xaf, 0xff, 0xa0, 0x0, 0x0, 0xaf,
    0xff, 0xa0, 0x0, 0x6, 0x66, 0xef, 0x90, 0x0,
    0x2f, 0x70, 0xef, 0xb0, 0x0, 0x2f, 0x70, 0xdf,
    0xa0, 0x0, 0xf8, 0x0, 0xdf, 0xa0, 0x1, 0xf9,
    0x0, 0xef, 0xa0, 0x8, 0xc3, 0x0, 0xdf, 0x90,
    0xf, 0xb0, 0x0, 0xef, 0xb0, 0xf, 0xa0, 0x0,
    0xdf, 0xa0, 0xdf, 0xff, 0xff, 0xff, 0xfd, 0xef,
    0xff, 0xff, 0xff, 0xfe, 0x56, 0x66, 0x66, 0xef,
    0xc5, 0x0, 0x0, 0x0, 0xef, 0xb0, 0x0, 0x0,
    0x0, 0xdf, 0x90, 0x0, 0x0, 0x0, 0xef, 0xa0,
    0x0, 0x0, 0x0, 0xdf, 0xa0,

    /* U+0035 "5" */
    0x4f, 0xff, 0xff, 0xff, 0xf0, 0x4f, 0xff, 0xff,
    0xff, 0xf0, 0x3f, 0xf8, 0x66, 0x66, 0x50, 0x4f,
    0xf4, 0x0, 0x0, 0x0, 0x3f, 0xf3, 0x0, 0x0,
    0x0, 0x4f, 0xf3, 0xff, 0xf7, 0x0, 0x4f, 0xf4,
    0xff, 0xf7, 0x0, 0x3f, 0xf8, 0x66, 0xba, 0x50,
    0x4f, 0xff, 0x20, 0x9f, 0xf0, 0x3f, 0xff, 0x20,
    0x8f, 0xf0, 0x0, 0x0, 0x0, 0xa, 0xfd, 0x0,
    0x0, 0x0, 0xa, 0xfd, 0x4f, 0xa0, 0x0, 0x8f,
    0xf0, 0x4f, 0xb0, 0x0, 0x9f, 0xf0, 0x16, 0xc6,
    0x66, 0xba, 0x50, 0x1, 0xff, 0xff, 0xf7, 0x0,
    0x0, 0xff, 0xff, 0xf7, 0x0,

    /* U+0036 "6" */
    0x0, 0x1, 0xff, 0xff, 0x30, 0x0, 0x2, 0xff,
    0xff, 0x30, 0x3, 0x66, 0x66, 0x66, 0x10, 0x8,
    0xff, 0x0, 0x0, 0x0, 0x8, 0xff, 0x0, 0x0,
    0x0, 0x6f, 0xf1, 0x0, 0x0, 0x0, 0x7f, 0xf2,
    0x0, 0x0, 0x0, 0x5f, 0xf1, 0x66, 0x66, 0x10,
    0x6f, 0xf4, 0xff, 0xff, 0x30, 0x6f, 0xf3, 0xff,
    0xff, 0x30, 0x6f, 0xff, 0x0, 0x1f, 0xf6, 0x6f,
    0xff, 0x0, 0x2f, 0xf6, 0x19, 0xff, 0x0, 0x1f,
    0xf6, 0x8, 0xff, 0x0, 0x2f, 0xf7, 0x4, 0x99,
    0x66, 0x7d, 0x93, 0x0, 0x2, 0xff, 0xfa, 0x0,
    0x0, 0x1, 0xff, 0xf9, 0x0,

    /* U+0037 "7" */
    0x4f, 0xff, 0xff, 0xff, 0xf3, 0x4f, 0xff, 0xff,
    0xff, 0xf4, 0x16, 0x66, 0x66, 0x8f, 0xf3, 0x0,
    0x0, 0x0, 0x4f, 0xf4, 0x0, 0x0, 0x0, 0x3f,
    0xf3, 0x0, 0x0, 0x2, 0xff, 0x50, 0x0, 0x0,
    0x2, 0xff, 0x50, 0x0, 0x0, 0xd, 0xf8, 0x0,
    0x0, 0x0, 0x1f, 0xf7, 0x0, 0x0, 0x0, 0xf,
    0xe5, 0x0, 0x0, 0x0, 0xff, 0x90, 0x0, 0x0,
    0x0, 0xff, 0x80, 0x0, 0x0, 0xd, 0xfa, 0x0,
    0x0, 0x0, 0xe, 0xfb, 0x0, 0x0, 0x0, 0x4e,
    0xe5, 0x0, 0x0, 0x0, 0xcf, 0xc0, 0x0, 0x0,
    0x0, 0xcf, 0xb0, 0x0, 0x0,

    /* U+0038 "8" */
    0x0, 0x7f, 0xff, 0xf7, 0x0, 0x0, 0x8f, 0xff,
    0xf8, 0x0, 0x0, 0x7b, 0x66, 0xb7, 0x0, 0xf,
    0xf9, 0x0, 0x9f, 0xf0, 0xf, 0xf9, 0x0, 0x9f,
    0xf0, 0xe, 0xf8, 0x0, 0x8f, 0xe0, 0xf, 0xf9,
    0x0, 0x9f, 0xf0, 0x9, 0xcb, 0x66, 0xbc, 0x90,
    0x0, 0x7f, 0xff, 0xf7, 0x0, 0x0, 0x7f, 0xff,
    0xf7, 0x0, 0xf, 0xf8, 0x0, 0x8f, 0xf0, 0xf,
    0xf9, 0x0, 0x9f, 0xf0, 0xe, 0xf8, 0x0, 0x8f,
    0xe0, 0xf, 0xf9, 0x0, 0x9f, 0xf0, 0x8, 0xcb,
    0x66, 0xbc, 0x80, 0x0, 0x7f, 0xff, 0xf7, 0x0,
    0x0, 0x7f, 0xff, 0xf7, 0x0,

    /* U+0039 "9" */
    0x0, 0x9f, 0xff, 0x10, 0x0, 0x0, 0xaf, 0xff,
    0x20, 0x0, 0x0, 0x96, 0x66, 0x0, 0x0, 0x6f,
    0xf2, 0x0, 0xff, 0x80, 0x6f, 0xf1, 0x0, 0xff,
    0x80, 0x6f, 0xf1, 0x0, 0xff, 0xf6, 0x7f, 0xf2,
    0x0, 0xff, 0xf7, 0x3a, 0xf6, 0x66, 0xaf, 0xf5,
    0x3, 0xff, 0xff, 0x4f, 0xf6, 0x3, 0xff, 0xff,
    0x3f, 0xf6, 0x0, 0x0, 0x0, 0x1f, 0xf6, 0x0,
    0x0, 0x0, 0x1f, 0xf6, 0x0, 0x0, 0x0, 0xff,
    0x91, 0x0, 0x0, 0x0, 0xff, 0x80, 0x1, 0x66,
    0x66, 0x66, 0x20, 0x3, 0xff, 0xff, 0x20, 0x0,
    0x3, 0xff, 0xff, 0x10, 0x0,

    /* U+003A ":" */
    0x8f, 0xf8, 0x9f, 0xf9, 0x8f, 0xf8, 0x9f, 0xf9,
    0x7d, 0xd7, 0x0, 0x0, 0x0, 0x0, 0x0, 0x0,
    0x0, 0x0, 0x6c, 0xc6, 0x9f, 0xf9, 0x8f, 0xf8,
    0x9f, 0xf9, 0x8f, 0xf8,

    /* U+003B ";" */
    0x8f, 0xf8, 0x9f, 0xf9, 0x8f, 0xf8, 0x9f, 0xf9,
    0x7d, 0xd7, 0x0, 0x0, 0x0, 0x0, 0x0, 0x0,
    0x0, 0x0, 0x6c, 0xc6, 0x9f, 0xf9, 0x8f, 0xf8,
    0x9f, 0xf9, 0x8f, 0xf8, 0x5, 0xf8, 0x6, 0xf9,
    0x39, 0xb5, 0x9f, 0x60, 0x8f, 0x50,

    /* U+003C "<" */
    0x0, 0x0, 0xf, 0xf7, 0x0, 0x0, 0xf, 0xf8,
    0x0, 0x3, 0x6f, 0x62, 0x0, 0x8, 0xff, 0x0,
    0x0, 0x8, 0xff, 0x0, 0x0, 0xff, 0x70, 0x0,
    0x0, 0xff, 0x80, 0x0, 0x26, 0xf6, 0x30, 0x0,
    0x8f, 0xf0, 0x0, 0x0, 0x8f, 0xf0, 0x0, 0x0,
    0x0, 0xff, 0x80, 0x0, 0x0, 0xff, 0x80, 0x0,
    0x0, 0x8, 0xff, 0x0, 0x0, 0x8, 0xff, 0x0,
    0x0, 0x2, 0x6f, 0x63, 0x0, 0x0, 0xf, 0xf8,
    0x0, 0x0, 0xf, 0xf7,

    /* U+003D "=" */
    0xaf, 0xff, 0xff, 0xfa, 0xaf, 0xff, 0xff, 0xfa,
    0x36, 0x66, 0x66, 0x63, 0x0, 0x0, 0x0, 0x0,
    0x0, 0x0, 0x0, 0x0, 0xaf, 0xff, 0xff, 0xfa,
    0xaf, 0xff, 0xff, 0xfa, 0x36, 0x66, 0x66, 0x63,

    /* U+003E ">" */
    0x8f, 0xf0, 0x0, 0x0, 0x8f, 0xf0, 0x0, 0x0,
    0x26, 0xf6, 0x30, 0x0, 0x0, 0xff, 0x80, 0x0,
    0x0, 0xff, 0x70, 0x0, 0x0, 0x8, 0xff, 0x0,
    0x0, 0x8, 0xff, 0x0, 0x0, 0x3, 0x6f, 0x62,
    0x0, 0x0, 0xf, 0xf8, 0x0, 0x0, 0xf, 0xf7,
    0x0, 0x8, 0xff, 0x0, 0x0, 0x8, 0xff, 0x0,
    0x0, 0xff, 0x70, 0x0, 0x0, 0xff, 0x80, 0x0,
    0x36, 0xf6, 0x20, 0x0, 0x8f, 0xf0, 0x0, 0x0,
    0x8f, 0xf0, 0x0, 0x0,

    /* U+003F "?" */
    0x1, 0xff, 0xff, 0xff, 0x10, 0x1, 0xff, 0xff,
    0xff, 0x10, 0x0, 0xc6, 0x66, 0x8f, 0x0, 0xdf,
    0xb0, 0x0, 0x4f, 0xf3, 0xef, 0xa0, 0x0, 0x4f,
    0xf4, 0x56, 0x30, 0x0, 0x3f, 0xf3, 0x0, 0x0,
    0x0, 0x4f, 0xf4, 0x0, 0x0, 0x4, 0x8e, 0x92,
    0x0, 0x0, 0xc, 0xfc, 0x0, 0x0, 0x0, 0xc,
    0xfb, 0x0, 0x0, 0x4, 0xff, 0x30, 0x0, 0x0,
    0x4, 0xff, 0x40, 0x0, 0x0, 0x1, 0x66, 0x10,
    0x0, 0x0, 0x0, 0x0, 0x0, 0x0, 0x0, 0x1,
    0x66, 0x10, 0x0, 0x0, 0x4, 0xff, 0x40, 0x0,
    0x0, 0x4, 0xff, 0x30, 0x0,

    /* U+0040 "@" */
    0x0, 0x7f, 0xff, 0xf7, 0x0, 0x0, 0x7f, 0xff,
    0xf7, 0x0, 0xa, 0xf3, 0x0, 0xdf, 0xa0, 0xb,
    0xf4, 0x0, 0xef, 0xb0, 0x5c, 0x61, 0x6, 0xef,
    0xc5, 0xef, 0x10, 0x1f, 0xff, 0xfe, 0xdf, 0x0,
    0xf, 0xff, 0xfd, 0xdf, 0x0, 0xff, 0x0, 0xfd,
    0xef, 0x10, 0xff, 0x1, 0xfe, 0xdf, 0x0, 0xee,
    0x0, 0xfd, 0xef, 0x10, 0xff, 0x1, 0xfe, 0xdf,
    0x0, 0xcf, 0x0, 0xfd, 0xdf, 0x10, 0x1f, 0xff,
    0xfd, 0xdf, 0x0, 0xf, 0xff, 0xfd, 0xa, 0xf3,
    0x0, 0x0, 0x0, 0xa, 0xf4, 0x0, 0x0, 0x0,
    0x3, 0xa8, 0x66, 0x66, 0x30, 0x0, 0x7f, 0xff,
    0xff, 0xa0, 0x0, 0x7f, 0xff, 0xff, 0xa0,

    /* U+0041 "A" */
    0x0, 0xd, 0xff, 0xd0, 0x0, 0x0, 0xe, 0xff,
    0xe0, 0x0, 0x0, 0x4e, 0xff, 0xe4, 0x0, 0x0,
    0x7f, 0xff, 0xf7, 0x0, 0x0, 0x7f, 0xdd, 0xf7,
    0x0, 0x5, 0xff, 0x22, 0xff, 0x50, 0x6, 0xff,
    0x22, 0xff, 0x60, 0x9, 0xfc, 0x0, 0xcf, 0x90,
    0xf, 0xf9, 0x0, 0x9f, 0xf0, 0xf, 0xf8, 0x0,
    0x8f, 0xf0, 0xf, 0xff, 0xff, 0xff, 0xf0, 0xf,
    0xff, 0xff, 0xff, 0xf0, 0xaf, 0xb3, 0x33, 0x3b,
    0xfa, 0xef, 0xb0, 0x0, 0xb, 0xfe, 0xdf, 0x90,
    0x0, 0x9, 0xfd, 0xef, 0xa0, 0x0, 0xa, 0xfe,
    0xdf, 0xa0, 0x0, 0xa, 0xfd,

    /* U+0042 "B" */
    0xdf, 0xff, 0xff, 0xff, 0xa0, 0xef, 0xff, 0xff,
    0xff, 0xb0, 0xdf, 0xc6, 0x66, 0x6c, 0xa0, 0xef,
    0xb0, 0x0, 0xb, 0xfd, 0xdf, 0xa0, 0x0, 0xa,
    0xfe, 0xdf, 0x90, 0x0, 0xa, 0xfd, 0xef, 0xb0,
    0x0, 0xb, 0xfe, 0xdf, 0xc6, 0x66, 0x6c, 0xd8,
    0xef, 0xff, 0xff, 0xff, 0xa0, 0xdf, 0xff, 0xff,
    0xff, 0xa0, 0xdf, 0xa0, 0x0, 0xa, 0xfd, 0xef,
    0xa0, 0x0, 0xa, 0xfe, 0xdf, 0x90, 0x0, 0xa,
    0xfd, 0xef, 0xb0, 0x0, 0xb, 0xfe, 0xdf, 0xc6,
    0x66, 0x6c, 0xd7, 0xef, 0xff, 0xff, 0xff, 0xa0,
    0xdf, 0xff, 0xff, 0xff, 0xa0,

    /* U+0043 "C" */
    0x0, 0x7f, 0xff, 0xff, 0xa0, 0x0, 0x7f, 0xff,
    0xff, 0xb0, 0x3, 0xae, 0x66, 0x6c, 0xc5, 0xa,
    0xfe, 0x0, 0xb, 0xfe, 0xa, 0xfd, 0x0, 0xa,
    0xfd, 0xdf, 0xa0, 0x0, 0x0, 0x0, 0xef, 0xa0,
    0x0, 0x0, 0x0, 0xdf, 0x90, 0x0, 0x0, 0x0,
    0xef, 0xb0, 0x0, 0x0, 0x0, 0xdf, 0xa0, 0x0,
    0x0, 0x0, 0xdf, 0xa0, 0x0, 0x0, 0x0, 0xdf,
    0xa0, 0x0, 0x0, 0x0, 0x2b, 0xfd, 0x0, 0xa,
    0xfd, 0xa, 0xfe, 0x0, 0xb, 0xfe, 0x3, 0xae,
    0x66, 0x6c, 0xc5, 0x0, 0x7f, 0xff, 0xff, 0xb0,
    0x0, 0x7f, 0xff, 0xff, 0xa0,

    /* U+0044 "D" */
    0xdf, 0xff, 0xff, 0xf7, 0x0, 0xef, 0xff, 0xff,
    0xf8, 0x0, 0xdf, 0xc6, 0x66, 0xe7, 0x0, 0xef,
    0xb0, 0x0, 0xef, 0xa0, 0xdf, 0xa0, 0x0, 0xdf,
    0xa0, 0xdf, 0xa0, 0x0, 0xa, 0xfd, 0xef, 0xa0,
    0x0, 0xa, 0xfe, 0xdf, 0x90, 0x0, 0x9, 0xfd,
    0xef, 0xb0, 0x0, 0xb, 0xfe, 0xdf, 0xa0, 0x0,
    0xa, 0xfd, 0xdf, 0xa0, 0x0, 0xa, 0xfd, 0xdf,
    0xa0, 0x0, 0xa, 0xfd, 0xdf, 0xa0, 0x0, 0xae,
    0xb2, 0xef, 0xb0, 0x0, 0xef, 0xb0, 0xdf, 0xc6,
    0x66, 0xec, 0x50, 0xef, 0xff, 0xff, 0xf7, 0x0,
    0xdf, 0xff, 0xff, 0xf7, 0x0,

    /* U+0045 "E" */
    0xaf, 0xff, 0xff, 0xfa, 0xaf, 0xff, 0xff, 0xfa,
    0x9f, 0xe6, 0x66, 0x63, 0xbf, 0xe0, 0x0, 0x0,
    0xaf, 0xd0, 0x0, 0x0, 0xaf, 0xd0, 0x0, 0x0,
    0xbf, 0xe0, 0x0, 0x0, 0x9f, 0xe6, 0x66, 0x63,
    0xaf, 0xff, 0xff, 0xfa, 0xaf, 0xff, 0xff, 0xfa,
    0xaf, 0xd0, 0x0, 0x0, 0xaf, 0xe0, 0x0, 0x0,
    0xaf, 0xd0, 0x0, 0x0, 0xbf, 0xe0, 0x0, 0x0,
    0x9f, 0xe6, 0x66, 0x63, 0xaf, 0xff, 0xff, 0xfa,
    0xaf, 0xff, 0xff, 0xfa,

    /* U+0046 "F" */
    0xaf, 0xff, 0xff, 0xfa, 0xaf, 0xff, 0xff, 0xfa,
    0x9f, 0xe6, 0x66, 0x63, 0xbf, 0xe0, 0x0, 0x0,
    0xaf, 0xd0, 0x0, 0x0, 0xaf, 0xd0, 0x0, 0x0,
    0xbf, 0xe0, 0x0, 0x0, 0x9f, 0xe6, 0x66, 0x63,
    0xaf, 0xff, 0xff, 0xfa, 0xaf, 0xff, 0xff, 0xfa,
    0xaf, 0xd0, 0x0, 0x0, 0xaf, 0xe0, 0x0, 0x0,
    0xaf, 0xd0, 0x0, 0x0, 0xbf, 0xe0, 0x0, 0x0,
    0x9f, 0xd0, 0x0, 0x0, 0xaf, 0xe0, 0x0, 0x0,
    0xaf, 0xd0, 0x0, 0x0,

    /* U+0047 "G" */
    0x0, 0x7f, 0xff, 0xff, 0xa0, 0x0, 0x8f, 0xff,
    0xff, 0xb0, 0x0, 0x7e, 0x66, 0x6c, 0xa0, 0xa,
    0xfe, 0x0, 0xb, 0xfd, 0xa, 0xfd, 0x0, 0xa,
    0xfd, 0xdf, 0xa0, 0x0, 0x0, 0x0, 0xef, 0xb0,
    0x0, 0x0, 0x0, 0xdf, 0x90, 0x2, 0x66, 0x65,
    0xef, 0xa0, 0x7, 0xff, 0xfe, 0xdf, 0xa0, 0x7,
    0xff, 0xfd, 0xdf, 0xa0, 0x0, 0xa, 0xfd, 0xef,
    0xa0, 0x0, 0xa, 0xfd, 0x2b, 0xea, 0x0, 0xa,
    0xfd, 0xb, 0xfe, 0x0, 0xb, 0xfe, 0x5, 0xce,
    0x66, 0x6c, 0xd7, 0x0, 0x7f, 0xff, 0xff, 0xa0,
    0x0, 0x7f, 0xff, 0xff, 0xa0,

    /* U+0048 "H" */
    0xdf, 0xa0, 0x0, 0xa, 0xfd, 0xef, 0xb0, 0x0,
    0xb, 0xfe, 0xdf, 0x90, 0x0, 0x9, 0xfd, 0xef,
    0xa0, 0x0, 0xa, 0xfe, 0xdf, 0xa0, 0x0, 0xa,
    0xfd, 0xdf, 0xa0, 0x0, 0xa, 0xfd, 0xef, 0xb0,
    0x0, 0xb, 0xfe, 0xdf, 0xc6, 0x66, 0x6c, 0xfd,
    0xef, 0xff, 0xff, 0xff, 0xfe, 0xdf, 0xff, 0xff,
    0xff, 0xfd, 0xdf, 0xa0, 0x0, 0xa, 0xfd, 0xef,
    0xa0, 0x0, 0xa, 0xfe, 0xdf, 0x90, 0x0, 0xa,
    0xfd, 0xef, 0xb0, 0x0, 0xb, 0xfe, 0xdf, 0x90,
    0x0, 0x9, 0xfd, 0xef, 0xa0, 0x0, 0xa, 0xfe,
    0xdf, 0xa0, 0x0, 0xa, 0xfd,

    /* U+0049 "I" */
    0xf, 0xff, 0xff, 0xf0, 0x1f, 0xff, 0xff, 0xf1,
    0x6, 0x8f, 0xf8, 0x60, 0x0, 0x4f, 0xf4, 0x0,
    0x0, 0x3f, 0xf3, 0x0, 0x0, 0x4f, 0xf4, 0x0,
    0x0, 0x4f, 0xf4, 0x0, 0x0, 0x3f, 0xf3, 0x0,
    0x0, 0x4f, 0xf4, 0x0, 0x0, 0x3f, 0xf3, 0x0,
    0x0, 0x4f, 0xf4, 0x0, 0x0, 0x4f, 0xf4, 0x0,
    0x0, 0x3f, 0xf3, 0x0, 0x0, 0x4f, 0xf4, 0x0,
    0x6, 0x8f, 0xf8, 0x60, 0x1f, 0xff, 0xff, 0xf1,
    0xf, 0xff, 0xff, 0xf0,

    /* U+004A "J" */
    0x0, 0xd, 0xff, 0xff, 0xf3, 0x0, 0xe, 0xff,
    0xff, 0xf4, 0x0, 0x5, 0x6f, 0xfa, 0x61, 0x0,
    0x0, 0x1f, 0xf7, 0x0, 0x0, 0x0, 0xf, 0xf6,
    0x0, 0x0, 0x0, 0x1f, 0xf7, 0x0, 0x0, 0x0,
    0x1f, 0xf7, 0x0, 0x0, 0x0, 0xf, 0xf7, 0x0,
    0x0, 0x0, 0x1f, 0xf7, 0x0, 0x0, 0x0, 0xf,
    0xf6, 0x0, 0x0, 0x0, 0x1f, 0xf7, 0x0, 0x0,
    0x0, 0xf, 0xf7, 0x0, 0xdf, 0xa0, 0xf, 0xf7,
    0x0, 0xef, 0xb0, 0x1f, 0xf7, 0x0, 0x5c, 0xc6,
    0x6f, 0x82, 0x0, 0xb, 0xff, 0xff, 0x40, 0x0,
    0xa, 0xff, 0xff, 0x30, 0x0,

    /* U+004B "K" */
    0xdf, 0xa0, 0x0, 0xa, 0xfd, 0xef, 0xb0, 0x0,
    0xb, 0xfe, 0xdf, 0x90, 0x0, 0x3c, 0xf5, 0xef,
    0xa0, 0x0, 0x9f, 0xf0, 0xdf, 0xa0, 0x0, 0x8f,
    0xf0, 0xdf, 0xa0, 0x5f, 0xf2, 0x0, 0xef, 0xb0,
    0x6f, 0xf2, 0x0, 0xdf, 0xc6, 0x9c, 0x60, 0x0,
    0xef, 0xff, 0xfb, 0x0, 0x0, 0xdf, 0xff, 0xfa,
    0x0, 0x0, 0xdf, 0xa0, 0x5f, 0xf2, 0x0, 0xdf,
    0xa0, 0x5f, 0xf2, 0x0, 0xdf, 0xa0, 0x0, 0x8f,
    0xf0, 0xef, 0xb0, 0x0, 0x9f, 0xf0, 0xdf, 0x90,
    0x0, 0x3c, 0xf5, 0xef, 0xa0, 0x0, 0xb, 0xfe,
    0xdf, 0xa0, 0x0, 0xa, 0xfd,

    /* U+004C "L" */
    0xaf, 0xd0, 0x0, 0x0, 0xa, 0xfe, 0x0, 0x0,
    0x0, 0x9f, 0xd0, 0x0, 0x0, 0xb, 0xfe, 0x0,
    0x0, 0x0, 0xaf, 0xd0, 0x0, 0x0, 0xa, 0xfd,
    0x0, 0x0, 0x0, 0xaf, 0xe0, 0x0, 0x0, 0x9,
    0xfd, 0x0, 0x0, 0x0, 0xbf, 0xe0, 0x0, 0x0,
    0xa, 0xfd, 0x0, 0x0, 0x0, 0xaf, 0xe0, 0x0,
    0x0, 0xa, 0xfd, 0x0, 0x0, 0x0, 0xaf, 0xd0,
    0x0, 0x0, 0xb, 0xfe, 0x0, 0x0, 0x0, 0x9f,
    0xe6, 0x66, 0x66, 0x5a, 0xff, 0xff, 0xff, 0xfe,
    0xaf, 0xff, 0xff, 0xff, 0xd0,

    /* U+004D "M" */
    0xdf, 0xf3, 0x0, 0x3f, 0xfd, 0xef, 0xf4, 0x0,
    0x4f, 0xfe, 0xdf, 0xf8, 0x0, 0x8f, 0xfd, 0xef,
    0xff, 0x22, 0xff, 0xfe, 0xdf, 0xff, 0x22, 0xff,
    0xfd, 0xdf, 0xa9, 0x99, 0x8a, 0xfd, 0xdf, 0xa9,
    0x99, 0x8a, 0xfd, 0xdf, 0xa8, 0xff, 0x8a, 0xfd,
    0xef, 0xa9, 0xff, 0x9a, 0xfe, 0xdf, 0x93, 0xff,
    0x39, 0xfd, 0xef, 0xb0, 0xff, 0xb, 0xfe, 0xdf,
    0xa0, 0xfe, 0xa, 0xfd, 0xdf, 0xa0, 0xff, 0xa,
    0xfd, 0xdf, 0xa0, 0xff, 0xa, 0xfd, 0xdf, 0xa0,
    0x22, 0xa, 0xfd, 0xef, 0xb0, 0x0, 0xb, 0xfe,
    0xdf, 0xa0, 0x0, 0xa, 0xfd,

    /* U+004E "N" */
    0xdf, 0xf4, 0x0, 0xa, 0xfd, 0xef, 0xf4, 0x0,
    0xb, 0xfe, 0xdf, 0xf3, 0x0, 0xa, 0xfd, 0xdf,
    0xff, 0x20, 0xa, 0xfd, 0xdf, 0xff, 0x20, 0xa,
    0xfd, 0xdf, 0xff, 0xf0, 0xa, 0xfd, 0xef, 0xff,
    0xf1, 0xa, 0xfd, 0xdf, 0xb6, 0xfc, 0x3a, 0xfd,
    0xef, 0xb4, 0xff, 0x4b, 0xfe, 0xdf, 0xa3, 0xcf,
    0x3a, 0xfd, 0xef, 0xa0, 0x1f, 0xff, 0xfd, 0xdf,
    0xa0, 0xf, 0xff, 0xfd, 0xdf, 0xa0, 0x2, 0xff,
    0xfd, 0xef, 0xb0, 0x3, 0xff, 0xfe, 0xdf, 0x90,
    0x1, 0xce, 0xfd, 0xef, 0xa0, 0x0, 0xa, 0xfd,
    0xdf, 0xa0, 0x0, 0xa, 0xfd,

    /* U+004F "O" */
    0x0, 0x7f, 0xff, 0xf7, 0x0, 0x0, 0x8f, 0xff,
    0xf8, 0x0, 0x0, 0x7b, 0x66, 0xb7, 0x0, 0xf,
    0xf9, 0x0, 0x9f, 0xf0, 0xf, 0xf8, 0x0, 0x8f,
    0xf0, 0xdf, 0xa0, 0x0, 0xa, 0xfd, 0xef, 0xa0,
    0x0, 0xa, 0xfe, 0xdf, 0x90, 0x0, 0x9, 0xfd,
    0xef, 0xb0, 0x0, 0xb, 0xfe, 0xdf, 0xa0, 0x0,
    0xa, 0xfd, 0xdf, 0xa0, 0x0, 0xa, 0xfd, 0xdf,
    0xa0, 0x0, 0xa, 0xfd, 0x2f, 0xe6, 0x0, 0x6e,
    0xf2, 0xf, 0xf9, 0x0, 0x9f, 0xf0, 0x8, 0xcb,
    0x66, 0xbc, 0x80, 0x0, 0x7f, 0xff, 0xf7, 0x0,
    0x0, 0x7f, 0xff, 0xf7, 0x0,

    /* U+0050 "P" */
    0xdf, 0xff, 0xff, 0xff, 0xa0, 0xef, 0xff, 0xff,
    0xff, 0xb0, 0xdf, 0xc6, 0x66, 0x6c, 0xa0, 0xdf,
    0xb0, 0x0, 0xb, 0xfd, 0xef, 0xa0, 0x0, 0xa,
    0xfe, 0xdf, 0x90, 0x0, 0xa, 0xfd, 0xef, 0xb0,
    0x0, 0xb, 0xfe, 0xdf, 0xc6, 0x66, 0x6c, 0xd8,
    0xef, 0xff, 0xff, 0xff, 0xa0, 0xdf, 0xff, 0xff,
    0xff, 0xa0, 0xdf, 0xa0, 0x0, 0x0, 0x0, 0xef,
    0xa0, 0x0, 0x0, 0x0, 0xdf, 0x90, 0x0, 0x0,
    0x0, 0xef, 0xb0, 0x0, 0x0, 0x0, 0xdf, 0x90,
    0x0, 0x0, 0x0, 0xef, 0xa0, 0x0, 0x0, 0x0,
    0xdf, 0xa0, 0x0, 0x0, 0x0,

    /* U+0051 "Q" */
    0x0, 0x7f, 0xff, 0xf7, 0x0, 0x0, 0x8f, 0xff,
    0xf8, 0x0, 0x0, 0x7b, 0x66, 0xb7, 0x0, 0xf,
    0xf9, 0x0, 0x9f, 0xf0, 0xf, 0xf8, 0x0, 0x8f,
    0xf0, 0xdf, 0xa0, 0x0, 0xa, 0xfd, 0xef, 0xa0,
    0x0, 0xa, 0xfe, 0xdf, 0x90, 0x0, 0x9, 0xfd,
    0xef, 0xb0, 0x0, 0xb, 0xfe, 0xdf, 0xa0, 0x0,
    0xa, 0xfd, 0xdf, 0xa0, 0x0, 0xa, 0xfd, 0xdf,
    0xa0, 0x0, 0xa, 0xfd, 0x2f, 0xe6, 0x0, 0x6e,
    0xf2, 0xf, 0xf9, 0x0, 0x9f, 0xf0, 0x8, 0xcb,
    0x66, 0xbc, 0x80, 0x0, 0x7f, 0xff, 0xf7, 0x0,
    0x0, 0x7f, 0xff, 0xf7, 0x0, 0x0, 0x0, 0x0,
    0xdf, 0xa0, 0x0, 0x0, 0x0, 0xef, 0xb0, 0x0,
    0x0, 0x0, 0x8d, 0xc5, 0x0, 0x0, 0x0, 0xa,
    0xfe, 0x0, 0x0, 0x0, 0xa, 0xfd,

    /* U+0052 "R" */
    0xdf, 0xff, 0xff, 0xff, 0xa0, 0xef, 0xff, 0xff,
    0xff, 0xb0, 0xdf, 0xc6, 0x66, 0x8f, 0xc5, 0xef,
    0xb0, 0x0, 0x4f, 0xfe, 0xdf, 0xa0, 0x0, 0x3f,
    0xfd, 0xdf, 0xa0, 0x0, 0x3f, 0xf3, 0xef, 0xb0,
    0x0, 0x4f, 0xf4, 0xdf, 0xc6, 0x66, 0x8c, 0x92,
    0xef, 0xff, 0xff, 0xf7, 0x0, 0xdf, 0xec, 0xce,
    0xf8, 0x0, 0xdf, 0xa0, 0x7, 0xff, 0x10, 0xdf,
    0xa0, 0x7, 0xff, 0x10, 0xdf, 0xa0, 0x1, 0xaf,
    0xc0, 0xef, 0xb0, 0x0, 0x9f, 0xf0, 0xdf, 0x90,
    0x0, 0x5d, 0xf5, 0xef, 0xa0, 0x0, 0xa, 0xfe,
    0xdf, 0xa0, 0x0, 0xa, 0xfd,

    /* U+0053 "S" */
    0xa, 0xff, 0xff, 0xff, 0xa0, 0xb, 0xff, 0xff,
    0xff, 0xb0, 0xa, 0xc6, 0x66, 0x6c, 0xa0, 0xdf,
    0xb0, 0x0, 0xb, 0xfd, 0xef, 0xa0, 0x0, 0xa,
    0xfe, 0xdf, 0x90, 0x0, 0x3, 0x65, 0xef, 0xb0,
    0x0, 0x0, 0x0, 0x8d, 0xc6, 0x66, 0x66, 0x30,
    0xa, 0xff, 0xff, 0xff, 0xa0, 0x6, 0x99, 0x99,
    0x9d, 0xc5, 0x0, 0x0, 0x0, 0xa, 0xfe, 0x0,
    0x0, 0x0, 0xa, 0xfd, 0xdf, 0xa0, 0x0, 0xa,
    0xfd, 0xef, 0xb0, 0x0, 0xb, 0xfe, 0x5c, 0xc6,
    0x66, 0x6c, 0xc5, 0xb, 0xff, 0xff, 0xff, 0xb0,
    0xa, 0xff, 0xff, 0xff, 0xa0,

    /* U+0054 "T" */
    0xdf, 0xff, 0xff, 0xff, 0xfd, 0xef, 0xff, 0xff,
    0xff, 0xfe, 0x56, 0x68, 0xff, 0x86, 0x65, 0x0,
    0x4, 0xff, 0x40, 0x0, 0x0, 0x3, 0xff, 0x30,
    0x0, 0x0, 0x4, 0xff, 0x40, 0x0, 0x0, 0x4,
    0xff, 0x40, 0x0, 0x0, 0x3, 0xff, 0x30, 0x0,
    0x0, 0x4, 0xff, 0x40, 0x0, 0x0, 0x3, 0xff,
    0x30, 0x0, 0x0, 0x4, 0xff, 0x40, 0x0, 0x0,
    0x4, 0xff, 0x40, 0x0, 0x0, 0x3, 0xff, 0x30,
    0x0, 0x0, 0x4, 0xff, 0x40, 0x0, 0x0, 0x3,
    0xff, 0x30, 0x0, 0x0, 0x4, 0xff, 0x40, 0x0,
    0x0, 0x3, 0xff, 0x30, 0x0,

    /* U+0055 "U" */
    0xdf, 0xa0, 0x0, 0xa, 0xfd, 0xef, 0xa0, 0x0,
    0xa, 0xfe, 0xdf, 0x90, 0x0, 0x9, 0xfd, 0xef,
    0xb0, 0x0, 0xb, 0xfe, 0xdf, 0xa0, 0x0, 0xa,
    0xfd, 0xdf, 0xa0, 0x0, 0xa, 0xfd, 0xef, 0xa0,
    0x0, 0xa, 0xfe, 0xdf, 0x90, 0x0, 0x9, 0xfd,
    0xef, 0xb0, 0x0, 0xb, 0xfe, 0xdf, 0x90, 0x0,
    0xa, 0xfd, 0xef, 0xa0, 0x0, 0xa, 0xfe, 0xdf,
    0xa0, 0x0, 0xa, 0xfd, 0xdf, 0xa0, 0x0, 0xa,
    0xfd, 0xef, 0xb0, 0x0, 0xb, 0xfe, 0x7d, 0xc6,
    0x66, 0x6c, 0xd7, 0xa, 0xff, 0xff, 0xff, 0xa0,
    0xa, 0xff, 0xff, 0xff, 0xa0,

    /* U+0056 "V" */
    0xdf, 0xa0, 0x0, 0xa, 0xfd, 0xef, 0xa0, 0x0,
    0xa, 0xfe, 0xdf, 0x90, 0x0, 0x9, 0xfd, 0xef,
    0xb0, 0x0, 0xb, 0xfe, 0xdf, 0xa0, 0x0, 0xa,
    0xfd, 0xdf, 0xa0, 0x0, 0xa, 0xfd, 0xdf, 0xa0,
    0x0, 0xa, 0xfd, 0x2f, 0xe7, 0x0, 0x7e, 0xf2,
    0xf, 0xf9, 0x0, 0x9f, 0xf0, 0xf, 0xf8, 0x0,
    0x8f, 0xf0, 0x0, 0xff, 0x77, 0xff, 0x0, 0x1,
    0xff, 0x77, 0xff, 0x10, 0x0, 0x8f, 0xee, 0xf8,
    0x0, 0x0, 0x7f, 0xff, 0xf7, 0x0, 0x0, 0x5d,
    0xff, 0xd5, 0x0, 0x0, 0x4, 0xff, 0x40, 0x0,
    0x0, 0x4, 0xff, 0x40, 0x0,

    /* U+0057 "W" */
    0xdf, 0xa0, 0xff, 0xa, 0xfd, 0xef, 0xa0, 0xff,
    0xa, 0xfe, 0xdf, 0x90, 0xee, 0x9, 0xfd, 0xef,
    0xb0, 0xff, 0xb, 0xfe, 0xdf, 0xa0, 0xfe, 0xa,
    0xfd, 0xdf, 0xa0, 0xff, 0xa, 0xfd, 0xdf, 0xa0,
    0xff, 0xa, 0xfd, 0xdf, 0xa0, 0xff, 0xa, 0xfd,
    0xef, 0xb0, 0xff, 0xb, 0xfe, 0x7f, 0xa0, 0xff,
    0xa, 0xf7, 0xf, 0xa8, 0xff, 0x8a, 0xf0, 0xf,
    0xa9, 0xff, 0x9a, 0xf0, 0xe, 0xee, 0x22, 0xee,
    0xe0, 0xf, 0xff, 0x33, 0xff, 0xf0, 0xd, 0xfe,
    0x11, 0xef, 0xc0, 0x6, 0xf9, 0x0, 0x9f, 0x50,
    0x5, 0xf8, 0x0, 0x8f, 0x50,

    /* U+0058 "X" */
    0xdf, 0xa0, 0x0, 0xa, 0xfd, 0xef, 0xb0, 0x0,
    0xb, 0xfe, 0x5f, 0xa0, 0x0, 0xa, 0xf5, 0xf,
    0xf8, 0x0, 0x9f, 0xf0, 0xf, 0xf8, 0x0, 0x9f,
    0xf0, 0x0, 0xbf, 0x22, 0xfb, 0x0, 0x0, 0xcf,
    0x33, 0xfc, 0x0, 0x0, 0x7e, 0x77, 0xe7, 0x0,
    0x0, 0xe, 0xff, 0xe0, 0x0, 0x0, 0xd, 0xff,
    0xd0, 0x0, 0x0, 0xcf, 0x22, 0xfc, 0x0, 0x0,
    0xcf, 0x22, 0xfc, 0x0, 0xc, 0xfa, 0x0, 0xaf,
    0xc0, 0xf, 0xf9, 0x0, 0x9f, 0xf0, 0x5f, 0xd5,
    0x0, 0x5d, 0xf5, 0xef, 0xa0, 0x0, 0xa, 0xfe,
    0xdf, 0xa0, 0x0, 0xa, 0xfd,

    /* U+0059 "Y" */
    0xdf, 0xa0, 0x0, 0xa, 0xfd, 0xef, 0xa0, 0x0,
    0xa, 0xfe, 0xdf, 0xa0, 0x0, 0xa, 0xfd, 0xef,
    0xb0, 0x0, 0xb, 0xfe, 0xae, 0xa0, 0x0, 0xa,
    0xea, 0xa, 0xfd, 0x0, 0xdf, 0xa0, 0xa, 0xfe,
    0x0, 0xef, 0xa0, 0x3, 0xae, 0x99, 0xea, 0x30,
    0x0, 0x7f, 0xff, 0xf7, 0x0, 0x0, 0x5d, 0xff,
    0xd5, 0x0, 0x0, 0x4, 0xff, 0x40, 0x0, 0x0,
    0x4, 0xff, 0x40, 0x0, 0x0, 0x3, 0xff, 0x30,
    0x0, 0x0, 0x4, 0xff, 0x40, 0x0, 0x0, 0x3,
    0xff, 0x30, 0x0, 0x0, 0x4, 0xff, 0x40, 0x0,
    0x0, 0x4, 0xff, 0x30, 0x0,

    /* U+005A "Z" */
    0x4f, 0xff, 0xff, 0xff, 0xf3, 0x4f, 0xff, 0xff,
    0xff, 0xf4, 0x16, 0x66, 0x66, 0x8f, 0xf3, 0x0,
    0x0, 0x0, 0x4f, 0xf4, 0x0, 0x0, 0x0, 0x3f,
    0xf3, 0x0, 0x0, 0x2, 0xff, 0x50, 0x0, 0x0,
    0x3, 0xff, 0x60, 0x0, 0x0, 0x57, 0xb6, 0x20,
    0x0, 0x0, 0xff, 0x90, 0x0, 0x0, 0x0, 0xff,
    0x80, 0x0, 0x0, 0xcf, 0xc0, 0x0, 0x0, 0x0,
    0xcf, 0xc0, 0x0, 0x0, 0x3c, 0xf6, 0x20, 0x0,
    0x0, 0x4f, 0xf4, 0x0, 0x0, 0x0, 0x3f, 0xf8,
    0x66, 0x66, 0x61, 0x4f, 0xff, 0xff, 0xff, 0xf4,
    0x4f, 0xff, 0xff, 0xff, 0xf3,

    /* U+005B "[" */
    0x56, 0x66, 0x2e, 0xff, 0xf7, 0xdf, 0xff, 0x7d,
    0xfa, 0x0, 0xef, 0xa0, 0xd, 0xf9, 0x0, 0xef,
    0xb0, 0xd, 0xfa, 0x0, 0xef, 0xa0, 0xd, 0xfa,
    0x0, 0xdf, 0xa0, 0xe, 0xfa, 0x0, 0xdf, 0x90,
    0xe, 0xfb, 0x0, 0xdf, 0xa0, 0xd, 0xfa, 0x0,
    0xdf, 0xa0, 0xd, 0xfa, 0x0, 0xef, 0xb0, 0xd,
    0xfc, 0x62, 0xef, 0xff, 0x7d, 0xff, 0xf7,

    /* U+005C "\\" */
    0xdf, 0xa0, 0x0, 0x0, 0x0, 0xdf, 0xa0, 0x0,
    0x0, 0x0, 0xf, 0xf8, 0x0, 0x0, 0x0, 0xf,
    0xf9, 0x0, 0x0, 0x0, 0xf, 0xf8, 0x0, 0x0,
    0x0, 0x1, 0xff, 0x70, 0x0, 0x0, 0x0, 0xdf,
    0x70, 0x0, 0x0, 0x0, 0x2f, 0xf5, 0x0, 0x0,
    0x0, 0x2f, 0xf5, 0x0, 0x0, 0x0, 0x6, 0xfd,
    0x30, 0x0, 0x0, 0x4, 0xff, 0x40, 0x0, 0x0,
    0x3, 0xdf, 0x30, 0x0, 0x0, 0x0, 0x6f, 0xf2,
    0x0, 0x0, 0x0, 0x5f, 0xf2, 0x0, 0x0, 0x0,
    0x7, 0xfd, 0x0, 0x0, 0x0, 0x7, 0xff, 0x10,
    0x0, 0x0, 0x4, 0xcf, 0x60, 0x0, 0x0, 0x0,
    0x9f, 0xf0, 0x0, 0x0, 0x0, 0x8f, 0xf0, 0x0,
    0x0, 0x0, 0xa, 0xfd, 0x0, 0x0, 0x0, 0xa,
    0xfe, 0x0, 0x0, 0x0, 0x3, 0x65,

    /* U+005D "]" */
    0x26, 0x66, 0x57, 0xff, 0xfe, 0x7f, 0xff, 0xd0,
    0xa, 0xfd, 0x0, 0xaf, 0xe0, 0x9, 0xfd, 0x0,
    0xbf, 0xe0, 0xa, 0xfd, 0x0, 0xaf, 0xe0, 0xa,
    0xfd, 0x0, 0xaf, 0xd0, 0xb, 0xfe, 0x0, 0x9f,
    0xd0, 0xb, 0xfe, 0x0, 0xaf, 0xd0, 0xa, 0xfd,
    0x0, 0xaf, 0xd0, 0xa, 0xfd, 0x0, 0xbf, 0xe2,
    0x6c, 0xfd, 0x7f, 0xff, 0xe7, 0xff, 0xfd,

    /* U+005E "^" */
    0x0, 0x3, 0xcc, 0x30, 0x0, 0x0, 0x4, 0xff,
    0x40, 0x0, 0x0, 0x3, 0xff, 0x30, 0x0, 0x0,
    0x7f, 0xff, 0xf7, 0x0, 0x0, 0x7f, 0xff, 0xf7,
    0x0, 0xa, 0xfd, 0x0, 0xdf, 0xa0, 0xb, 0xfe,
    0x0, 0xef, 0xb0, 0x5c, 0xd8, 0x0, 0x8d, 0xc5,
    0xef, 0xa0, 0x0, 0xa, 0xfe, 0xdf, 0xa0, 0x0,
    0xa, 0xfd,

    /* U+005F "_" */
    0x56, 0x66, 0x66, 0x66, 0x65, 0xef, 0xff, 0xff,
    0xff, 0xfe, 0xdf, 0xff, 0xff, 0xff, 0xfd,

    /* U+0060 "`" */
    0x7f, 0xf0, 0x7, 0xff, 0x10, 0x28, 0xf6, 0x10,
    0x4f, 0xf4, 0x3, 0xff, 0x30,

    /* U+0061 "a" */
    0x0, 0xff, 0xff, 0xf7, 0x0, 0x1, 0xff, 0xff,
    0xf7, 0x0, 0x0, 0x66, 0x66, 0xec, 0x50, 0x0,
    0x0, 0x0, 0xef, 0xb0, 0x0, 0x0, 0x0, 0xdf,
    0xa0, 0xa, 0xff, 0xff, 0xff, 0xa0, 0xa, 0xff,
    0xff, 0xff, 0xa0, 0xdf, 0xa0, 0x0, 0xdf, 0xa0,
    0xef, 0xb0, 0x0, 0xef, 0xb0, 0x5c, 0xc6, 0x66,
    0x6c, 0xc5, 0xb, 0xff, 0xff, 0x4b, 0xfe, 0xa,
    0xff, 0xff, 0x3a, 0xfd,

    /* U+0062 "b" */
    0xdf, 0xa0, 0x0, 0x0, 0x0, 0xef, 0xb0, 0x0,
    0x0, 0x0, 0xdf, 0x90, 0x0, 0x0, 0x0, 0xef,
    0xa0, 0x0, 0x0, 0x0, 0xdf, 0xa0, 0x0, 0x0,
    0x0, 0xdf, 0xa4, 0xff, 0xf7, 0x0, 0xef, 0xb4,
    0xff, 0xf7, 0x0, 0xdf, 0xc6, 0x66, 0xea, 0x30,
    0xef, 0xfe, 0x0, 0xef, 0xa0, 0xdf, 0xfd, 0x0,
    0xdf, 0xa0, 0xdf, 0xa0, 0x0, 0xa, 0xfd, 0xdf,
    0xa0, 0x0, 0xa, 0xfd, 0xdf, 0xa0, 0x0, 0xdf,
    0xa0, 0xef, 0xa0, 0x0, 0xef, 0xa0, 0xda, 0x66,
    0x66, 0x66, 0x30, 0xe7, 0x7f, 0xff, 0x40, 0x0,
    0xd7, 0x7f, 0xff, 0x30, 0x0,

    /* U+0063 "c" */
    0x0, 0x7f, 0xff, 0xff, 0xa0, 0x0, 0x7f, 0xff,
    0xff, 0xb0, 0x3, 0xae, 0x66, 0x6c, 0xc5, 0xa,
    0xfe, 0x0, 0xb, 0xfe, 0xa, 0xfd, 0x0, 0xa,
    0xfd, 0xdf, 0xa0, 0x0, 0x0, 0x0, 0xdf, 0xa0,
    0x0, 0x0, 0x0, 0xa, 0xfd, 0x0, 0xa, 0xfd,
    0xa, 0xfe, 0x0, 0xb, 0xfe, 0x3, 0xae, 0x66,
    0x6c, 0xc5, 0x0, 0x7f, 0xff, 0xff, 0xb0, 0x0,
    0x7f, 0xff, 0xff, 0xa0,

    /* U+0064 "d" */
    0x0, 0x0, 0x0, 0xa, 0xfd, 0x0, 0x0, 0x0,
    0xb, 0xfe, 0x0, 0x0, 0x0, 0x9, 0xfd, 0x0,
    0x0, 0x0, 0xb, 0xfe, 0x0, 0x0, 0x0, 0xa,
    0xfd, 0x0, 0x7f, 0xff, 0xa, 0xfd, 0x0, 0x7f,
    0xff, 0xb, 0xfe, 0x5, 0x96, 0x66, 0x3c, 0xfd,
    0xf, 0xf0, 0x0, 0x9f, 0xfe, 0xf, 0xf0, 0x0,
    0x8f, 0xfd, 0xdf, 0x10, 0x0, 0xa, 0xfd, 0xdf,
    0x0, 0x0, 0xa, 0xfd, 0xf, 0xf0, 0x0, 0x8f,
    0xfd, 0xf, 0xf0, 0x0, 0x9f, 0xfe, 0x5, 0x96,
    0x66, 0x3c, 0xfd, 0x0, 0x7f, 0xff, 0xb, 0xfe,
    0x0, 0x7f, 0xff, 0xa, 0xfd,

    /* U+0065 "e" */
    0x0, 0x7f, 0xff, 0xff, 0xa0, 0x0, 0x7f, 0xff,
    0xff, 0xa0, 0xf, 0xfb, 0x66, 0x6c, 0xfd, 0xf,
    0xf9, 0x0, 0xb, 0xfe, 0xf, 0xf8, 0x0, 0xa,
    0xfd, 0xdf, 0xff, 0xff, 0xff, 0xfd, 0xef, 0xff,
    0xff, 0xff, 0xfe, 0x5f, 0xfb, 0x66, 0x66, 0x65,
    0xf, 0xf9, 0x0, 0x0, 0x0, 0x2, 0x8b, 0x66,
    0x66, 0x30, 0x0, 0x8f, 0xff, 0xff, 0xa0, 0x0,
    0x7f, 0xff, 0xff, 0xa0,

    /* U+0066 "f" */
    0x0, 0x4f, 0xff, 0xfa, 0x0, 0x4f, 0xff, 0xfa,
    0x4, 0xbf, 0x66, 0x63, 0x7, 0xff, 0x10, 0x0,
    0x7, 0xff, 0x0, 0x0, 0xaf, 0xff, 0xff, 0xfa,
    0xaf, 0xff, 0xff, 0xfa, 0x3a, 0xff, 0x66, 0x63,
    0x7, 0xff, 0x10, 0x0, 0x7, 0xff, 0x0, 0x0,
    0x7, 0xff, 0x10, 0x0, 0x7, 0xff, 0x10, 0x0,
    0x7, 0xff, 0x0, 0x0, 0x7, 0xff, 0x10, 0x0,
    0x3a, 0xff, 0x66, 0x20, 0xaf, 0xff, 0xff, 0x70,
    0xaf, 0xff, 0xff, 0x70,

    /* U+0067 "g" */
    0x0, 0x7f, 0xff, 0xff, 0xfd, 0x0, 0x7f, 0xff,
    0xff, 0xfe, 0x8, 0xcb, 0x66, 0x6c, 0xfd, 0xf,
    0xf9, 0x0, 0xb, 0xfe, 0xf, 0xf8, 0x0, 0xa,
    0xfd, 0xdf, 0xa0, 0x0, 0xa, 0xfd, 0xef, 0xb0,
    0x0, 0xb, 0xfe, 0x5f, 0xc3, 0x0, 0x5c, 0xfd,
    0xf, 0xf9, 0x0, 0xef, 0xfe, 0x8, 0xcb, 0x66,
    0x9d, 0xfd, 0x0, 0x7f, 0xff, 0x4a, 0xfe, 0x0,
    0x7f, 0xff, 0x3a, 0xfd, 0x0, 0x0, 0x0, 0xdf,
    0xa0, 0x0, 0x0, 0x0, 0xef, 0xb0, 0x0, 0x26,
    0x66, 0xec, 0x60, 0x0, 0x7f, 0xff, 0xf7, 0x0,
    0x0, 0x7f, 0xff, 0xf7, 0x0,

    /* U+0068 "h" */
    0xdf, 0xa0, 0x0, 0x0, 0x0, 0xef, 0xb0, 0x0,
    0x0, 0x0, 0xdf, 0x90, 0x0, 0x0, 0x0, 0xef,
    0xa0, 0x0, 0x0, 0x0, 0xdf, 0xa0, 0x0, 0x0,
    0x0, 0xdf, 0xa8, 0xff, 0xff, 0x50, 0xef, 0xa9,
    0xff, 0xff, 0x60, 0xdf, 0xd8, 0x66, 0x6c, 0xb7,
    0xef, 0xf9, 0x0, 0xb, 0xfe, 0xdf, 0xe6, 0x0,
    0xa, 0xfd, 0xdf, 0xa0, 0x0, 0xa, 0xfd, 0xdf,
    0xa0, 0x0, 0xa, 0xfd, 0xdf, 0xa0, 0x0, 0xa,
    0xfd, 0xef, 0xb0, 0x0, 0xb, 0xfe, 0xdf, 0x90,
    0x0, 0x9, 0xfd, 0xef, 0xa0, 0x0, 0xa, 0xfe,
    0xdf, 0xa0, 0x0, 0xa, 0xfd,

    /* U+0069 "i" */
    0x0, 0x4f, 0xf3, 0x0, 0x0, 0x4f, 0xf4, 0x0,
    0x0, 0x16, 0x61, 0x0, 0x0, 0x0, 0x0, 0x0,
    0x0, 0x0, 0x0, 0x0, 0xf, 0xff, 0xf3, 0x0,
    0x1f, 0xff, 0xf4, 0x0, 0x6, 0x8f, 0xf3, 0x0,
    0x0, 0x4f, 0xf4, 0x0, 0x0, 0x3f, 0xf3, 0x0,
    0x0, 0x4f, 0xf4, 0x0, 0x0, 0x4f, 0xf4, 0x0,
    0x0, 0x3f, 0xf3, 0x0, 0x0, 0x4f, 0xf4, 0x0,
    0x36, 0x8f, 0xf8, 0x63, 0xaf, 0xff, 0xff, 0xfa,
    0xaf, 0xff, 0xff, 0xfa,

    /* U+006A "j" */
    0x0, 0x0, 0xff, 0x70, 0x0, 0x1f, 0xf7, 0x0,
    0x0, 0x66, 0x20, 0x0, 0x0, 0x0, 0x0, 0x0,
    0x0, 0x0, 0x7f, 0xff, 0xf7, 0x7, 0xff, 0xff,
    0x70, 0x26, 0x6f, 0xf6, 0x0, 0x1, 0xff, 0x70,
    0x0, 0xf, 0xf6, 0x0, 0x1, 0xff, 0x70, 0x0,
    0x1f, 0xf7, 0x0, 0x0, 0xff, 0x60, 0x0, 0x1f,
    0xf7, 0x0, 0x0, 0xff, 0x60, 0x0, 0x1f, 0xf7,
    0x0, 0x0, 0xff, 0x70, 0x3, 0xff, 0x30, 0x0,
    0x4f, 0xf4, 0x3, 0x68, 0xf9, 0x20, 0xaf, 0xff,
    0x10, 0xa, 0xff, 0xf0, 0x0,

    /* U+006B "k" */
    0xdf, 0xa0, 0x0, 0x0, 0x0, 0xef, 0xb0, 0x0,
    0x0, 0x0, 0xdf, 0x90, 0x0, 0x0, 0x0, 0xef,
    0xa0, 0x0, 0x0, 0x0, 0xdf, 0xa0, 0x0, 0x0,
    0x0, 0xdf, 0xa0, 0x7, 0xff, 0xf3, 0xef, 0xa0,
    0x7, 0xff, 0xf4, 0xdf, 0x90, 0xaf, 0xe6, 0x61,
    0xef, 0xb0, 0xbf, 0xe0, 0x0, 0xdf, 0xa0, 0xaf,
    0xd0, 0x0, 0xdf, 0xff, 0xfa, 0x0, 0x0, 0xef,
    0xff, 0xfa, 0x0, 0x0, 0xdf, 0xb3, 0xbe, 0xa0,
    0x0, 0xef, 0xa0, 0xaf, 0xe0, 0x0, 0xdf, 0xa0,
    0x18, 0xe6, 0x65, 0xef, 0xb0, 0x8, 0xff, 0xfe,
    0xdf, 0xa0, 0x7, 0xff, 0xfd,

    /* U+006C "l" */
    0xf, 0xff, 0xf3, 0x0, 0x1f, 0xff, 0xf4, 0x0,
    0x6, 0x8f, 0xf3, 0x0, 0x0, 0x4f, 0xf4, 0x0,
    0x0, 0x3f, 0xf3, 0x0, 0x0, 0x4f, 0xf4, 0x0,
    0x0, 0x4f, 0xf4, 0x0, 0x0, 0x3f, 0xf3, 0x0,
    0x0, 0x4f, 0xf4, 0x0, 0x0, 0x3f, 0xf3, 0x0,
    0x0, 0x4f, 0xf4, 0x0, 0x0, 0x4f, 0xf4, 0x0,
    0x0, 0x3f, 0xf3, 0x0, 0x0, 0x4f, 0xf4, 0x0,
    0x36, 0x8f, 0xf8, 0x63, 0xaf, 0xff, 0xff, 0xfa,
    0xaf, 0xff, 0xff, 0xfa,

    /* U+006D "m" */
    0xdb, 0x7f, 0xf3, 0xff, 0xa0, 0xec, 0x7f, 0xf4,
    0xff, 0xa0, 0xde, 0x86, 0xf9, 0x6c, 0xd7, 0xef,
    0xb0, 0xff, 0xb, 0xfe, 0xdf, 0xa0, 0xfe, 0xa,
    0xfd, 0xdf, 0xa0, 0xff, 0xa, 0xfd, 0xdf, 0xa0,
    0xff, 0xa, 0xfd, 0xdf, 0xa0, 0xfe, 0xa, 0xfd,
    0xef, 0xb0, 0xff, 0xb, 0xfe, 0xdf, 0x90, 0xee,
    0x9, 0xfd, 0xef, 0xa0, 0xff, 0xa, 0xfe, 0xdf,
    0xa0, 0xff, 0xa, 0xfd,

    /* U+006E "n" */
    0xdf, 0x58, 0xff, 0xff, 0x50, 0xef, 0x69, 0xff,
    0xff, 0x60, 0xdf, 0xb8, 0x66, 0x6c, 0xb7, 0xef,
    0xf9, 0x0, 0xb, 0xfe, 0xdf, 0xe6, 0x0, 0xa,
    0xfd, 0xdf, 0xa0, 0x0, 0xa, 0xfd, 0xdf, 0xa0,
    0x0, 0xa, 0xfd, 0xdf, 0xa0, 0x0, 0xa, 0xfd,
    0xef, 0xb0, 0x0, 0xb, 0xfe, 0xdf, 0x90, 0x0,
    0x9, 0xfd, 0xef, 0xa0, 0x0, 0xa, 0xfe, 0xdf,
    0xa0, 0x0, 0xa, 0xfd,

    /* U+006F "o" */
    0x0, 0x7f, 0xff, 0xf7, 0x0, 0x0, 0x7f, 0xff,
    0xf7, 0x0, 0xf, 0xfb, 0x66, 0xbf, 0xf0, 0xf,
    0xf9, 0x0, 0x9f, 0xf0, 0xf, 0xf8, 0x0, 0x8f,
    0xf0, 0xdf, 0xa0, 0x0, 0xa, 0xfd, 0xef, 0xa0,
    0x0, 0xa, 0xfd, 0x2f, 0xe6, 0x0, 0x6e, 0xf2,
    0xf, 0xf9, 0x0, 0x9f, 0xf0, 0x2, 0x8b, 0x66,
    0xb8, 0x20, 0x0, 0x8f, 0xff, 0xf8, 0x0, 0x0,
    0x7f, 0xff, 0xf7, 0x0,

    /* U+0070 "p" */
    0xdf, 0xa4, 0xff, 0xf7, 0x0, 0xef, 0xb4, 0xff,
    0xf7, 0x0, 0xdf, 0xb3, 0x66, 0xe8, 0x10, 0xef,
    0xfd, 0x0, 0xef, 0xa0, 0xdf, 0xfd, 0x0, 0xdf,
    0xa0, 0xdf, 0xa0, 0x0, 0xa, 0xfd, 0xef, 0xa0,
    0x0, 0xa, 0xfd, 0xdf, 0xa0, 0x0, 0xae, 0xb2,
    0xef, 0xb0, 0x0, 0xef, 0xb0, 0xdf, 0xc6, 0x66,
    0xec, 0x50, 0xef, 0xff, 0xff, 0xf7, 0x0, 0xdf,
    0xff, 0xff, 0xf7, 0x0, 0xdf, 0xa0, 0x0, 0x0,
    0x0, 0xef, 0xa0, 0x0, 0x0, 0x0, 0xdf, 0xa0,
    0x0, 0x0, 0x0, 0xef, 0xb0, 0x0, 0x0, 0x0,
    0xdf, 0xa0, 0x0, 0x0, 0x0,

    /* U+0071 "q" */
    0x0, 0x7f, 0xff, 0xff, 0xfd, 0x0, 0x7f, 0xff,
    0xff, 0xfe, 0x5, 0xce, 0x66, 0x6c, 0xfd, 0xb,
    0xfe, 0x0, 0xb, 0xfe, 0xa, 0xfd, 0x0, 0xa,
    0xfd, 0xdf, 0xa0, 0x0, 0xa, 0xfd, 0xef, 0xb0,
    0x0, 0xb, 0xfe, 0x5c, 0xc5, 0x0, 0x5c, 0xfd,
    0xb, 0xfe, 0x0, 0xef, 0xfe, 0x5, 0xce, 0x66,
    0x9d, 0xfd, 0x0, 0x7f, 0xff, 0x4a, 0xfe, 0x0,
    0x7f, 0xff, 0x3a, 0xfd, 0x0, 0x0, 0x0, 0xa,
    0xfd, 0x0, 0x0, 0x0, 0xb, 0xfe, 0x0, 0x0,
    0x0, 0xa, 0xfd, 0x0, 0x0, 0x0, 0xb, 0xfe,
    0x0, 0x0, 0x0, 0xa, 0xfd,

    /* U+0072 "r" */
    0xdf, 0xf3, 0xaf, 0xff, 0xf0, 0xef, 0xf4, 0xbf,
    0xff, 0xf0, 0x56, 0xf8, 0xc9, 0x6c, 0xf5, 0x1,
    0xff, 0xf6, 0xb, 0xfe, 0x0, 0xff, 0xf5, 0xa,
    0xfd, 0x0, 0xff, 0x70, 0x0, 0x0, 0x1, 0xff,
    0x70, 0x0, 0x0, 0x0, 0xff, 0x60, 0x0, 0x0,
    0x1, 0xff, 0x70, 0x0, 0x0, 0x56, 0xff, 0xa6,
    0x10, 0x0, 0xef, 0xff, 0xff, 0x40, 0x0, 0xdf,
    0xff, 0xff, 0x30, 0x0,

    /* U+0073 "s" */
    0x0, 0xff, 0xff, 0xff, 0xa0, 0x1, 0xff, 0xff,
    0xff, 0xa0, 0x16, 0xf8, 0x66, 0x66, 0x30, 0x4f,
    0xf4, 0x0, 0x0, 0x0, 0x4f, 0xf3, 0x0, 0x0,
    0x0, 0x0, 0xff, 0xff, 0xff, 0x10, 0x1, 0xff,
    0xff, 0xff, 0x0, 0x0, 0x0, 0x0, 0x3f, 0xf3,
    0x0, 0x0, 0x0, 0x4f, 0xf4, 0x3, 0x66, 0x66,
    0x8f, 0x61, 0xa, 0xff, 0xff, 0xff, 0x10, 0xa,
    0xff, 0xff, 0xff, 0x0,

    /* U+0074 "t" */
    0x0, 0x7f, 0xf1, 0x0, 0x0, 0x7, 0xff, 0x10,
    0x0, 0x0, 0x6f, 0xf0, 0x0, 0x0, 0x7, 0xff,
    0x10, 0x0, 0x0, 0x7f, 0xf0, 0x0, 0xd, 0xff,
    0xff, 0xff, 0xfa, 0xef, 0xff, 0xff, 0xff, 0xa5,
    0x6a, 0xff, 0x66, 0x63, 0x0, 0x7f, 0xf1, 0x0,
    0x0, 0x7, 0xff, 0x0, 0x0, 0x0, 0x7f, 0xf1,
    0x0, 0x0, 0x7, 0xff, 0x10, 0x0, 0x0, 0x7f,
    0xf0, 0x0, 0x0, 0x7, 0xff, 0x10, 0x0, 0x0,
    0x4a, 0xf6, 0x66, 0x30, 0x0, 0x4f, 0xff, 0xfa,
    0x0, 0x4, 0xff, 0xff, 0xa0,

    /* U+0075 "u" */
    0xdf, 0xa0, 0x0, 0xa, 0xfd, 0xef, 0xa0, 0x0,
    0xa, 0xfe, 0xdf, 0x90, 0x0, 0x9, 0xfd, 0xef,
    0xb0, 0x0, 0xb, 0xfe, 0xdf, 0xa0, 0x0, 0xa,
    0xfd, 0xdf, 0xa0, 0x0, 0xa, 0xfd, 0xdf, 0xa0,
    0x0, 0xa, 0xfd, 0xdf, 0xe6, 0x0, 0x6e, 0xfd,
    0xef, 0xf9, 0x0, 0x9f, 0xfe, 0x7b, 0xfb, 0x66,
    0x8d, 0xfd, 0x6, 0xff, 0xff, 0x9a, 0xfe, 0x5,
    0xff, 0xff, 0x8a, 0xfd,

    /* U+0076 "v" */
    0xdf, 0xa0, 0x0, 0xa, 0xfd, 0xef, 0xa0, 0x0,
    0xa, 0xfe, 0x5f, 0xd5, 0x0, 0x5d, 0xf5, 0xf,
    0xf9, 0x0, 0x9f, 0xf0, 0xf, 0xf8, 0x0, 0x8f,
    0xf0, 0x0, 0xff, 0x77, 0xff, 0x0, 0x1, 0xff,
    0x77, 0xff, 0x10, 0x0, 0x8f, 0xee, 0xf8, 0x0,
    0x0, 0x7f, 0xff, 0xf7, 0x0, 0x0, 0x5d, 0xff,
    0xd5, 0x0, 0x0, 0x4, 0xff, 0x40, 0x0, 0x0,
    0x4, 0xff, 0x40, 0x0,

    /* U+0077 "w" */
    0xdf, 0xa0, 0xff, 0xa, 0xfd, 0xef, 0xa0, 0xff,
    0xa, 0xfe, 0xdf, 0x90, 0xee, 0x9, 0xfd, 0xef,
    0xb0, 0xff, 0xb, 0xfe, 0xaf, 0xa0, 0xff, 0xa,
    0xfa, 0xf, 0xa8, 0xff, 0x8a, 0xf0, 0xf, 0xa9,
    0xff, 0x9a, 0xf0, 0xe, 0xee, 0x44, 0xee, 0xe0,
    0xf, 0xff, 0x33, 0xff, 0xf0, 0xd, 0xfe, 0x11,
    0xef, 0xc0, 0x6, 0xf9, 0x0, 0x9f, 0x50, 0x5,
    0xf8, 0x0, 0x8f, 0x50,

    /* U+0078 "x" */
    0x4f, 0xf4, 0x0, 0x4f, 0xf3, 0x4f, 0xf4, 0x0,
    0x4f, 0xf4, 0x16, 0xff, 0x72, 0xff, 0x91, 0x1,
    0xff, 0x83, 0xff, 0x60, 0x0, 0xff, 0x72, 0xff,
    0x50, 0x0, 0xd, 0xff, 0xd0, 0x0, 0x0, 0xe,
    0xff, 0xd0, 0x0, 0x0, 0xcf, 0x85, 0xfc, 0x40,
    0x1, 0xff, 0x72, 0xff, 0x60, 0x16, 0xf6, 0x10,
    0x6f, 0x91, 0x4f, 0xf4, 0x0, 0x4f, 0xf4, 0x4f,
    0xf3, 0x0, 0x3f, 0xf3,

    /* U+0079 "y" */
    0x2f, 0xf5, 0x0, 0x0, 0xaf, 0xd2, 0xff, 0x60,
    0x0, 0xa, 0xfe, 0x8, 0xfb, 0x20, 0x5, 0xdf,
    0x50, 0x4f, 0xf4, 0x0, 0x9f, 0xf0, 0x3, 0xdf,
    0x60, 0x1a, 0xfc, 0x0, 0x5, 0xff, 0x27, 0xff,
    0x10, 0x0, 0x5f, 0xf2, 0x7f, 0xf1, 0x0, 0x1,
    0xcf, 0x2e, 0xf8, 0x0, 0x0, 0xc, 0xf5, 0xff,
    0x70, 0x0, 0x0, 0x6c, 0x2f, 0xc4, 0x0, 0x0,
    0x0, 0x9f, 0xf9, 0x0, 0x0, 0x0, 0x8, 0xff,
    0x80, 0x0, 0x0, 0x0, 0x8f, 0xf0, 0x0, 0x0,
    0x0, 0x9, 0xff, 0x0, 0x0, 0x0, 0x56, 0xbe,
    0x90, 0x0, 0x0, 0xf, 0xff, 0xc0, 0x0, 0x0,
    0x0, 0xff, 0xfb, 0x0, 0x0, 0x0,

    /* U+007A "z" */
    0x4f, 0xff, 0xff, 0xff, 0xf3, 0x4f, 0xff, 0xff,
    0xff, 0xf4, 0x16, 0x66, 0x6a, 0xff, 0x61, 0x0,
    0x0, 0x7, 0xff, 0x10, 0x0, 0x0, 0x7, 0xff,
    0x0, 0x0, 0xd, 0xfa, 0x0, 0x0, 0x0, 0xe,
    0xfa, 0x0, 0x0, 0x3c, 0xc5, 0x31, 0x0, 0x0,
    0x4f, 0xf4, 0x0, 0x0, 0x0, 0x3f, 0xf8, 0x66,
    0x66, 0x61, 0x4f, 0xff, 0xff, 0xff, 0xf4, 0x4f,
    0xff, 0xff, 0xff, 0xf3,

    /* U+007B "{" */
    0x0, 0x0, 0xff, 0xfa, 0x0, 0x1, 0xff, 0xfa,
    0x0, 0x3f, 0xf3, 0x0, 0x0, 0x4f, 0xf4, 0x0,
    0x0, 0x3f, 0xf3, 0x0, 0x0, 0x4f, 0xf4, 0x0,
    0x0, 0x4f, 0xf4, 0x0, 0x0, 0x3f, 0xf3, 0x0,
    0x0, 0x4f, 0xf4, 0x0, 0x36, 0x8f, 0x92, 0x0,
    0xaf, 0xff, 0x10, 0x0, 0x8c, 0xdf, 0x30, 0x0,
    0x0, 0x4f, 0xf4, 0x0, 0x0, 0x4f, 0xf4, 0x0,
    0x0, 0x3f, 0xf3, 0x0, 0x0, 0x4f, 0xf4, 0x0,
    0x0, 0x3f, 0xf3, 0x0, 0x0, 0x4f, 0xf4, 0x0,
    0x0, 0x4f, 0xf3, 0x0, 0x0, 0x0, 0xff, 0xfa,
    0x0, 0x1, 0xff, 0xfa, 0x0, 0x0, 0x66, 0x63,

    /* U+007C "|" */
    0x18, 0x81, 0x4f, 0xf4, 0x3f, 0xf3, 0x4f, 0xf4,
    0x4f, 0xf4, 0x3f, 0xf3, 0x4f, 0xf4, 0x3f, 0xf3,
    0x4f, 0xf4, 0x4f, 0xf4, 0x3f, 0xf3, 0x4f, 0xf4,
    0x3f, 0xf3, 0x4f, 0xf4, 0x3f, 0xf3, 0x4f, 0xf4,
    0x4f, 0xf4, 0x3f, 0xf3, 0x4f, 0xf4, 0x3f, 0xf3,
    0x4f, 0xf4, 0x4f, 0xf3,

    /* U+007D "}" */
    0xaf, 0xff, 0x10, 0x0, 0xaf, 0xff, 0x0, 0x0,
    0x0, 0x3f, 0xf3, 0x0, 0x0, 0x4f, 0xf4, 0x0,
    0x0, 0x3f, 0xf3, 0x0, 0x0, 0x4f, 0xf4, 0x0,
    0x0, 0x4f, 0xf4, 0x0, 0x0, 0x3f, 0xf3, 0x0,
    0x0, 0x4f, 0xf4, 0x0, 0x0, 0x29, 0xf8, 0x63,
    0x0, 0x1, 0xff, 0xfa, 0x0, 0x3, 0xfd, 0xc8,
    0x0, 0x4f, 0xf4, 0x0, 0x0, 0x4f, 0xf4, 0x0,
    0x0, 0x3f, 0xf3, 0x0, 0x0, 0x4f, 0xf4, 0x0,
    0x0, 0x3f, 0xf3, 0x0, 0x0, 0x4f, 0xf4, 0x0,
    0x0, 0x4f, 0xf3, 0x0, 0xaf, 0xff, 0x0, 0x0,
    0xaf, 0xff, 0x10, 0x0, 0x36, 0x66, 0x0, 0x0,

    /* U+007E "~" */
    0x0, 0xdd, 0xd0, 0x0, 0xda, 0x1, 0xff, 0xf1,
    0x1, 0xfe, 0x6, 0xff, 0xf6, 0x4, 0xfd, 0xf,
    0xff, 0xff, 0xa, 0xfe, 0xf, 0xff, 0xff, 0xa,
    0xfd, 0xaf, 0xa0, 0xff, 0xce, 0xf0, 0xef, 0xb0,
    0xff, 0xff, 0xf0, 0xdf, 0x60, 0x8f, 0xff, 0x80,
    0xef, 0x10, 0x1f, 0xff, 0x10, 0xdf, 0x0, 0xf,
    0xff, 0x0,

    /* U+00A0 " " */

    /* U+00A1 "¡" */
    0x4f, 0xf3, 0x4f, 0xf4, 0x16, 0x61, 0x0, 0x0,
    0x0, 0x0, 0x4f, 0xf3, 0x4f, 0xf4, 0x3f, 0xf3,
    0x4f, 0xf4, 0x3f, 0xf3, 0x4f, 0xf4, 0x4f, 0xf4,
    0x3f, 0xf3, 0x4f, 0xf4, 0x3f, 0xf3, 0x4f, 0xf4,
    0x4f, 0xf3,

    /* U+00A2 "¢" */
    0x0, 0x0, 0x11, 0x0, 0x0, 0x0, 0x0, 0xff,
    0x0, 0x0, 0x0, 0x0, 0xff, 0x0, 0x0, 0x0,
    0x0, 0xee, 0x0, 0x0, 0x0, 0x0, 0xff, 0x0,
    0x0, 0x3, 0x66, 0xff, 0x66, 0x30, 0xa, 0xff,
    0xff, 0xff, 0xa0, 0xa, 0xff, 0xff, 0xff, 0xa0,
    0xdf, 0xa0, 0x0, 0xa, 0xfd, 0xef, 0xa0, 0x0,
    0xa, 0xfe, 0xdf, 0x90, 0x0, 0x3, 0x65, 0xef,
    0xb0, 0x0, 0x0, 0x0, 0xdf, 0xa0, 0x0, 0x0,
    0x0, 0xdf, 0xa0, 0x0, 0xa, 0xfd, 0xdf, 0xa0,
    0x0, 0xa, 0xfd, 0xa, 0xff, 0xff, 0xff, 0xa0,
    0xa, 0xff, 0xff, 0xff, 0xa0, 0x3, 0x66, 0xff,
    0x66, 0x30, 0x0, 0x0, 0xff, 0x0, 0x0, 0x0,
    0x0, 0xff, 0x0, 0x0, 0x0, 0x0, 0xff, 0x0,
    0x0, 0x0, 0x0, 0xff, 0x0, 0x0, 0x0, 0x0,
    0x65, 0x0, 0x0,

    /* U+00A3 "£" */
    0x0, 0xd, 0xff, 0xff, 0x0, 0x0, 0xe, 0xff,
    0xff, 0x10, 0x0, 0x6e, 0xa6, 0x6c, 0x61, 0x1,
    0xff, 0x70, 0xb, 0xf4, 0x0, 0xff, 0x70, 0xa,
    0xf3, 0x0, 0xff, 0x70, 0x0, 0x0, 0x1, 0xff,
    0x70, 0x0, 0x0, 0x56, 0xff, 0xa6, 0x10, 0x0,
    0xef, 0xff, 0xff, 0x40, 0x0, 0xdf, 0xff, 0xff,
    0x30, 0x0, 0x0, 0xff, 0x70, 0x0, 0x0, 0x1,
    0xff, 0x70, 0x0, 0x0, 0x0, 0xff, 0x70, 0x0,
    0xfd, 0x1, 0xff, 0x70, 0x1, 0xfe, 0x56, 0xf8,
    0x66, 0x66, 0xf7, 0xef, 0xf4, 0xaf, 0xff, 0xf4,
    0xdf, 0xf3, 0xaf, 0xff, 0xf3,

    /* U+00A4 "¤" */
    0xdf, 0x8, 0xff, 0x80, 0xfd, 0xef, 0x19, 0xff,
    0x91, 0xfe, 0x5c, 0x69, 0x66, 0x96, 0xc5, 0xb,
    0xfe, 0x0, 0xef, 0xb0, 0xa, 0xfd, 0x0, 0xdf,
    0xa0, 0xdf, 0xa0, 0x0, 0xa, 0xfd, 0xdf, 0xa0,
    0x0, 0xa, 0xfd, 0xa, 0xfd, 0x0, 0xdf, 0xa0,
    0xb, 0xfe, 0x0, 0xef, 0xb0, 0x5c, 0x69, 0x66,
    0x96, 0xc5, 0xef, 0x19, 0xff, 0x91, 0xfe, 0xdf,
    0x8, 0xff, 0x80, 0xfd,

    /* U+00A5 "¥" */
    0xdf, 0xf3, 0x0, 0x4f, 0xfd, 0xef, 0xf4, 0x0,
    0x4f, 0xfe, 0x7f, 0xf3, 0x0, 0x3f, 0xf7, 0x4f,
    0xf4, 0x0, 0x4f, 0xf4, 0x3f, 0xf3, 0x0, 0x3f,
    0xf3, 0x0, 0xff, 0x77, 0xff, 0x0, 0x1, 0xff,
    0x77, 0xff, 0x10, 0x29, 0xff, 0xcc, 0xff, 0x92,
    0x4f, 0xff, 0xff, 0xff, 0xf4, 0x3c, 0xcd, 0xff,
    0xdc, 0xc3, 0x0, 0x4, 0xff, 0x40, 0x0, 0x0,
    0x4, 0xff, 0x40, 0x0, 0x4f, 0xff, 0xff, 0xff,
    0xf3, 0x4f, 0xff, 0xff, 0xff, 0xf4, 0x16, 0x68,
    0xff, 0x86, 0x61, 0x0, 0x4, 0xff, 0x40, 0x0,
    0x0, 0x3, 0xff, 0x30, 0x0,

    /* U+00A6 "¦" */
    0x29, 0x92, 0x4f, 0xf4, 0x3f, 0xf3, 0x4f, 0xf4,
    0x4f, 0xf4, 0x3f, 0xf3, 0x4f, 0xf4, 0x3f, 0xf3,
    0x4f, 0xf4, 0x4f, 0xf3, 0x0, 0x0, 0x0, 0x0,
    0x29, 0x92, 0x4f, 0xf4, 0x3f, 0xf3, 0x4f, 0xf4,
    0x4f, 0xf4, 0x3f, 0xf3, 0x4f, 0xf4, 0x3f, 0xf3,
    0x4f, 0xf4, 0x4f, 0xf3,

    /* U+00A7 "§" */
    0x0, 0xff, 0xff, 0xff, 0xf0, 0x1, 0xff, 0xff,
    0xff, 0xf0, 0x16, 0xf8, 0x66, 0x66, 0x50, 0x4f,
    0xf4, 0x0, 0x0, 0x0, 0x4f, 0xf3, 0x0, 0x0,
    0x0, 0x0, 0xff, 0xff, 0xd0, 0x0, 0x1, 0xff,
    0xff, 0xe0, 0x0, 0x6, 0xf6, 0x67, 0xe6, 0x50,
    0xf, 0xf0, 0x3, 0xff, 0xf0, 0xf, 0xf0, 0x2,
    0xff, 0xf0, 0xf, 0xff, 0x20, 0xf, 0xf0, 0xf,
    0xff, 0x20, 0xf, 0xf0, 0x0, 0xd, 0xff, 0xff,
    0x0, 0x0, 0xe, 0xff, 0xff, 0x10, 0x0, 0x5,
    0x66, 0x8f, 0x61, 0x0, 0x0, 0x0, 0x4f, 0xf4,
    0x0, 0x0, 0x0, 0x3f, 0xf3, 0xf, 0xff, 0xff,
    0xff, 0x0, 0xf, 0xff, 0xff, 0xff, 0x10, 0x6,
    0x66, 0x66, 0x66, 0x0,

    /* U+00A8 "¨" */
    0x36, 0x50, 0x5, 0x63, 0xaf, 0xe0, 0xe, 0xfa,
    0xaf, 0xd0, 0xd, 0xfa,

    /* U+00A9 "©" */
    0x0, 0x26, 0x66, 0x62, 0x0, 0x0, 0x7f, 0xff,
    0xf7, 0x0, 0x5, 0x89, 0x99, 0x98, 0x50, 0xf,
    0xa0, 0x0, 0xa, 0xf0, 0xf, 0xa0, 0x0, 0xa,
    0xf0, 0xdc, 0x9, 0xff, 0x80, 0xcd, 0xec, 0x9,
    0xff, 0x90, 0xce, 0xdb, 0x9, 0xc6, 0x30, 0xbd,
    0xdc, 0xf, 0xa0, 0x0, 0xcd, 0xdc, 0xf, 0x90,
    0x0, 0xcd, 0xdb, 0xf, 0x90, 0x0, 0xbd, 0xec,
    0xf, 0xa0, 0x0, 0xce, 0xdb, 0xf, 0x90, 0x0,
    0xbd, 0xec, 0xf, 0xa0, 0x0, 0xce, 0xdb, 0xc,
    0xb6, 0x30, 0xbd, 0xec, 0x9, 0xff, 0x90, 0xce,
    0xdb, 0x8, 0xff, 0x80, 0xcd, 0xf, 0xa0, 0x0,
    0xa, 0xf0, 0xf, 0xa0, 0x0, 0xa, 0xf0, 0x6,
    0x66, 0x66, 0x66, 0x60, 0x0, 0x7f, 0xff, 0xf7,
    0x0, 0x0, 0x7f, 0xff, 0xf7, 0x0,

    /* U+00AA "ª" */
    0x0, 0x56, 0x66, 0x20, 0x0, 0xef, 0xff, 0x70,
    0x0, 0x79, 0x9c, 0xa2, 0x0, 0x0, 0x9, 0xf6,
    0x0, 0x0, 0x8, 0xf5, 0x7, 0xff, 0xff, 0xf5,
    0x7, 0xff, 0xff, 0xf6, 0x1a, 0xb6, 0x6b, 0xf5,
    0x6f, 0x90, 0x9, 0xf6, 0x5f, 0x80, 0x8, 0xf5,
    0x7, 0xff, 0xff, 0xf5, 0x7, 0xff, 0xff, 0xf6,
    0x2, 0x66, 0x66, 0x62, 0x0, 0x0, 0x0, 0x0,
    0x0, 0x0, 0x0, 0x0, 0x5f, 0xff, 0xff, 0xf5,
    0x6f, 0xff, 0xff, 0xf6, 0x26, 0x66, 0x66, 0x62,

    /* U+00AB "«" */
    0x0, 0x7f, 0x70, 0x0, 0xfd, 0x0, 0x7f, 0x70,
    0x1, 0xfe, 0x3, 0xa8, 0x20, 0x16, 0xc5, 0xa,
    0xf4, 0x0, 0x4f, 0xb0, 0xa, 0xf3, 0x0, 0x4f,
    0xa0, 0xdf, 0x10, 0x7, 0xf7, 0x0, 0xdf, 0x0,
    0x7, 0xf7, 0x0, 0xa, 0xf3, 0x0, 0x4f, 0xa0,
    0xa, 0xf4, 0x0, 0x4f, 0xb0, 0x3, 0xa8, 0x20,
    0x16, 0xc5, 0x0, 0x7f, 0x70, 0x1, 0xfe, 0x0,
    0x7f, 0x70, 0x0, 0xfd,

    /* U+00AC "¬" */
    0x56, 0x66, 0x66, 0x66, 0x65, 0xef, 0xff, 0xff,
    0xff, 0xfe, 0xdf, 0xff, 0xff, 0xff, 0xfd, 0x0,
    0x0, 0x0, 0xa, 0xfd, 0x0, 0x0, 0x0, 0xb,
    0xfe, 0x0, 0x0, 0x0, 0xa, 0xfd, 0x0, 0x0,
    0x0, 0xb, 0xfe, 0x0, 0x0, 0x0, 0xa, 0xfd,

    /* U+00AD "­" */
    0x6, 0x66, 0x66, 0x60, 0x1f, 0xff, 0xff, 0xf1,
    0xf, 0xff, 0xff, 0xf0,

    /* U+00AE "®" */
    0x0, 0x26, 0x66, 0x62, 0x0, 0x0, 0x7f, 0xff,
    0xf7, 0x0, 0x5, 0x89, 0x99, 0x98, 0x50, 0xf,
    0xa0, 0x0, 0xa, 0xf0, 0xf, 0xa0, 0x0, 0xa,
    0xf0, 0xdb, 0xf, 0xff, 0x10, 0xcd, 0xec, 0xf,
    0xff, 0x20, 0xce, 0xdb, 0xf, 0xcc, 0x70, 0xbd,
    0xec, 0xf, 0xaa, 0xf0, 0xce, 0xdb, 0xf, 0x99,
    0xf0, 0xbd, 0xdc, 0xf, 0xff, 0x10, 0xcd, 0xec,
    0xf, 0xff, 0x10, 0xcd, 0xdb, 0xf, 0xaa, 0xc0,
    0xbd, 0xec, 0xf, 0xaa, 0xf0, 0xce, 0xdb, 0xf,
    0x99, 0xf0, 0xbd, 0xec, 0xf, 0xaa, 0xf0, 0xce,
    0xdb, 0xf, 0x99, 0xf0, 0xcd, 0xf, 0xa0, 0x0,
    0xa, 0xf0, 0xf, 0xa0, 0x0, 0xa, 0xf0, 0x6,
    0x66, 0x66, 0x66, 0x60, 0x0, 0x7f, 0xff, 0xf7,
    0x0, 0x0, 0x7f, 0xff, 0xf7, 0x0,

    /* U+00AF "¯" */
    0x36, 0x66, 0x66, 0x63, 0xaf, 0xff, 0xff, 0xfa,
    0xaf, 0xff, 0xff, 0xfa,

    /* U+00B0 "°" */
    0x2, 0x66, 0x66, 0x20, 0x7, 0xff, 0xff, 0x70,
    0x7, 0xff, 0xff, 0x70, 0x5f, 0x80, 0x8, 0xf5,
    0x6f, 0x90, 0x9, 0xf6, 0x5f, 0x80, 0x8, 0xf5,
    0x6f, 0x90, 0x9, 0xf6, 0x3c, 0xb6, 0x6b, 0xc3,
    0x7, 0xff, 0xff, 0x70, 0x7, 0xff, 0xff, 0x70,

    /* U+00B1 "±" */
    0x0, 0x4, 0xff, 0x40, 0x0, 0x0, 0x4, 0xff,
    0x40, 0x0, 0x0, 0x3, 0xff, 0x30, 0x0, 0x0,
    0x4, 0xff, 0x40, 0x0, 0x0, 0x3, 0xff, 0x30,
    0x0, 0x4f, 0xff, 0xff, 0xff, 0xf3, 0x4f, 0xff,
    0xff, 0xff, 0xf4, 0x16, 0x68, 0xff, 0x86, 0x61,
    0x0, 0x4, 0xff, 0x40, 0x0, 0x0, 0x3, 0xff,
    0x30, 0x0, 0x0, 0x4, 0xff, 0x40, 0x0, 0x0,
    0x4, 0xff, 0x40, 0x0, 0x0, 0x0, 0x0, 0x0,
    0x0, 0x0, 0x0, 0x0, 0x0, 0x0, 0x16, 0x66,
    0x66, 0x66, 0x61, 0x4f, 0xff, 0xff, 0xff, 0xf4,
    0x4f, 0xff, 0xff, 0xff, 0xf3,

    /* U+00B2 "²" */
    0x7f, 0xff, 0x80, 0x7f, 0xff, 0x90, 0x26, 0x6a,
    0xb2, 0x0, 0x7, 0xf7, 0x0, 0x2a, 0xc4, 0x0,
    0x6f, 0x90, 0x0, 0x5f, 0x80, 0x3, 0xea, 0x0,
    0x4, 0xfb, 0x0, 0x28, 0xfc, 0x62, 0x7f, 0xff,
    0xf7, 0x7f, 0xff, 0xf7,

    /* U+00B3 "³" */
    0x7f, 0xff, 0x80, 0x7f, 0xff, 0x90, 0x26, 0x6a,
    0xb2, 0x0, 0x7, 0xf7, 0x0, 0x7, 0xf7, 0x9,
    0xff, 0x80, 0x9, 0xff, 0x80, 0x0, 0x7, 0xf7,
    0x0, 0x7, 0xf7, 0x26, 0x6a, 0xb2, 0x7f, 0xff,
    0x90, 0x7f, 0xff, 0x80,

    /* U+00B4 "´" */
    0x0, 0xff, 0x70, 0x1f, 0xf7, 0x16, 0xf8, 0x24,
    0xff, 0x40, 0x4f, 0xf3, 0x0,

    /* U+00B5 "µ" */
    0x0, 0x0, 0xff, 0x70, 0xa, 0xfd, 0x0, 0x1,
    0xff, 0x70, 0xa, 0xfe, 0x0, 0x0, 0xff, 0x60,
    0x9, 0xfd, 0x0, 0x1, 0xff, 0x70, 0xb, 0xfe,
    0x0, 0x0, 0xfe, 0x50, 0xa, 0xfa, 0x0, 0xf,
    0xf9, 0x0, 0x8f, 0xf0, 0x0, 0xf, 0xf9, 0x0,
    0x9f, 0xf0, 0x0, 0xe, 0xf8, 0x0, 0x8f, 0xe0,
    0x0, 0xf, 0xf9, 0x0, 0x9f, 0xf0, 0x0, 0x5f,
    0xd8, 0x66, 0x8d, 0xf5, 0x0, 0xef, 0xa9, 0xff,
    0x9a, 0xfe, 0x0, 0xdf, 0xa8, 0xff, 0x8a, 0xfd,
    0x0, 0xdf, 0xa0, 0x0, 0x0, 0x0, 0x0, 0xef,
    0xb0, 0x0, 0x0, 0x0, 0x6, 0xec, 0x60, 0x0,
    0x0, 0x0, 0x1f, 0xf7, 0x0, 0x0, 0x0, 0x0,
    0xf, 0xf7, 0x0, 0x0, 0x0, 0x0,

    /* U+00B6 "¶" */
    0x0, 0x26, 0x66, 0x66, 0x65, 0x0, 0x7f, 0xff,
    0xff, 0xfe, 0x0, 0x7f, 0xff, 0xff, 0xfd, 0xa,
    0xff, 0xf0, 0x4f, 0xa0, 0xa, 0xff, 0xf1, 0x4f,
    0xa0, 0xae, 0xff, 0xf0, 0x3f, 0xa0, 0xef, 0xff,
    0xf1, 0x4f, 0xb0, 0xdf, 0xff, 0xf0, 0x3f, 0x90,
    0xef, 0xff, 0xf1, 0x4f, 0xa0, 0xdf, 0xff, 0xf0,
    0x4f, 0xa0, 0xa, 0xff, 0xf0, 0x3f, 0xa0, 0xb,
    0xff, 0xf1, 0x4f, 0xb0, 0x5, 0xcf, 0xf0, 0x3f,
    0x90, 0x0, 0x7f, 0xf1, 0x4f, 0xa0, 0x0, 0x6f,
    0xf0, 0x3f, 0xa0, 0x0, 0xd, 0xf0, 0x4f, 0xa0,
    0x0, 0xe, 0xf1, 0x4f, 0xa0, 0x0, 0xd, 0xf0,
    0x3f, 0x90, 0x0, 0xe, 0xf1, 0x4f, 0xb0, 0x0,
    0xd, 0xf0, 0x3f, 0x90, 0x0, 0xe, 0xf1, 0x4f,
    0xa0, 0x0, 0xd, 0xf0, 0x4f, 0xa0, 0x0, 0x1,
    0x10, 0x1, 0x0,

    /* U+00B7 "·" */
    0x6c, 0xc6, 0x9f, 0xf9, 0x8f, 0xf8, 0x9f, 0xf9,
    0x8f, 0xf8,

    /* U+00B8 "¸" */
    0x0, 0xfd, 0x1, 0xfe, 0x36, 0xf5, 0x9f, 0xf0,
    0x8f, 0xf0,

    /* U+00B9 "¹" */
    0x0, 0xff, 0x0, 0xf, 0xf0, 0x6, 0xfe, 0x2,
    0xff, 0xf0, 0x2f, 0xff, 0x0, 0xf, 0xf0, 0x0,
    0xff, 0x0, 0xe, 0xe0, 0x0, 0xff, 0x0, 0xe,
    0xe0, 0x0, 0xff, 0x0, 0xf, 0xf0,

    /* U+00BA "º" */
    0x2, 0x66, 0x66, 0x20, 0x7, 0xff, 0xff, 0x70,
    0x18, 0xec, 0xce, 0x80, 0x5f, 0x90, 0x9, 0xf5,
    0x5f, 0x90, 0x9, 0xf5, 0x5f, 0x80, 0x8, 0xf5,
    0x6f, 0x90, 0x9, 0xf6, 0x5f, 0x80, 0x8, 0xf5,
    0x6f, 0x90, 0x9, 0xf6, 0x5f, 0x80, 0x8, 0xf5,
    0x7, 0xff, 0xff, 0x70, 0x7, 0xff, 0xff, 0x70,
    0x2, 0x66, 0x66, 0x20, 0x0, 0x0, 0x0, 0x0,
    0x0, 0x0, 0x0, 0x0, 0x5f, 0xff, 0xff, 0xf5,
    0x6f, 0xff, 0xff, 0xf6, 0x26, 0x66, 0x66, 0x62,

    /* U+00BB "»" */
    0xdf, 0x0, 0x7, 0xf7, 0x0, 0xef, 0x10, 0x7,
    0xf7, 0x0, 0x5c, 0x61, 0x2, 0x8a, 0x30, 0xb,
    0xf4, 0x0, 0x4f, 0xa0, 0xa, 0xf3, 0x0, 0x3f,
    0xa0, 0x0, 0x7f, 0x70, 0x0, 0xfd, 0x0, 0x7f,
    0x70, 0x1, 0xfd, 0xa, 0xf3, 0x0, 0x3f, 0xa0,
    0xb, 0xf4, 0x0, 0x4f, 0xa0, 0x5c, 0x61, 0x2,
    0x8a, 0x30, 0xef, 0x10, 0x7, 0xf7, 0x0, 0xdf,
    0x0, 0x7, 0xf7, 0x0,

    /* U+00BC "¼" */
    0x0, 0x65, 0x0, 0x0, 0x0, 0x0, 0x2, 0xfd,
    0x0, 0x0, 0x0, 0x0, 0x1, 0xfc, 0x0, 0x0,
    0x0, 0x0, 0x4f, 0xfc, 0x0, 0xb, 0xf3, 0x0,
    0x5f, 0xfd, 0x0, 0xc, 0xf3, 0x0, 0x17, 0xfc,
    0x0, 0xb, 0x81, 0x0, 0x2, 0xfd, 0x0, 0x9f,
    0x50, 0x0, 0x1, 0xfc, 0x1, 0xad, 0x30, 0x0,
    0x1, 0xfd, 0x8, 0xf6, 0x0, 0x0, 0x1, 0xfd,
    0x8, 0xf6, 0x0, 0x0, 0x1, 0xfc, 0x4e, 0x94,
    0xcc, 0xa0, 0x2, 0xfd, 0x7f, 0x84, 0xff, 0xe0,
    0x0, 0x99, 0xad, 0x47, 0xcf, 0xd0, 0x0, 0x5,
    0xfa, 0xe, 0x9f, 0xe0, 0x0, 0x4, 0xf9, 0xd,
    0x8f, 0xd0, 0x0, 0x3f, 0xb0, 0x7d, 0xf, 0xd0,
    0x0, 0x3f, 0xb0, 0x7e, 0x1f, 0xe0, 0x0, 0x16,
    0x40, 0xae, 0x6f, 0xe2, 0x0, 0x0, 0x1, 0xff,
    0xff, 0xf7, 0x0, 0x0, 0x0, 0xff, 0xff, 0xf7,
    0x0, 0x0, 0x0, 0x0, 0xf, 0xd0, 0x0, 0x0,
    0x0, 0x0, 0x1f, 0xe0, 0x0, 0x0, 0x0, 0x0,
    0x8, 0x60,

    /* U+00BD "½" */
    0x0, 0x65, 0x0, 0x0, 0x0, 0x0, 0x2f, 0xd0,
    0x0, 0x0, 0x0, 0x1, 0xfc, 0x0, 0x0, 0x0,
    0x4, 0xff, 0xc0, 0x0, 0xbf, 0x30, 0x5f, 0xfd,
    0x0, 0xb, 0xf3, 0x1, 0x6f, 0xc0, 0x5, 0xd8,
    0x10, 0x2, 0xfd, 0x0, 0xaf, 0x50, 0x0, 0x1f,
    0xc0, 0x9, 0xf4, 0x0, 0x1, 0xfc, 0x8, 0xff,
    0xff, 0x0, 0x2f, 0xd0, 0x8f, 0xff, 0xf0, 0x1,
    0xfc, 0x4e, 0x93, 0x3f, 0xa0, 0x2f, 0xd7, 0xf8,
    0x1, 0xfe, 0x0, 0x99, 0xad, 0x40, 0x6f, 0x70,
    0x0, 0x5f, 0xa0, 0xf, 0xf0, 0x0, 0x4, 0xf9,
    0x0, 0xff, 0x0, 0x3, 0xfb, 0x0, 0xdf, 0x0,
    0x0, 0x3f, 0xb0, 0xe, 0xf1, 0x0, 0x1, 0x64,
    0x6, 0xef, 0x65, 0x0, 0x0, 0x1, 0xff, 0xff,
    0xe0, 0x0, 0x0, 0xf, 0xff, 0xfd,

    /* U+00BE "¾" */
    0xdf, 0xff, 0x20, 0x0, 0x0, 0xd, 0xff, 0xf2,
    0x0, 0x0, 0x0, 0x0, 0xd, 0xf0, 0xbf, 0x30,
    0x0, 0x0, 0xef, 0x1c, 0xf3, 0x0, 0x0, 0xd,
    0x70, 0xb8, 0x10, 0x0, 0xff, 0xf3, 0x9f, 0x50,
    0x0, 0xf, 0xff, 0x29, 0xf4, 0x0, 0x0, 0x0,
    0xdf, 0xf6, 0x0, 0x0, 0x0, 0xe, 0xff, 0x70,
    0x0, 0x5, 0x66, 0xef, 0xc5, 0x66, 0x50, 0xef,
    0xff, 0xf8, 0x4f, 0xfe, 0xa, 0xcd, 0xfe, 0x65,
    0xef, 0xd0, 0x0, 0x5f, 0x90, 0xe8, 0xfd, 0x0,
    0x4, 0xf9, 0xd, 0x8f, 0xd0, 0x3, 0xfb, 0x7,
    0xd0, 0xfd, 0x0, 0x3f, 0xb0, 0x7e, 0x1f, 0xe0,
    0x1, 0x64, 0xa, 0xe6, 0xfe, 0x20, 0x0, 0x1,
    0xff, 0xff, 0xf7, 0x0, 0x0, 0xf, 0xff, 0xff,
    0x70, 0x0, 0x0, 0x0, 0xf, 0xd0, 0x0, 0x0,
    0x0, 0x1, 0xfe, 0x0, 0x0, 0x0, 0x0, 0x8,
    0x60,

    /* U+00BF "¿" */
    0x0, 0x5, 0x63, 0x0, 0x0, 0x0, 0xe, 0xfa,
    0x0, 0x0, 0x0, 0xd, 0xfa, 0x0, 0x0, 0x0,
    0x0, 0x0, 0x0, 0x0, 0x0, 0x0, 0x0, 0x0,
    0x0, 0x0, 0x5, 0x63, 0x0, 0x0, 0x0, 0xe,
    0xfa, 0x0, 0x0, 0x0, 0xd, 0xfa, 0x0, 0x0,
    0x5, 0xff, 0x20, 0x0, 0x0, 0x6, 0xff, 0x20,
    0x0, 0x0, 0xad, 0xb3, 0x0, 0x0, 0x0, 0xef,
    0xb0, 0x0, 0x0, 0x0, 0xdf, 0x90, 0x0, 0x16,
    0x61, 0xef, 0xa0, 0x0, 0x4f, 0xf4, 0xdf, 0xa0,
    0x0, 0x4f, 0xf3, 0xa, 0xff, 0xff, 0xf7, 0x0,
    0xa, 0xff, 0xff, 0xf7, 0x0, 0x3, 0x66, 0x66,
    0x62, 0x0,

    /* U+00C0 "À" */
    0x0, 0x7f, 0xf0, 0x0, 0x0, 0x0, 0x7f, 0xf1,
    0x0, 0x0, 0x0, 0x28, 0xf6, 0x10, 0x0, 0x0,
    0x4, 0xff, 0x40, 0x0, 0x0, 0x3, 0xff, 0x30,
    0x0, 0x0, 0x0, 0x0, 0x0, 0x0, 0x0, 0x0,
    0x0, 0x0, 0x0, 0x0, 0xd, 0xff, 0xd0, 0x0,
    0x0, 0xe, 0xff, 0xe0, 0x0, 0x0, 0x4e, 0xff,
    0xe4, 0x0, 0x0, 0x7f, 0xff, 0xf7, 0x0, 0x0,
    0x7f, 0xdd, 0xf7, 0x0, 0x5, 0xff, 0x22, 0xff,
    0x50, 0x6, 0xff, 0x22, 0xff, 0x60, 0x9, 0xfc,
    0x0, 0xcf, 0x90, 0xf, 0xf9, 0x0, 0x9f, 0xf0,
    0xf, 0xf8, 0x0, 0x8f, 0xf0, 0xf, 0xff, 0xff,
    0xff, 0xf0, 0xf, 0xff, 0xff, 0xff, 0xf0, 0xaf,
    0xb3, 0x33, 0x3b, 0xfa, 0xef, 0xb0, 0x0, 0xb,
    0xfe, 0xdf, 0x90, 0x0, 0x9, 0xfd, 0xef, 0xa0,
    0x0, 0xa, 0xfe, 0xdf, 0xa0, 0x0, 0xa, 0xfd,

    /* U+00C1 "Á" */
    0x0, 0x0, 0xf, 0xf7, 0x0, 0x0, 0x0, 0x1f,
    0xf7, 0x0, 0x0, 0x1, 0x6f, 0x82, 0x0, 0x0,
    0x4, 0xff, 0x40, 0x0, 0x0, 0x4, 0xff, 0x30,
    0x0, 0x0, 0x0, 0x0, 0x0, 0x0, 0x0, 0x0,
    0x0, 0x0, 0x0, 0x0, 0xd, 0xff, 0xd0, 0x0,
    0x0, 0xe, 0xff, 0xe0, 0x0, 0x0, 0x4e, 0xff,
    0xe4, 0x0, 0x0, 0x7f, 0xff, 0xf7, 0x0, 0x0,
    0x7f, 0xdd, 0xf7, 0x0, 0x5, 0xff, 0x22, 0xff,
    0x50, 0x6, 0xff, 0x22, 0xff, 0x60, 0x9, 0xfc,
    0x0, 0xcf, 0x90, 0xf, 0xf9, 0x0, 0x9f, 0xf0,
    0xf, 0xf8, 0x0, 0x8f, 0xf0, 0xf, 0xff, 0xff,
    0xff, 0xf0, 0xf, 0xff, 0xff, 0xff, 0xf0, 0xaf,
    0xb3, 0x33, 0x3b, 0xfa, 0xef, 0xb0, 0x0, 0xb,
    0xfe, 0xdf, 0x90, 0x0, 0x9, 0xfd, 0xef, 0xa0,
    0x0, 0xa, 0xfe, 0xdf, 0xa0, 0x0, 0xa, 0xfd,

    /* U+00C2 "Â" */
    0x0, 0xd, 0xff, 0xd0, 0x0, 0x0, 0xe, 0xff,
    0xe0, 0x0, 0x1, 0x6e, 0x77, 0xe6, 0x10, 0x6,
    0xff, 0x33, 0xff, 0x60, 0x5, 0xff, 0x22, 0xff,
    0x50, 0x0, 0x0, 0x0, 0x0, 0x0, 0x0, 0x0,
    0x0, 0x0, 0x0, 0x0, 0xd, 0xff, 0xd0, 0x0,
    0x0, 0xe, 0xff, 0xe0, 0x0, 0x0, 0x4e, 0xff,
    0xe4, 0x0, 0x0, 0x7f, 0xff, 0xf7, 0x0, 0x0,
    0x7f, 0xdd, 0xf7, 0x0, 0x5, 0xff, 0x22, 0xff,
    0x50, 0x6, 0xff, 0x22, 0xff, 0x60, 0x9, 0xfc,
    0x0, 0xcf, 0x90, 0xf, 0xf9, 0x0, 0x9f, 0xf0,
    0xf, 0xf8, 0x0, 0x8f, 0xf0, 0xf, 0xff, 0xff,
    0xff, 0xf0, 0xf, 0xff, 0xff, 0xff, 0xf0, 0xaf,
    0xb3, 0x33, 0x3b, 0xfa, 0xef, 0xb0, 0x0, 0xb,
    0xfe, 0xdf, 0x90, 0x0, 0x9, 0xfd, 0xef, 0xa0,
    0x0, 0xa, 0xfe, 0xdf, 0xa0, 0x0, 0xa, 0xfd,

    /* U+00C3 "Ã" */
    0x0, 0xff, 0xfa, 0x0, 0xfd, 0x1, 0xff, 0xfb,
    0x1, 0xfe, 0x56, 0x66, 0xcc, 0x66, 0x65, 0xef,
    0x10, 0xbf, 0xff, 0x10, 0xdf, 0x0, 0xaf, 0xff,
    0x0, 0x0, 0x0, 0x0, 0x0, 0x0, 0x0, 0x0,
    0x0, 0x0, 0x0, 0x0, 0xd, 0xff, 0xd0, 0x0,
    0x0, 0xe, 0xff, 0xe0, 0x0, 0x0, 0x4e, 0xff,
    0xe4, 0x0, 0x0, 0x7f, 0xff, 0xf7, 0x0, 0x0,
    0x7f, 0xdd, 0xf7, 0x0, 0x5, 0xff, 0x22, 0xff,
    0x50, 0x6, 0xff, 0x22, 0xff, 0x60, 0x9, 0xfc,
    0x0, 0xcf, 0x90, 0xf, 0xf9, 0x0, 0x9f, 0xf0,
    0xf, 0xf8, 0x0, 0x8f, 0xf0, 0xf, 0xff, 0xff,
    0xff, 0xf0, 0xf, 0xff, 0xff, 0xff, 0xf0, 0xaf,
    0xb3, 0x33, 0x3b, 0xfa, 0xef, 0xb0, 0x0, 0xb,
    0xfe, 0xdf, 0x90, 0x0, 0x9, 0xfd, 0xef, 0xa0,
    0x0, 0xa, 0xfe, 0xdf, 0xa0, 0x0, 0xa, 0xfd,

    /* U+00C4 "Ä" */
    0x3, 0x65, 0x0, 0x56, 0x30, 0xa, 0xfe, 0x0,
    0xef, 0xa0, 0xa, 0xfd, 0x0, 0xdf, 0xa0, 0x0,
    0x0, 0x0, 0x0, 0x0, 0x0, 0x0, 0x0, 0x0,
    0x0, 0x0, 0xd, 0xff, 0xd0, 0x0, 0x0, 0xe,
    0xff, 0xe0, 0x0, 0x0, 0x4e, 0xff, 0xe4, 0x0,
    0x0, 0x7f, 0xff, 0xf7, 0x0, 0x0, 0x7f, 0xdd,
    0xf7, 0x0, 0x5, 0xff, 0x22, 0xff, 0x50, 0x6,
    0xff, 0x22, 0xff, 0x60, 0x9, 0xfc, 0x0, 0xcf,
    0x90, 0xf, 0xf9, 0x0, 0x9f, 0xf0, 0xf, 0xf8,
    0x0, 0x8f, 0xf0, 0xf, 0xff, 0xff, 0xff, 0xf0,
    0xf, 0xff, 0xff, 0xff, 0xf0, 0xaf, 0xb3, 0x33,
    0x3b, 0xfa, 0xef, 0xb0, 0x0, 0xb, 0xfe, 0xdf,
    0x90, 0x0, 0x9, 0xfd, 0xef, 0xa0, 0x0, 0xa,
    0xfe, 0xdf, 0xa0, 0x0, 0xa, 0xfd,

    /* U+00C5 "Å" */
    0x0, 0x26, 0x66, 0x62, 0x0, 0x0, 0x7f, 0xff,
    0xf7, 0x0, 0x0, 0x7f, 0xff, 0xf7, 0x0, 0x5,
    0xf8, 0x0, 0x8f, 0x50, 0x6, 0xf9, 0x0, 0x9f,
    0x60, 0x2, 0xab, 0x66, 0xba, 0x20, 0x0, 0x7f,
    0xff, 0xf7, 0x0, 0x0, 0x7f, 0xff, 0xf7, 0x0,
    0x0, 0x0, 0x0, 0x0, 0x0, 0x0, 0x0, 0x0,
    0x0, 0x0, 0x0, 0xd, 0xff, 0xd0, 0x0, 0x0,
    0xe, 0xff, 0xe0, 0x0, 0x0, 0x4e, 0xff, 0xe4,
    0x0, 0x0, 0x7f, 0xff, 0xf7, 0x0, 0x0, 0x7f,
    0xdd, 0xf7, 0x0, 0x5, 0xff, 0x22, 0xff, 0x50,
    0x6, 0xff, 0x22, 0xff, 0x60, 0x9, 0xfc, 0x0,
    0xcf, 0x90, 0xf, 0xf9, 0x0, 0x9f, 0xf0, 0xf,
    0xf8, 0x0, 0x8f, 0xf0, 0xf, 0xff, 0xff, 0xff,
    0xf0, 0xf, 0xff, 0xff, 0xff, 0xf0, 0xaf, 0xb3,
    0x33, 0x3b, 0xfa, 0xef, 0xb0, 0x0, 0xb, 0xfe,
    0xdf, 0x90, 0x0, 0x9, 0xfd, 0xef, 0xa0, 0x0,
    0xa, 0xfe, 0xdf, 0xa0, 0x0, 0xa, 0xfd,

    /* U+00C6 "Æ" */
    0x0, 0xff, 0xff, 0xff, 0xfd, 0x1, 0xff, 0xff,
    0xff, 0xfe, 0x6, 0xf8, 0x6f, 0xfa, 0x65, 0xb,
    0xf4, 0x1f, 0xf7, 0x0, 0xa, 0xf3, 0xf, 0xf7,
    0x0, 0x3f, 0xf3, 0xf, 0xf7, 0x0, 0x4f, 0xf4,
    0x1f, 0xf7, 0x0, 0x3f, 0xf3, 0xf, 0xfa, 0x65,
    0x4f, 0xf4, 0x1f, 0xff, 0xfe, 0x4f, 0xf3, 0xf,
    0xff, 0xfd, 0xdf, 0xff, 0xff, 0xf7, 0x0, 0xef,
    0xff, 0xff, 0xf7, 0x0, 0xdf, 0xc6, 0x6f, 0xf6,
    0x0, 0xef, 0xb0, 0x1f, 0xf7, 0x0, 0xdf, 0x90,
    0xf, 0xfa, 0x65, 0xef, 0xa0, 0x1f, 0xff, 0xfe,
    0xdf, 0xa0, 0xf, 0xff, 0xfd,

    /* U+00C7 "Ç" */
    0x0, 0x7f, 0xff, 0xff, 0xa0, 0x0, 0x8f, 0xff,
    0xff, 0xb0, 0x0, 0x7e, 0x66, 0x6c, 0xa0, 0xa,
    0xfe, 0x0, 0xb, 0xfd, 0xa, 0xfd, 0x0, 0xa,
    0xfd, 0xdf, 0xa0, 0x0, 0x0, 0x0, 0xef, 0xa0,
    0x0, 0x0, 0x0, 0xdf, 0x90, 0x0, 0x0, 0x0,
    0xef, 0xb0, 0x0, 0x0, 0x0, 0xdf, 0xa0, 0x0,
    0x0, 0x0, 0xdf, 0xa0, 0x0, 0x0, 0x0, 0xdf,
    0xb0, 0x0, 0x0, 0x0, 0x2b, 0xc5, 0x0, 0x3,
    0x65, 0xb, 0xfe, 0x0, 0xa, 0xfe, 0x5, 0xce,
    0x66, 0x6c, 0xd7, 0x0, 0x7f, 0xff, 0xff, 0xa0,
    0x0, 0x7f, 0xff, 0xff, 0xa0, 0x0, 0x0, 0xf,
    0xd0, 0x0, 0x0, 0x0, 0x1f, 0xe0, 0x0, 0x0,
    0x3, 0x6f, 0x50, 0x0, 0x0, 0x9, 0xff, 0x0,
    0x0, 0x0, 0x8, 0xff, 0x0, 0x0,

    /* U+00C8 "È" */
    0x7, 0xff, 0x0, 0x0, 0x7, 0xff, 0x10, 0x0,
    0x2, 0x8f, 0x61, 0x0, 0x0, 0x4f, 0xf4, 0x0,
    0x0, 0x3f, 0xf3, 0x0, 0x0, 0x0, 0x0, 0x0,
    0x0, 0x0, 0x0, 0x0, 0xaf, 0xff, 0xff, 0xfa,
    0xaf, 0xff, 0xff, 0xfa, 0x9f, 0xe6, 0x66, 0x63,
    0xbf, 0xe0, 0x0, 0x0, 0xaf, 0xd0, 0x0, 0x0,
    0xaf, 0xd0, 0x0, 0x0, 0xbf, 0xe0, 0x0, 0x0,
    0x9f, 0xe6, 0x66, 0x63, 0xaf, 0xff, 0xff, 0xfa,
    0xaf, 0xff, 0xff, 0xfa, 0xaf, 0xd0, 0x0, 0x0,
    0xaf, 0xe0, 0x0, 0x0, 0xaf, 0xd0, 0x0, 0x0,
    0xbf, 0xe0, 0x0, 0x0, 0x9f, 0xe6, 0x66, 0x63,
    0xaf, 0xff, 0xff, 0xfa, 0xaf, 0xff, 0xff, 0xfa,

    /* U+00C9 "É" */
    0x0, 0x0, 0xff, 0x70, 0x0, 0x1, 0xff, 0x70,
    0x0, 0x16, 0xf8, 0x20, 0x0, 0x4f, 0xf4, 0x0,
    0x0, 0x4f, 0xf3, 0x0, 0x0, 0x0, 0x0, 0x0,
    0x0, 0x0, 0x0, 0x0, 0xaf, 0xff, 0xff, 0xfa,
    0xaf, 0xff, 0xff, 0xfa, 0x9f, 0xe6, 0x66, 0x63,
    0xbf, 0xe0, 0x0, 0x0, 0xaf, 0xd0, 0x0, 0x0,
    0xaf, 0xd0, 0x0, 0x0, 0xbf, 0xe0, 0x0, 0x0,
    0x9f, 0xe6, 0x66, 0x63, 0xaf, 0xff, 0xff, 0xfa,
    0xaf, 0xff, 0xff, 0xfa, 0xaf, 0xd0, 0x0, 0x0,
    0xaf, 0xe0, 0x0, 0x0, 0xaf, 0xd0, 0x0, 0x0,
    0xbf, 0xe0, 0x0, 0x0, 0x9f, 0xe6, 0x66, 0x63,
    0xaf, 0xff, 0xff, 0xfa, 0xaf, 0xff, 0xff, 0xfa,

    /* U+00CA "Ê" */
    0x0, 0xdf, 0xfd, 0x0, 0x0, 0xef, 0xfe, 0x0,
    0x16, 0xe7, 0x7e, 0x61, 0x6f, 0xf3, 0x3f, 0xf6,
    0x5f, 0xf2, 0x2f, 0xf5, 0x0, 0x0, 0x0, 0x0,
    0x0, 0x0, 0x0, 0x0, 0xaf, 0xff, 0xff, 0xfa,
    0xaf, 0xff, 0xff, 0xfa, 0x9f, 0xe6, 0x66, 0x63,
    0xbf, 0xe0, 0x0, 0x0, 0xaf, 0xd0, 0x0, 0x0,
    0xaf, 0xd0, 0x0, 0x0, 0xbf, 0xe0, 0x0, 0x0,
    0x9f, 0xe6, 0x66, 0x63, 0xaf, 0xff, 0xff, 0xfa,
    0xaf, 0xff, 0xff, 0xfa, 0xaf, 0xd0, 0x0, 0x0,
    0xaf, 0xe0, 0x0, 0x0, 0xaf, 0xd0, 0x0, 0x0,
    0xbf, 0xe0, 0x0, 0x0, 0x9f, 0xe6, 0x66, 0x63,
    0xaf, 0xff, 0xff, 0xfa, 0xaf, 0xff, 0xff, 0xfa,

    /* U+00CB "Ë" */
    0x36, 0x50, 0x5, 0x63, 0xaf, 0xe0, 0xe, 0xfa,
    0xaf, 0xd0, 0xd, 0xfa, 0x0, 0x0, 0x0, 0x0,
    0x0, 0x0, 0x0, 0x0, 0xaf, 0xff, 0xff, 0xfa,
    0xaf, 0xff, 0xff, 0xfa, 0x9f, 0xe6, 0x66, 0x63,
    0xbf, 0xe0, 0x0, 0x0, 0xaf, 0xd0, 0x0, 0x0,
    0xaf, 0xd0, 0x0, 0x0, 0xbf, 0xe0, 0x0, 0x0,
    0x9f, 0xe6, 0x66, 0x63, 0xaf, 0xff, 0xff, 0xfa,
    0xaf, 0xff, 0xff, 0xfa, 0xaf, 0xd0, 0x0, 0x0,
    0xaf, 0xe0, 0x0, 0x0, 0xaf, 0xd0, 0x0, 0x0,
    0xbf, 0xe0, 0x0, 0x0, 0x9f, 0xe6, 0x66, 0x63,
    0xaf, 0xff, 0xff, 0xfa, 0xaf, 0xff, 0xff, 0xfa,

    /* U+00CC "Ì" */
    0x7, 0xff, 0x0, 0x0, 0x7, 0xff, 0x10, 0x0,
    0x2, 0x8f, 0x61, 0x0, 0x0, 0x4f, 0xf4, 0x0,
    0x0, 0x3f, 0xf3, 0x0, 0x0, 0x0, 0x0, 0x0,
    0x0, 0x0, 0x0, 0x0, 0xf, 0xff, 0xff, 0xf0,
    0x1f, 0xff, 0xff, 0xf1, 0x6, 0x8f, 0xf8, 0x60,
    0x0, 0x4f, 0xf4, 0x0, 0x0, 0x3f, 0xf3, 0x0,
    0x0, 0x4f, 0xf4, 0x0, 0x0, 0x4f, 0xf4, 0x0,
    0x0, 0x3f, 0xf3, 0x0, 0x0, 0x4f, 0xf4, 0x0,
    0x0, 0x3f, 0xf3, 0x0, 0x0, 0x4f, 0xf4, 0x0,
    0x0, 0x4f, 0xf4, 0x0, 0x0, 0x3f, 0xf3, 0x0,
    0x0, 0x4f, 0xf4, 0x0, 0x6, 0x8f, 0xf8, 0x60,
    0x1f, 0xff, 0xff, 0xf1, 0xf, 0xff, 0xff, 0xf0,

    /* U+00CD "Í" */
    0x0, 0x0, 0xff, 0x70, 0x0, 0x1, 0xff, 0x70,
    0x0, 0x16, 0xf8, 0x20, 0x0, 0x4f, 0xf4, 0x0,
    0x0, 0x4f, 0xf3, 0x0, 0x0, 0x0, 0x0, 0x0,
    0x0, 0x0, 0x0, 0x0, 0xf, 0xff, 0xff, 0xf0,
    0x1f, 0xff, 0xff, 0xf1, 0x6, 0x8f, 0xf8, 0x60,
    0x0, 0x4f, 0xf4, 0x0, 0x0, 0x3f, 0xf3, 0x0,
    0x0, 0x4f, 0xf4, 0x0, 0x0, 0x4f, 0xf4, 0x0,
    0x0, 0x3f, 0xf3, 0x0, 0x0, 0x4f, 0xf4, 0x0,
    0x0, 0x3f, 0xf3, 0x0, 0x0, 0x4f, 0xf4, 0x0,
    0x0, 0x4f, 0xf4, 0x0, 0x0, 0x3f, 0xf3, 0x0,
    0x0, 0x4f, 0xf4, 0x0, 0x6, 0x8f, 0xf8, 0x60,
    0x1f, 0xff, 0xff, 0xf1, 0xf, 0xff, 0xff, 0xf0,

    /* U+00CE "Î" */
    0x0, 0xdf, 0xfd, 0x0, 0x0, 0xef, 0xfe, 0x0,
    0x16, 0xe7, 0x7e, 0x61, 0x6f, 0xf3, 0x3f, 0xf6,
    0x5f, 0xf2, 0x2f, 0xf5, 0x0, 0x0, 0x0, 0x0,
    0x0, 0x0, 0x0, 0x0, 0xf, 0xff, 0xff, 0xf0,
    0x1f, 0xff, 0xff, 0xf1, 0x6, 0x8f, 0xf8, 0x60,
    0x0, 0x4f, 0xf4, 0x0, 0x0, 0x3f, 0xf3, 0x0,
    0x0, 0x4f, 0xf4, 0x0, 0x0, 0x4f, 0xf4, 0x0,
    0x0, 0x3f, 0xf3, 0x0, 0x0, 0x4f, 0xf4, 0x0,
    0x0, 0x3f, 0xf3, 0x0, 0x0, 0x4f, 0xf4, 0x0,
    0x0, 0x4f, 0xf4, 0x0, 0x0, 0x3f, 0xf3, 0x0,
    0x0, 0x4f, 0xf4, 0x0, 0x6, 0x8f, 0xf8, 0x60,
    0x1f, 0xff, 0xff, 0xf1, 0xf, 0xff, 0xff, 0xf0,

    /* U+00CF "Ï" */
    0x36, 0x50, 0x5, 0x63, 0xaf, 0xe0, 0xe, 0xfa,
    0xaf, 0xd0, 0xd, 0xfa, 0x0, 0x0, 0x0, 0x0,
    0x0, 0x0, 0x0, 0x0, 0xf, 0xff, 0xff, 0xf0,
    0x1f, 0xff, 0xff, 0xf1, 0x6, 0x8f, 0xf8, 0x60,
    0x0, 0x4f, 0xf4, 0x0, 0x0, 0x3f, 0xf3, 0x0,
    0x0, 0x4f, 0xf4, 0x0, 0x0, 0x4f, 0xf4, 0x0,
    0x0, 0x3f, 0xf3, 0x0, 0x0, 0x4f, 0xf4, 0x0,
    0x0, 0x3f, 0xf3, 0x0, 0x0, 0x4f, 0xf4, 0x0,
    0x0, 0x4f, 0xf4, 0x0, 0x0, 0x3f, 0xf3, 0x0,
    0x0, 0x4f, 0xf4, 0x0, 0x6, 0x8f, 0xf8, 0x60,
    0x1f, 0xff, 0xff, 0xf1, 0xf, 0xff, 0xff, 0xf0,

    /* U+00D0 "Ð" */
    0xdf, 0xff, 0xff, 0xf7, 0x0, 0xef, 0xff, 0xff,
    0xf8, 0x0, 0x5c, 0xfe, 0x66, 0xe7, 0x0, 0xb,
    0xfe, 0x0, 0xef, 0xa0, 0xa, 0xfd, 0x0, 0xdf,
    0xa0, 0xa, 0xfd, 0x0, 0xa, 0xfd, 0xb, 0xfe,
    0x0, 0xb, 0xfe, 0x5c, 0xfe, 0x60, 0x9, 0xfd,
    0xef, 0xff, 0xf1, 0xa, 0xfe, 0xdf, 0xff, 0xf0,
    0xa, 0xfd, 0xa, 0xfd, 0x0, 0xa, 0xfd, 0xa,
    0xfd, 0x0, 0xa, 0xfd, 0xa, 0xfd, 0x0, 0xae,
    0xb2, 0xb, 0xfe, 0x0, 0xef, 0xb0, 0x5c, 0xfe,
    0x66, 0xec, 0x50, 0xef, 0xff, 0xff, 0xf7, 0x0,
    0xdf, 0xff, 0xff, 0xf7, 0x0,

    /* U+00D1 "Ñ" */
    0x0, 0xff, 0xfa, 0x0, 0xfd, 0x1, 0xff, 0xfb,
    0x1, 0xfe, 0x56, 0x66, 0xcc, 0x66, 0x65, 0xef,
    0x10, 0xbf, 0xff, 0x10, 0xdf, 0x0, 0xaf, 0xff,
    0x0, 0x0, 0x0, 0x0, 0x0, 0x0, 0x0, 0x0,
    0x0, 0x0, 0x0, 0xdf, 0xf4, 0x0, 0xa, 0xfd,
    0xef, 0xf4, 0x0, 0xb, 0xfe, 0xdf, 0xf3, 0x0,
    0xa, 0xfd, 0xdf, 0xff, 0x20, 0xa, 0xfd, 0xdf,
    0xff, 0x20, 0xa, 0xfd, 0xdf, 0xff, 0xf0, 0xa,
    0xfd, 0xef, 0xff, 0xf1, 0xa, 0xfd, 0xdf, 0xb6,
    0xfc, 0x3a, 0xfd, 0xef, 0xb4, 0xff, 0x4b, 0xfe,
    0xdf, 0xa3, 0xcf, 0x3a, 0xfd, 0xdf, 0xa0, 0x1f,
    0xff, 0xfd, 0xdf, 0xa0, 0xf, 0xff, 0xfd, 0xdf,
    0xa0, 0x2, 0xff, 0xfd, 0xef, 0xb0, 0x3, 0xff,
    0xfe, 0xdf, 0x90, 0x1, 0xce, 0xfd, 0xef, 0xa0,
    0x0, 0xa, 0xfd, 0xdf, 0xa0, 0x0, 0xa, 0xfd,

    /* U+00D2 "Ò" */
    0x0, 0x7f, 0xf0, 0x0, 0x0, 0x0, 0x7f, 0xf1,
    0x0, 0x0, 0x0, 0x28, 0xf6, 0x10, 0x0, 0x0,
    0x4, 0xff, 0x40, 0x0, 0x0, 0x3, 0xff, 0x30,
    0x0, 0x0, 0x0, 0x0, 0x0, 0x0, 0x0, 0x0,
    0x0, 0x0, 0x0, 0x0, 0x7f, 0xff, 0xf7, 0x0,
    0x0, 0x8f, 0xff, 0xf8, 0x0, 0x0, 0x7b, 0x66,
    0xb7, 0x0, 0xf, 0xf9, 0x0, 0x9f, 0xf0, 0xf,
    0xf8, 0x0, 0x8f, 0xf0, 0xdf, 0xa0, 0x0, 0xa,
    0xfd, 0xef, 0xa0, 0x0, 0xa, 0xfe, 0xdf, 0x90,
    0x0, 0x9, 0xfd, 0xef, 0xb0, 0x0, 0xb, 0xfe,
    0xdf, 0xa0, 0x0, 0xa, 0xfd, 0xdf, 0xa0, 0x0,
    0xa, 0xfd, 0xdf, 0xa0, 0x0, 0xa, 0xfd, 0x2f,
    0xe6, 0x0, 0x6e, 0xf2, 0xf, 0xf9, 0x0, 0x9f,
    0xf0, 0x8, 0xcb, 0x66, 0xbc, 0x80, 0x0, 0x7f,
    0xff, 0xf7, 0x0, 0x0, 0x7f, 0xff, 0xf7, 0x0,

    /* U+00D3 "Ó" */
    0x0, 0x0, 0xf, 0xf7, 0x0, 0x0, 0x0, 0x1f,
    0xf7, 0x0, 0x0, 0x1, 0x6f, 0x82, 0x0, 0x0,
    0x4, 0xff, 0x40, 0x0, 0x0, 0x4, 0xff, 0x30,
    0x0, 0x0, 0x0, 0x0, 0x0, 0x0, 0x0, 0x0,
    0x0, 0x0, 0x0, 0x0, 0x7f, 0xff, 0xf7, 0x0,
    0x0, 0x8f, 0xff, 0xf8, 0x0, 0x0, 0x7b, 0x66,
    0xb7, 0x0, 0xf, 0xf9, 0x0, 0x9f, 0xf0, 0xf,
    0xf8, 0x0, 0x8f, 0xf0, 0xdf, 0xa0, 0x0, 0xa,
    0xfd, 0xef, 0xa0, 0x0, 0xa, 0xfe, 0xdf, 0x90,
    0x0, 0x9, 0xfd, 0xef, 0xb0, 0x0, 0xb, 0xfe,
    0xdf, 0xa0, 0x0, 0xa, 0xfd, 0xdf, 0xa0, 0x0,
    0xa, 0xfd, 0xdf, 0xa0, 0x0, 0xa, 0xfd, 0x2f,
    0xe6, 0x0, 0x6e, 0xf2, 0xf, 0xf9, 0x0, 0x9f,
    0xf0, 0x8, 0xcb, 0x66, 0xbc, 0x80, 0x0, 0x7f,
    0xff, 0xf7, 0x0, 0x0, 0x7f, 0xff, 0xf7, 0x0,

    /* U+00D4 "Ô" */
    0x0, 0xd, 0xff, 0xd0, 0x0, 0x0, 0xe, 0xff,
    0xe0, 0x0, 0x1, 0x6e, 0x77, 0xe6, 0x10, 0x6,
    0xff, 0x33, 0xff, 0x60, 0x5, 0xff, 0x22, 0xff,
    0x50, 0x0, 0x0, 0x0, 0x0, 0x0, 0x0, 0x0,
    0x0, 0x0, 0x0, 0x0, 0x7f, 0xff, 0xf7, 0x0,
    0x0, 0x8f, 0xff, 0xf8, 0x0, 0x0, 0x7b, 0x66,
    0xb7, 0x0, 0xf, 0xf9, 0x0, 0x9f, 0xf0, 0xf,
    0xf8, 0x0, 0x8f, 0xf0, 0xdf, 0xa0, 0x0, 0xa,
    0xfd, 0xef, 0xa0, 0x0, 0xa, 0xfe, 0xdf, 0x90,
    0x0, 0x9, 0xfd, 0xef, 0xb0, 0x0, 0xb, 0xfe,
    0xdf, 0xa0, 0x0, 0xa, 0xfd, 0xdf, 0xa0, 0x0,
    0xa, 0xfd, 0xdf, 0xa0, 0x0, 0xa, 0xfd, 0x2f,
    0xe6, 0x0, 0x6e, 0xf2, 0xf, 0xf9, 0x0, 0x9f,
    0xf0, 0x8, 0xcb, 0x66, 0xbc, 0x80, 0x0, 0x7f,
    0xff, 0xf7, 0x0, 0x0, 0x7f, 0xff, 0xf7, 0x0,

    /* U+00D5 "Õ" */
    0x0, 0xff, 0xfa, 0x0, 0xfd, 0x1, 0xff, 0xfb,
    0x1, 0xfe, 0x56, 0x66, 0xcc, 0x66, 0x65, 0xef,
    0x10, 0xbf, 0xff, 0x10, 0xdf, 0x0, 0xaf, 0xff,
    0x0, 0x0, 0x0, 0x0, 0x0, 0x0, 0x0, 0x0,
    0x0, 0x0, 0x0, 0x0, 0x7f, 0xff, 0xf7, 0x0,
    0x0, 0x8f, 0xff, 0xf8, 0x0, 0x0, 0x7b, 0x66,
    0xb7, 0x0, 0xf, 0xf9, 0x0, 0x9f, 0xf0, 0xf,
    0xf8, 0x0, 0x8f, 0xf0, 0xdf, 0xa0, 0x0, 0xa,
    0xfd, 0xef, 0xa0, 0x0, 0xa, 0xfe, 0xdf, 0x90,
    0x0, 0x9, 0xfd, 0xef, 0xb0, 0x0, 0xb, 0xfe,
    0xdf, 0xa0, 0x0, 0xa, 0xfd, 0xdf, 0xa0, 0x0,
    0xa, 0xfd, 0xdf, 0xa0, 0x0, 0xa, 0xfd, 0x2f,
    0xe6, 0x0, 0x6e, 0xf2, 0xf, 0xf9, 0x0, 0x9f,
    0xf0, 0x8, 0xcb, 0x66, 0xbc, 0x80, 0x0, 0x7f,
    0xff, 0xf7, 0x0, 0x0, 0x7f, 0xff, 0xf7, 0x0,

    /* U+00D6 "Ö" */
    0x3, 0x65, 0x0, 0x56, 0x30, 0xa, 0xfe, 0x0,
    0xef, 0xa0, 0xa, 0xfd, 0x0, 0xdf, 0xa0, 0x0,
    0x0, 0x0, 0x0, 0x0, 0x0, 0x0, 0x0, 0x0,
    0x0, 0x0, 0x7f, 0xff, 0xf7, 0x0, 0x0, 0x8f,
    0xff, 0xf8, 0x0, 0x0, 0x7b, 0x66, 0xb7, 0x0,
    0xf, 0xf9, 0x0, 0x9f, 0xf0, 0xf, 0xf8, 0x0,
    0x8f, 0xf0, 0xdf, 0xa0, 0x0, 0xa, 0xfd, 0xef,
    0xa0, 0x0, 0xa, 0xfe, 0xdf, 0x90, 0x0, 0x9,
    0xfd, 0xef, 0xb0, 0x0, 0xb, 0xfe, 0xdf, 0xa0,
    0x0, 0xa, 0xfd, 0xdf, 0xa0, 0x0, 0xa, 0xfd,
    0xdf, 0xa0, 0x0, 0xa, 0xfd, 0x2f, 0xe6, 0x0,
    0x6e, 0xf2, 0xf, 0xf9, 0x0, 0x9f, 0xf0, 0x8,
    0xcb, 0x66, 0xbc, 0x80, 0x0, 0x7f, 0xff, 0xf7,
    0x0, 0x0, 0x7f, 0xff, 0xf7, 0x0,

    /* U+00D7 "×" */
    0xaf, 0x30, 0x3, 0xfa, 0xaf, 0x40, 0x4, 0xfa,
    0x3d, 0x80, 0x8, 0xd3, 0xc, 0xf2, 0x2f, 0xc0,
    0xb, 0xf2, 0x2f, 0xb0, 0x0, 0x8f, 0xf8, 0x0,
    0x0, 0x9f, 0xf9, 0x0, 0x0, 0x8f, 0xf8, 0x0,
    0x0, 0x9f, 0xf9, 0x0, 0x0, 0x8d, 0xd8, 0x0,
    0xc, 0xf2, 0x2f, 0xc0, 0xc, 0xf2, 0x2f, 0xc0,
    0xaf, 0x30, 0x4, 0xfa, 0xaf, 0x40, 0x4, 0xfa,
    0x36, 0x10, 0x1, 0x63,

    /* U+00D8 "Ø" */
    0x0, 0x0, 0x0, 0xa, 0xfd, 0x0, 0x0, 0x0,
    0xa, 0xfd, 0x0, 0x7f, 0xff, 0xff, 0xf0, 0x0,
    0x7f, 0xff, 0xff, 0xf0, 0x6, 0xab, 0x67, 0xff,
    0xf5, 0xf, 0xf9, 0x3, 0xff, 0xfe, 0xf, 0xf8,
    0x2, 0xff, 0xfd, 0xdf, 0xa0, 0x3f, 0x6a, 0xfd,
    0xef, 0xa0, 0x3f, 0x6a, 0xfe, 0xdf, 0x90, 0x8d,
    0x29, 0xfd, 0xef, 0xb0, 0xdd, 0xb, 0xfe, 0xdf,
    0xa0, 0xcc, 0xa, 0xfd, 0xdf, 0xa6, 0xf3, 0xa,
    0xfd, 0xef, 0xa6, 0xf3, 0xa, 0xfd, 0xdf, 0xed,
    0x40, 0x6e, 0xf2, 0xef, 0xff, 0x30, 0x9f, 0xf0,
    0x7f, 0xff, 0x76, 0xbc, 0x80, 0xf, 0xff, 0xff,
    0xf7, 0x0, 0xf, 0xff, 0xff, 0xf7, 0x0, 0xdf,
    0xa0, 0x0, 0x0, 0x0, 0xef, 0xa0, 0x0, 0x0,
    0x0, 0x56, 0x30, 0x0, 0x0, 0x0,

    /* U+00D9 "Ù" */
    0x0, 0x7f, 0xf0, 0x0, 0x0, 0x0, 0x7f, 0xf1,
    0x0, 0x0, 0x0, 0x28, 0xf6, 0x10, 0x0, 0x0,
    0x4, 0xff, 0x40, 0x0, 0x0, 0x3, 0xff, 0x30,
    0x0, 0x0, 0x0, 0x0, 0x0, 0x0, 0x0, 0x0,
    0x0, 0x0, 0x0, 0xdf, 0xa0, 0x0, 0xa, 0xfd,
    0xef, 0xa0, 0x0, 0xa, 0xfe, 0xdf, 0x90, 0x0,
    0x9, 0xfd, 0xef, 0xb0, 0x0, 0xb, 0xfe, 0xdf,
    0xa0, 0x0, 0xa, 0xfd, 0xdf, 0xa0, 0x0, 0xa,
    0xfd, 0xef, 0xa0, 0x0, 0xa, 0xfe, 0xdf, 0x90,
    0x0, 0x9, 0xfd, 0xef, 0xb0, 0x0, 0xb, 0xfe,
    0xdf, 0x90, 0x0, 0xa, 0xfd, 0xef, 0xa0, 0x0,
    0xa, 0xfe, 0xdf, 0xa0, 0x0, 0xa, 0xfd, 0xdf,
    0xa0, 0x0, 0xa, 0xfd, 0xef, 0xb0, 0x0, 0xb,
    0xfe, 0x7d, 0xc6, 0x66, 0x6c, 0xd7, 0xa, 0xff,
    0xff, 0xff, 0xa0, 0xa, 0xff, 0xff, 0xff, 0xa0,

    /* U+00DA "Ú" */
    0x0, 0x0, 0xf, 0xf7, 0x0, 0x0, 0x0, 0x1f,
    0xf7, 0x0, 0x0, 0x1, 0x6f, 0x82, 0x0, 0x0,
    0x4, 0xff, 0x40, 0x0, 0x0, 0x4, 0xff, 0x30,
    0x0, 0x0, 0x0, 0x0, 0x0, 0x0, 0x0, 0x0,
    0x0, 0x0, 0x0, 0xdf, 0xa0, 0x0, 0xa, 0xfd,
    0xef, 0xa0, 0x0, 0xa, 0xfe, 0xdf, 0x90, 0x0,
    0x9, 0xfd, 0xef, 0xb0, 0x0, 0xb, 0xfe, 0xdf,
    0xa0, 0x0, 0xa, 0xfd, 0xdf, 0xa0, 0x0, 0xa,
    0xfd, 0xef, 0xa0, 0x0, 0xa, 0xfe, 0xdf, 0x90,
    0x0, 0x9, 0xfd, 0xef, 0xb0, 0x0, 0xb, 0xfe,
    0xdf, 0x90, 0x0, 0xa, 0xfd, 0xef, 0xa0, 0x0,
    0xa, 0xfe, 0xdf, 0xa0, 0x0, 0xa, 0xfd, 0xdf,
    0xa0, 0x0, 0xa, 0xfd, 0xef, 0xb0, 0x0, 0xb,
    0xfe, 0x7d, 0xc6, 0x66, 0x6c, 0xd7, 0xa, 0xff,
    0xff, 0xff, 0xa0, 0xa, 0xff, 0xff, 0xff, 0xa0,

    /* U+00DB "Û" */
    0x0, 0xd, 0xff, 0xd0, 0x0, 0x0, 0xe, 0xff,
    0xe0, 0x0, 0x1, 0x6e, 0x77, 0xe6, 0x10, 0x6,
    0xff, 0x33, 0xff, 0x60, 0x5, 0xff, 0x22, 0xff,
    0x50, 0x0, 0x0, 0x0, 0x0, 0x0, 0x0, 0x0,
    0x0, 0x0, 0x0, 0xdf, 0xa0, 0x0, 0xa, 0xfd,
    0xef, 0xa0, 0x0, 0xa, 0xfe, 0xdf, 0x90, 0x0,
    0x9, 0xfd, 0xef, 0xb0, 0x0, 0xb, 0xfe, 0xdf,
    0xa0, 0x0, 0xa, 0xfd, 0xdf, 0xa0, 0x0, 0xa,
    0xfd, 0xef, 0xa0, 0x0, 0xa, 0xfe, 0xdf, 0x90,
    0x0, 0x9, 0xfd, 0xef, 0xb0, 0x0, 0xb, 0xfe,
    0xdf, 0x90, 0x0, 0xa, 0xfd, 0xef, 0xa0, 0x0,
    0xa, 0xfe, 0xdf, 0xa0, 0x0, 0xa, 0xfd, 0xdf,
    0xa0, 0x0, 0xa, 0xfd, 0xef, 0xb0, 0x0, 0xb,
    0xfe, 0x7d, 0xc6, 0x66, 0x6c, 0xd7, 0xa, 0xff,
    0xff, 0xff, 0xa0, 0xa, 0xff, 0xff, 0xff, 0xa0,

    /* U+00DC "Ü" */
    0x3, 0x65, 0x0, 0x56, 0x30, 0xa, 0xfe, 0x0,
    0xef, 0xa0, 0xa, 0xfd, 0x0, 0xdf, 0xa0, 0x0,
    0x0, 0x0, 0x0, 0x0, 0x0, 0x0, 0x0, 0x0,
    0x0, 0xdf, 0xa0, 0x0, 0xa, 0xfd, 0xef, 0xa0,
    0x0, 0xa, 0xfe, 0xdf, 0x90, 0x0, 0x9, 0xfd,
    0xef, 0xb0, 0x0, 0xb, 0xfe, 0xdf, 0xa0, 0x0,
    0xa, 0xfd, 0xdf, 0xa0, 0x0, 0xa, 0xfd, 0xef,
    0xa0, 0x0, 0xa, 0xfe, 0xdf, 0x90, 0x0, 0x9,
    0xfd, 0xef, 0xb0, 0x0, 0xb, 0xfe, 0xdf, 0x90,
    0x0, 0xa, 0xfd, 0xef, 0xa0, 0x0, 0xa, 0xfe,
    0xdf, 0xa0, 0x0, 0xa, 0xfd, 0xdf, 0xa0, 0x0,
    0xa, 0xfd, 0xef, 0xb0, 0x0, 0xb, 0xfe, 0x7d,
    0xc6, 0x66, 0x6c, 0xd7, 0xa, 0xff, 0xff, 0xff,
    0xa0, 0xa, 0xff, 0xff, 0xff, 0xa0,

    /* U+00DD "Ý" */
    0x0, 0x0, 0xf, 0xf7, 0x0, 0x0, 0x0, 0x1f,
    0xf7, 0x0, 0x0, 0x1, 0x6f, 0x82, 0x0, 0x0,
    0x4, 0xff, 0x40, 0x0, 0x0, 0x4, 0xff, 0x30,
    0x0, 0x0, 0x0, 0x0, 0x0, 0x0, 0x0, 0x0,
    0x0, 0x0, 0x0, 0xdf, 0xa0, 0x0, 0xa, 0xfd,
    0xef, 0xa0, 0x0, 0xa, 0xfe, 0xdf, 0xa0, 0x0,
    0xa, 0xfd, 0xef, 0xb0, 0x0, 0xb, 0xfe, 0xae,
    0xa0, 0x0, 0xa, 0xea, 0xa, 0xfd, 0x0, 0xdf,
    0xa0, 0xa, 0xfe, 0x0, 0xef, 0xa0, 0x3, 0xae,
    0x99, 0xea, 0x30, 0x0, 0x7f, 0xff, 0xf7, 0x0,
    0x0, 0x5d, 0xff, 0xd5, 0x0, 0x0, 0x4, 0xff,
    0x40, 0x0, 0x0, 0x4, 0xff, 0x40, 0x0, 0x0,
    0x3, 0xff, 0x30, 0x0, 0x0, 0x4, 0xff, 0x40,
    0x0, 0x0, 0x3, 0xff, 0x30, 0x0, 0x0, 0x4,
    0xff, 0x40, 0x0, 0x0, 0x4, 0xff, 0x30, 0x0,

    /* U+00DE "Þ" */
    0xdf, 0xfd, 0x0, 0x0, 0x0, 0xef, 0xfe, 0x0,
    0x0, 0x0, 0x5c, 0xfe, 0x66, 0x62, 0x0, 0xb,
    0xff, 0xff, 0xf7, 0x0, 0xa, 0xff, 0xff, 0xf7,
    0x0, 0xa, 0xfd, 0x0, 0x8f, 0xf0, 0xb, 0xfe,
    0x0, 0x9f, 0xf0, 0x9, 0xfd, 0x0, 0x5d, 0xf5,
    0xa, 0xfe, 0x0, 0xa, 0xfe, 0xa, 0xfd, 0x0,
    0x1b, 0xfa, 0xa, 0xfd, 0x0, 0x9f, 0xf0, 0xa,
    0xfd, 0x0, 0x8f, 0xf0, 0xa, 0xff, 0xff, 0xf8,
    0x20, 0xb, 0xff, 0xff, 0xf7, 0x0, 0x5c, 0xfe,
    0x66, 0x62, 0x0, 0xef, 0xfe, 0x0, 0x0, 0x0,
    0xdf, 0xfd, 0x0, 0x0, 0x0,

    /* U+00DF "ß" */
    0x0, 0x7f, 0xff, 0xff, 0xa0, 0x0, 0x7f, 0xff,
    0xff, 0xb0, 0x3, 0xae, 0x66, 0x6c, 0xc5, 0xa,
    0xfe, 0x0, 0xb, 0xfe, 0xa, 0xfd, 0x0, 0xa,
    0xfd, 0xdf, 0xfd, 0x0, 0xa, 0xfd, 0xef, 0xfe,
    0x0, 0xb, 0xfe, 0x5c, 0xfd, 0x6, 0x6c, 0xc5,
    0xb, 0xfe, 0x1f, 0xff, 0xb0, 0xa, 0xfd, 0xf,
    0xff, 0xa0, 0xa, 0xfd, 0x0, 0xa, 0xfd, 0xa,
    0xfe, 0x0, 0xa, 0xfe, 0xa, 0xfd, 0x0, 0xa,
    0xfd, 0xb, 0xfe, 0x0, 0xb, 0xfe, 0x5c, 0xfd,
    0x6, 0x6c, 0xd7, 0xef, 0xfe, 0x1f, 0xff, 0xa0,
    0xdf, 0xfd, 0xf, 0xff, 0xa0,

    /* U+00E0 "à" */
    0x0, 0x7f, 0xf1, 0x0, 0x0, 0x0, 0x7f, 0xf0,
    0x0, 0x0, 0x0, 0x4, 0xff, 0x30, 0x0, 0x0,
    0x4, 0xff, 0x40, 0x0, 0x0, 0x1, 0x66, 0x10,
    0x0, 0x0, 0x0, 0x0, 0x0, 0x0, 0x0, 0x0,
    0x0, 0x0, 0x0, 0x0, 0xff, 0xff, 0xf7, 0x0,
    0x1, 0xff, 0xff, 0xf7, 0x0, 0x0, 0x66, 0x66,
    0xec, 0x50, 0x0, 0x0, 0x0, 0xef, 0xb0, 0x0,
    0x0, 0x0, 0xdf, 0xa0, 0xa, 0xff, 0xff, 0xff,
    0xa0, 0xa, 0xff, 0xff, 0xff, 0xa0, 0xdf, 0xa0,
    0x0, 0xdf, 0xa0, 0xef, 0xb0, 0x0, 0xef, 0xb0,
    0x5c, 0xc6, 0x66, 0x6c, 0xc5, 0xb, 0xff, 0xff,
    0x4b, 0xfe, 0xa, 0xff, 0xff, 0x3a, 0xfd,

    /* U+00E1 "á" */
    0x0, 0x0, 0xf, 0xf7, 0x0, 0x0, 0x0, 0x1f,
    0xf7, 0x0, 0x0, 0x4, 0xff, 0x30, 0x0, 0x0,
    0x4, 0xff, 0x40, 0x0, 0x0, 0x1, 0x66, 0x10,
    0x0, 0x0, 0x0, 0x0, 0x0, 0x0, 0x0, 0x0,
    0x0, 0x0, 0x0, 0x0, 0xff, 0xff, 0xf7, 0x0,
    0x1, 0xff, 0xff, 0xf7, 0x0, 0x0, 0x66, 0x66,
    0xec, 0x50, 0x0, 0x0, 0x0, 0xef, 0xb0, 0x0,
    0x0, 0x0, 0xdf, 0xa0, 0xa, 0xff, 0xff, 0xff,
    0xa0, 0xa, 0xff, 0xff, 0xff, 0xa0, 0xdf, 0xa0,
    0x0, 0xdf, 0xa0, 0xef, 0xb0, 0x0, 0xef, 0xb0,
    0x5c, 0xc6, 0x66, 0x6c, 0xc5, 0xb, 0xff, 0xff,
    0x4b, 0xfe, 0xa, 0xff, 0xff, 0x3a, 0xfd,

    /* U+00E2 "â" */
    0x0, 0xd, 0xff, 0xd0, 0x0, 0x0, 0xd, 0xff,
    0xd0, 0x0, 0x5, 0xff, 0x22, 0xff, 0x50, 0x6,
    0xff, 0x22, 0xff, 0x60, 0x1, 0x66, 0x0, 0x66,
    0x10, 0x0, 0x0, 0x0, 0x0, 0x0, 0x0, 0x0,
    0x0, 0x0, 0x0, 0x0, 0xff, 0xff, 0xf7, 0x0,
    0x1, 0xff, 0xff, 0xf7, 0x0, 0x0, 0x66, 0x66,
    0xec, 0x50, 0x0, 0x0, 0x0, 0xef, 0xb0, 0x0,
    0x0, 0x0, 0xdf, 0xa0, 0xa, 0xff, 0xff, 0xff,
    0xa0, 0xa, 0xff, 0xff, 0xff, 0xa0, 0xdf, 0xa0,
    0x0, 0xdf, 0xa0, 0xef, 0xb0, 0x0, 0xef, 0xb0,
    0x5c, 0xc6, 0x66, 0x6c, 0xc5, 0xb, 0xff, 0xff,
    0x4b, 0xfe, 0xa, 0xff, 0xff, 0x3a, 0xfd,

    /* U+00E3 "ã" */
    0x0, 0xff, 0xfa, 0x0, 0xfd, 0x1, 0xff, 0xfa,
    0x1, 0xfd, 0xdf, 0x0, 0xaf, 0xff, 0x0, 0xef,
    0x10, 0xaf, 0xff, 0x10, 0x56, 0x0, 0x36, 0x66,
    0x0, 0x0, 0x0, 0x0, 0x0, 0x0, 0x0, 0x0,
    0x0, 0x0, 0x0, 0x0, 0xff, 0xff, 0xf7, 0x0,
    0x1, 0xff, 0xff, 0xf7, 0x0, 0x0, 0x66, 0x66,
    0xec, 0x50, 0x0, 0x0, 0x0, 0xef, 0xb0, 0x0,
    0x0, 0x0, 0xdf, 0xa0, 0xa, 0xff, 0xff, 0xff,
    0xa0, 0xa, 0xff, 0xff, 0xff, 0xa0, 0xdf, 0xa0,
    0x0, 0xdf, 0xa0, 0xef, 0xb0, 0x0, 0xef, 0xb0,
    0x5c, 0xc6, 0x66, 0x6c, 0xc5, 0xb, 0xff, 0xff,
    0x4b, 0xfe, 0xa, 0xff, 0xff, 0x3a, 0xfd,

    /* U+00E4 "ä" */
    0xa, 0xfd, 0x0, 0xdf, 0xa0, 0xa, 0xfe, 0x0,
    0xef, 0xa0, 0x3, 0x65, 0x0, 0x56, 0x30, 0x0,
    0x0, 0x0, 0x0, 0x0, 0x0, 0x0, 0x0, 0x0,
    0x0, 0x0, 0xff, 0xff, 0xf7, 0x0, 0x1, 0xff,
    0xff, 0xf7, 0x0, 0x0, 0x66, 0x66, 0xec, 0x50,
    0x0, 0x0, 0x0, 0xef, 0xb0, 0x0, 0x0, 0x0,
    0xdf, 0xa0, 0xa, 0xff, 0xff, 0xff, 0xa0, 0xa,
    0xff, 0xff, 0xff, 0xa0, 0xdf, 0xa0, 0x0, 0xdf,
    0xa0, 0xef, 0xb0, 0x0, 0xef, 0xb0, 0x5c, 0xc6,
    0x66, 0x6c, 0xc5, 0xb, 0xff, 0xff, 0x4b, 0xfe,
    0xa, 0xff, 0xff, 0x3a, 0xfd,

    /* U+00E5 "å" */
    0x0, 0x26, 0x66, 0x62, 0x0, 0x0, 0x7f, 0xff,
    0xf7, 0x0, 0x0, 0x7f, 0xff, 0xf7, 0x0, 0x5,
    0xf8, 0x0, 0x9f, 0x50, 0x5, 0xf8, 0x0, 0x9f,
    0x50, 0x0, 0x7f, 0xff, 0xf7, 0x0, 0x0, 0x7f,
    0xff, 0xf7, 0x0, 0x0, 0x26, 0x66, 0x62, 0x0,
    0x0, 0x0, 0x0, 0x0, 0x0, 0x0, 0x0, 0x0,
    0x0, 0x0, 0x0, 0xff, 0xff, 0xf7, 0x0, 0x1,
    0xff, 0xff, 0xf7, 0x0, 0x0, 0x66, 0x66, 0xec,
    0x50, 0x0, 0x0, 0x0, 0xef, 0xb0, 0x0, 0x0,
    0x0, 0xdf, 0xa0, 0xa, 0xff, 0xff, 0xff, 0xa0,
    0xa, 0xff, 0xff, 0xff, 0xa0, 0xdf, 0xa0, 0x0,
    0xdf, 0xa0, 0xef, 0xb0, 0x0, 0xef, 0xb0, 0x5c,
    0xc6, 0x66, 0x6c, 0xc5, 0xb, 0xff, 0xff, 0x4b,
    0xfe, 0xa, 0xff, 0xff, 0x3a, 0xfd,

    /* U+00E6 "æ" */
    0x0, 0xff, 0xf0, 0xdf, 0xf4, 0x1, 0xff, 0xf1,
    0xef, 0xf4, 0x0, 0x66, 0xcc, 0xd6, 0xab, 0x0,
    0x0, 0xbf, 0xe0, 0x7e, 0x0, 0x0, 0xaf, 0xd0,
    0x7d, 0xa, 0xff, 0xff, 0xff, 0xfd, 0xa, 0xff,
    0xff, 0xff, 0xfd, 0xdf, 0xa0, 0xaf, 0xd0, 0x0,
    0xef, 0xb0, 0xbf, 0xe0, 0x0, 0x5c, 0xc6, 0xc6,
    0xc6, 0x65, 0xb, 0xff, 0xf1, 0xef, 0xfe, 0xa,
    0xff, 0xf0, 0xdf, 0xfd,

    /* U+00E7 "ç" */
    0x0, 0x7f, 0xff, 0xff, 0xa0, 0x0, 0x7f, 0xff,
    0xff, 0xb0, 0x3, 0xae, 0x66, 0x6c, 0xc5, 0xa,
    0xfe, 0x0, 0xb, 0xfe, 0xa, 0xfd, 0x0, 0xa,
    0xfd, 0xdf, 0xa0, 0x0, 0x0, 0x0, 0xef, 0xb0,
    0x0, 0x0, 0x0, 0x5c, 0xc5, 0x0, 0x3, 0x65,
    0xb, 0xfe, 0x0, 0xa, 0xfe, 0x5, 0xce, 0x66,
    0x6c, 0xd7, 0x0, 0x7f, 0xff, 0xff, 0xa0, 0x0,
    0x7f, 0xff, 0xff, 0xa0, 0x0, 0x0, 0xf, 0xd0,
    0x0, 0x0, 0x0, 0x1f, 0xe0, 0x0, 0x0, 0x3,
    0x6f, 0x50, 0x0, 0x0, 0x9, 0xff, 0x0, 0x0,
    0x0, 0x8, 0xff, 0x0, 0x0,

    /* U+00E8 "è" */
    0x0, 0xd, 0xfa, 0x0, 0x0, 0x0, 0xd, 0xfa,
    0x0, 0x0, 0x0, 0x0, 0xaf, 0xd0, 0x0, 0x0,
    0x0, 0xaf, 0xe0, 0x0, 0x0, 0x0, 0x36, 0x50,
    0x0, 0x0, 0x0, 0x0, 0x0, 0x0, 0x0, 0x0,
    0x0, 0x0, 0x0, 0x0, 0x7f, 0xff, 0xff, 0xa0,
    0x0, 0x7f, 0xff, 0xff, 0xa0, 0xf, 0xfb, 0x66,
    0x6c, 0xfd, 0xf, 0xf9, 0x0, 0xb, 0xfe, 0xf,
    0xf8, 0x0, 0xa, 0xfd, 0xdf, 0xff, 0xff, 0xff,
    0xfd, 0xef, 0xff, 0xff, 0xff, 0xfe, 0x5f, 0xfb,
    0x66, 0x66, 0x65, 0xf, 0xf9, 0x0, 0x0, 0x0,
    0x2, 0x8b, 0x66, 0x66, 0x30, 0x0, 0x8f, 0xff,
    0xff, 0xa0, 0x0, 0x7f, 0xff, 0xff, 0xa0,

    /* U+00E9 "é" */
    0x0, 0x0, 0x7, 0xff, 0x10, 0x0, 0x0, 0x7,
    0xff, 0x0, 0x0, 0x0, 0xaf, 0xd0, 0x0, 0x0,
    0x0, 0xaf, 0xe0, 0x0, 0x0, 0x0, 0x36, 0x50,
    0x0, 0x0, 0x0, 0x0, 0x0, 0x0, 0x0, 0x0,
    0x0, 0x0, 0x0, 0x0, 0x7f, 0xff, 0xff, 0xa0,
    0x0, 0x7f, 0xff, 0xff, 0xa0, 0xf, 0xfb, 0x66,
    0x6c, 0xfd, 0xf, 0xf9, 0x0, 0xb, 0xfe, 0xf,
    0xf8, 0x0, 0xa, 0xfd, 0xdf, 0xff, 0xff, 0xff,
    0xfd, 0xef, 0xff, 0xff, 0xff, 0xfe, 0x5f, 0xfb,
    0x66, 0x66, 0x65, 0xf, 0xf9, 0x0, 0x0, 0x0,
    0x2, 0x8b, 0x66, 0x66, 0x30, 0x0, 0x8f, 0xff,
    0xff, 0xa0, 0x0, 0x7f, 0xff, 0xff, 0xa0,

    /* U+00EA "ê" */
    0x0, 0x4, 0xff, 0xf7, 0x0, 0x0, 0x4, 0xff,
    0xf7, 0x0, 0x0, 0xcf, 0xb0, 0x8f, 0xf0, 0x0,
    0xcf, 0xc0, 0x9f, 0xf0, 0x0, 0x46, 0x40, 0x36,
    0x50, 0x0, 0x0, 0x0, 0x0, 0x0, 0x0, 0x0,
    0x0, 0x0, 0x0, 0x0, 0x7f, 0xff, 0xff, 0xa0,
    0x0, 0x7f, 0xff, 0xff, 0xa0, 0xf, 0xfb, 0x66,
    0x6c, 0xfd, 0xf, 0xf9, 0x0, 0xb, 0xfe, 0xf,
    0xf8, 0x0, 0xa, 0xfd, 0xdf, 0xff, 0xff, 0xff,
    0xfd, 0xef, 0xff, 0xff, 0xff, 0xfe, 0x5f, 0xfb,
    0x66, 0x66, 0x65, 0xf, 0xf9, 0x0, 0x0, 0x0,
    0x2, 0x8b, 0x66, 0x66, 0x30, 0x0, 0x8f, 0xff,
    0xff, 0xa0, 0x0, 0x7f, 0xff, 0xff, 0xa0,

    /* U+00EB "ë" */
    0x0, 0xff, 0x70, 0x4f, 0xf3, 0x1, 0xff, 0x70,
    0x4f, 0xf4, 0x0, 0x66, 0x20, 0x16, 0x61, 0x0,
    0x0, 0x0, 0x0, 0x0, 0x0, 0x0, 0x0, 0x0,
    0x0, 0x0, 0x7f, 0xff, 0xff, 0xa0, 0x0, 0x7f,
    0xff, 0xff, 0xa0, 0xf, 0xfb, 0x66, 0x6c, 0xfd,
    0xf, 0xf9, 0x0, 0xb, 0xfe, 0xf, 0xf8, 0x0,
    0xa, 0xfd, 0xdf, 0xff, 0xff, 0xff, 0xfd, 0xef,
    0xff, 0xff, 0xff, 0xfe, 0x5f, 0xfb, 0x66, 0x66,
    0x65, 0xf, 0xf9, 0x0, 0x0, 0x0, 0x2, 0x8b,
    0x66, 0x66, 0x30, 0x0, 0x8f, 0xff, 0xff, 0xa0,
    0x0, 0x7f, 0xff, 0xff, 0xa0,

    /* U+00EC "ì" */
    0x7, 0xff, 0x10, 0x0, 0x7, 0xff, 0x0, 0x0,
    0x0, 0x4f, 0xf3, 0x0, 0x0, 0x4f, 0xf4, 0x0,
    0x0, 0x16, 0x61, 0x0, 0x0, 0x0, 0x0, 0x0,
    0x0, 0x0, 0x0, 0x0, 0xf, 0xff, 0xf3, 0x0,
    0x1f, 0xff, 0xf4, 0x0, 0x6, 0x8f, 0xf3, 0x0,
    0x0, 0x4f, 0xf4, 0x0, 0x0, 0x3f, 0xf3, 0x0,
    0x0, 0x4f, 0xf4, 0x0, 0x0, 0x4f, 0xf4, 0x0,
    0x0, 0x3f, 0xf3, 0x0, 0x0, 0x4f, 0xf4, 0x0,
    0x36, 0x8f, 0xf8, 0x63, 0xaf, 0xff, 0xff, 0xfa,
    0xaf, 0xff, 0xff, 0xfa,

    /* U+00ED "í" */
    0x0, 0x0, 0xff, 0x70, 0x0, 0x1, 0xff, 0x70,
    0x0, 0x4f, 0xf3, 0x0, 0x0, 0x4f, 0xf4, 0x0,
    0x0, 0x16, 0x61, 0x0, 0x0, 0x0, 0x0, 0x0,
    0x0, 0x0, 0x0, 0x0, 0xf, 0xff, 0xf3, 0x0,
    0x1f, 0xff, 0xf4, 0x0, 0x6, 0x8f, 0xf3, 0x0,
    0x0, 0x4f, 0xf4, 0x0, 0x0, 0x3f, 0xf3, 0x0,
    0x0, 0x4f, 0xf4, 0x0, 0x0, 0x4f, 0xf4, 0x0,
    0x0, 0x3f, 0xf3, 0x0, 0x0, 0x4f, 0xf4, 0x0,
    0x36, 0x8f, 0xf8, 0x63, 0xaf, 0xff, 0xff, 0xfa,
    0xaf, 0xff, 0xff, 0xfa,

    /* U+00EE "î" */
    0x0, 0xdf, 0xfd, 0x0, 0x0, 0xdf, 0xfd, 0x0,
    0x5f, 0xf2, 0x2f, 0xf5, 0x6f, 0xf2, 0x2f, 0xf6,
    0x16, 0x60, 0x6, 0x61, 0x0, 0x0, 0x0, 0x0,
    0x0, 0x0, 0x0, 0x0, 0xf, 0xff, 0xf3, 0x0,
    0x1f, 0xff, 0xf4, 0x0, 0x6, 0x8f, 0xf3, 0x0,
    0x0, 0x4f, 0xf4, 0x0, 0x0, 0x3f, 0xf3, 0x0,
    0x0, 0x4f, 0xf4, 0x0, 0x0, 0x4f, 0xf4, 0x0,
    0x0, 0x3f, 0xf3, 0x0, 0x0, 0x4f, 0xf4, 0x0,
    0x36, 0x8f, 0xf8, 0x63, 0xaf, 0xff, 0xff, 0xfa,
    0xaf, 0xff, 0xff, 0xfa,

    /* U+00EF "ï" */
    0xaf, 0xd0, 0xd, 0xfa, 0xaf, 0xe0, 0xe, 0xfa,
    0x36, 0x50, 0x5, 0x63, 0x0, 0x0, 0x0, 0x0,
    0x0, 0x0, 0x0, 0x0, 0xf, 0xff, 0xf3, 0x0,
    0x1f, 0xff, 0xf4, 0x0, 0x6, 0x8f, 0xf3, 0x0,
    0x0, 0x4f, 0xf4, 0x0, 0x0, 0x3f, 0xf3, 0x0,
    0x0, 0x4f, 0xf4, 0x0, 0x0, 0x4f, 0xf4, 0x0,
    0x0, 0x3f, 0xf3, 0x0, 0x0, 0x4f, 0xf4, 0x0,
    0x36, 0x8f, 0xf8, 0x63, 0xaf, 0xff, 0xff, 0xfa,
    0xaf, 0xff, 0xff, 0xfa,

    /* U+00F0 "ð" */
    0x0, 0x0, 0x0, 0x36, 0x10, 0x0, 0x0, 0x0,
    0x9f, 0x60, 0x0, 0x0, 0x0, 0x8f, 0x50, 0x0,
    0x7f, 0xff, 0xf7, 0x0, 0x0, 0x7f, 0xff, 0xf7,
    0x0, 0x0, 0x0, 0x5f, 0xff, 0x50, 0x0, 0x0,
    0x6f, 0xff, 0x60, 0x0, 0x4, 0xaa, 0x7c, 0xa1,
    0x0, 0x9, 0xf6, 0xb, 0xf4, 0x0, 0x8, 0xf5,
    0xa, 0xf3, 0x0, 0x7f, 0xff, 0xff, 0xfd, 0x0,
    0x7f, 0xff, 0xff, 0xfe, 0xf, 0xfb, 0x66, 0x6c,
    0xfd, 0xf, 0xf9, 0x0, 0xb, 0xfe, 0xf, 0xe6,
    0x0, 0xa, 0xfd, 0xdf, 0xa0, 0x0, 0xa, 0xfd,
    0xef, 0xa0, 0x0, 0xa, 0xfd, 0x2f, 0xe6, 0x0,
    0xa, 0xfd, 0xf, 0xf9, 0x0, 0xb, 0xfe, 0x2,
    0x8b, 0x66, 0x6c, 0xb2, 0x0, 0x8f, 0xff, 0xff,
    0xb0, 0x0, 0x7f, 0xff, 0xff, 0xa0,

    /* U+00F1 "ñ" */
    0x0, 0xff, 0xfa, 0x0, 0xfd, 0x1, 0xff, 0xfa,
    0x1, 0xfd, 0xdf, 0x0, 0xaf, 0xff, 0x0, 0xef,
    0x10, 0xaf, 0xff, 0x10, 0x56, 0x0, 0x36, 0x66,
    0x0, 0x0, 0x0, 0x0, 0x0, 0x0, 0x0, 0x0,
    0x0, 0x0, 0x0, 0xdf, 0x58, 0xff, 0xff, 0x50,
    0xef, 0x69, 0xff, 0xff, 0x60, 0xdf, 0xb8, 0x66,
    0x6c, 0xb7, 0xef, 0xf9, 0x0, 0xb, 0xfe, 0xdf,
    0xe6, 0x0, 0xa, 0xfd, 0xdf, 0xa0, 0x0, 0xa,
    0xfd, 0xdf, 0xa0, 0x0, 0xa, 0xfd, 0xdf, 0xa0,
    0x0, 0xa, 0xfd, 0xef, 0xb0, 0x0, 0xb, 0xfe,
    0xdf, 0x90, 0x0, 0x9, 0xfd, 0xef, 0xa0, 0x0,
    0xa, 0xfe, 0xdf, 0xa0, 0x0, 0xa, 0xfd,

    /* U+00F2 "ò" */
    0x0, 0x7f, 0xf1, 0x0, 0x0, 0x0, 0x7f, 0xf0,
    0x0, 0x0, 0x0, 0x4, 0xff, 0x30, 0x0, 0x0,
    0x4, 0xff, 0x40, 0x0, 0x0, 0x1, 0x66, 0x10,
    0x0, 0x0, 0x0, 0x0, 0x0, 0x0, 0x0, 0x0,
    0x0, 0x0, 0x0, 0x0, 0x7f, 0xff, 0xf7, 0x0,
    0x0, 0x7f, 0xff, 0xf7, 0x0, 0xf, 0xfb, 0x66,
    0xbf, 0xf0, 0xf, 0xf9, 0x0, 0x9f, 0xf0, 0xf,
    0xf8, 0x0, 0x8f, 0xf0, 0xdf, 0xa0, 0x0, 0xa,
    0xfd, 0xef, 0xa0, 0x0, 0xa, 0xfd, 0x2f, 0xe6,
    0x0, 0x6e, 0xf2, 0xf, 0xf9, 0x0, 0x9f, 0xf0,
    0x2, 0x8b, 0x66, 0xb8, 0x20, 0x0, 0x8f, 0xff,
    0xf8, 0x0, 0x0, 0x7f, 0xff, 0xf7, 0x0,

    /* U+00F3 "ó" */
    0x0, 0x0, 0xf, 0xf7, 0x0, 0x0, 0x0, 0x1f,
    0xf7, 0x0, 0x0, 0x4, 0xff, 0x30, 0x0, 0x0,
    0x4, 0xff, 0x40, 0x0, 0x0, 0x1, 0x66, 0x10,
    0x0, 0x0, 0x0, 0x0, 0x0, 0x0, 0x0, 0x0,
    0x0, 0x0, 0x0, 0x0, 0x7f, 0xff, 0xf7, 0x0,
    0x0, 0x7f, 0xff, 0xf7, 0x0, 0xf, 0xfb, 0x66,
    0xbf, 0xf0, 0xf, 0xf9, 0x0, 0x9f, 0xf0, 0xf,
    0xf8, 0x0, 0x8f, 0xf0, 0xdf, 0xa0, 0x0, 0xa,
    0xfd, 0xef, 0xa0, 0x0, 0xa, 0xfd, 0x2f, 0xe6,
    0x0, 0x6e, 0xf2, 0xf, 0xf9, 0x0, 0x9f, 0xf0,
    0x2, 0x8b, 0x66, 0xb8, 0x20, 0x0, 0x8f, 0xff,
    0xf8, 0x0, 0x0, 0x7f, 0xff, 0xf7, 0x0,

    /* U+00F4 "ô" */
    0x0, 0xd, 0xff, 0xd0, 0x0, 0x0, 0xd, 0xff,
    0xd0, 0x0, 0x5, 0xff, 0x22, 0xff, 0x50, 0x6,
    0xff, 0x22, 0xff, 0x60, 0x1, 0x66, 0x0, 0x66,
    0x10, 0x0, 0x0, 0x0, 0x0, 0x0, 0x0, 0x0,
    0x0, 0x0, 0x0, 0x0, 0x7f, 0xff, 0xf7, 0x0,
    0x0, 0x7f, 0xff, 0xf7, 0x0, 0xf, 0xfb, 0x66,
    0xbf, 0xf0, 0xf, 0xf9, 0x0, 0x9f, 0xf0, 0xf,
    0xf8, 0x0, 0x8f, 0xf0, 0xdf, 0xa0, 0x0, 0xa,
    0xfd, 0xef, 0xa0, 0x0, 0xa, 0xfd, 0x2f, 0xe6,
    0x0, 0x6e, 0xf2, 0xf, 0xf9, 0x0, 0x9f, 0xf0,
    0x2, 0x8b, 0x66, 0xb8, 0x20, 0x0, 0x8f, 0xff,
    0xf8, 0x0, 0x0, 0x7f, 0xff, 0xf7, 0x0,

    /* U+00F5 "õ" */
    0x0, 0xff, 0xfa, 0x0, 0xfd, 0x1, 0xff, 0xfa,
    0x1, 0xfd, 0xdf, 0x0, 0xaf, 0xff, 0x0, 0xef,
    0x10, 0xaf, 0xff, 0x10, 0x56, 0x0, 0x36, 0x66,
    0x0, 0x0, 0x0, 0x0, 0x0, 0x0, 0x0, 0x0,
    0x0, 0x0, 0x0, 0x0, 0x7f, 0xff, 0xf7, 0x0,
    0x0, 0x7f, 0xff, 0xf7, 0x0, 0xf, 0xfb, 0x66,
    0xbf, 0xf0, 0xf, 0xf9, 0x0, 0x9f, 0xf0, 0xf,
    0xf8, 0x0, 0x8f, 0xf0, 0xdf, 0xa0, 0x0, 0xa,
    0xfd, 0xef, 0xa0, 0x0, 0xa, 0xfd, 0x2f, 0xe6,
    0x0, 0x6e, 0xf2, 0xf, 0xf9, 0x0, 0x9f, 0xf0,
    0x2, 0x8b, 0x66, 0xb8, 0x20, 0x0, 0x8f, 0xff,
    0xf8, 0x0, 0x0, 0x7f, 0xff, 0xf7, 0x0,

    /* U+00F6 "ö" */
    0xa, 0xfd, 0x0, 0xdf, 0xa0, 0xa, 0xfe, 0x0,
    0xef, 0xa0, 0x3, 0x65, 0x0, 0x56, 0x30, 0x0,
    0x0, 0x0, 0x0, 0x0, 0x0, 0x0, 0x0, 0x0,
    0x0, 0x0, 0x7f, 0xff, 0xf7, 0x0, 0x0, 0x7f,
    0xff, 0xf7, 0x0, 0xf, 0xfb, 0x66, 0xbf, 0xf0,
    0xf, 0xf9, 0x0, 0x9f, 0xf0, 0xf, 0xf8, 0x0,
    0x8f, 0xf0, 0xdf, 0xa0, 0x0, 0xa, 0xfd, 0xef,
    0xa0, 0x0, 0xa, 0xfd, 0x2f, 0xe6, 0x0, 0x6e,
    0xf2, 0xf, 0xf9, 0x0, 0x9f, 0xf0, 0x2, 0x8b,
    0x66, 0xb8, 0x20, 0x0, 0x8f, 0xff, 0xf8, 0x0,
    0x0, 0x7f, 0xff, 0xf7, 0x0,

    /* U+00F7 "÷" */
    0x0, 0x4f, 0xf3, 0x0, 0x0, 0x4f, 0xf4, 0x0,
    0x0, 0x3f, 0xf3, 0x0, 0x0, 0x4f, 0xf4, 0x0,
    0x0, 0x3c, 0xc3, 0x0, 0x0, 0x0, 0x0, 0x0,
    0x0, 0x0, 0x0, 0x0, 0x36, 0x66, 0x66, 0x63,
    0xaf, 0xff, 0xff, 0xfa, 0xaf, 0xff, 0xff, 0xfa,
    0x0, 0x0, 0x0, 0x0, 0x0, 0x0, 0x0, 0x0,
    0x0, 0x3c, 0xc3, 0x0, 0x0, 0x4f, 0xf4, 0x0,
    0x0, 0x3f, 0xf3, 0x0, 0x0, 0x4f, 0xf4, 0x0,
    0x0, 0x4f, 0xf3, 0x0,

    /* U+00F8 "ø" */
    0x0, 0x0, 0x0, 0x16, 0x61, 0x0, 0x0, 0x0,
    0x4f, 0xf4, 0x0, 0x0, 0x0, 0x4f, 0xf3, 0x0,
    0x7f, 0xff, 0xff, 0x10, 0x0, 0x7f, 0xff, 0xff,
    0x0, 0xf, 0xfb, 0x67, 0xff, 0xf0, 0xf, 0xf9,
    0x3, 0xff, 0xf0, 0xf, 0xf8, 0x2, 0xff, 0xf0,
    0xdf, 0xa0, 0xff, 0xa, 0xfd, 0xef, 0xa0, 0xff,
    0xa, 0xfd, 0x2f, 0xec, 0x42, 0x6e, 0xf2, 0xf,
    0xff, 0x30, 0x9f, 0xf0, 0x3, 0xff, 0x76, 0xb8,
    0x20, 0x1, 0xff, 0xff, 0xf8, 0x0, 0x0, 0xff,
    0xff, 0xf7, 0x0, 0x4f, 0xf3, 0x0, 0x0, 0x0,
    0x4f, 0xf4, 0x0, 0x0, 0x0, 0x16, 0x61, 0x0,
    0x0, 0x0,

    /* U+00F9 "ù" */
    0x0, 0x7f, 0xf1, 0x0, 0x0, 0x0, 0x7f, 0xf0,
    0x0, 0x0, 0x0, 0x4, 0xff, 0x30, 0x0, 0x0,
    0x4, 0xff, 0x40, 0x0, 0x0, 0x1, 0x66, 0x10,
    0x0, 0x0, 0x0, 0x0, 0x0, 0x0, 0x0, 0x0,
    0x0, 0x0, 0x0, 0xdf, 0xa0, 0x0, 0xa, 0xfd,
    0xef, 0xa0, 0x0, 0xa, 0xfe, 0xdf, 0x90, 0x0,
    0x9, 0xfd, 0xef, 0xb0, 0x0, 0xb, 0xfe, 0xdf,
    0xa0, 0x0, 0xa, 0xfd, 0xdf, 0xa0, 0x0, 0xa,
    0xfd, 0xdf, 0xa0, 0x0, 0xa, 0xfd, 0xdf, 0xe6,
    0x0, 0x6e, 0xfd, 0xef, 0xf9, 0x0, 0x9f, 0xfe,
    0x7b, 0xfb, 0x66, 0x8d, 0xfd, 0x6, 0xff, 0xff,
    0x9a, 0xfe, 0x5, 0xff, 0xff, 0x8a, 0xfd,

    /* U+00FA "ú" */
    0x0, 0x0, 0xf, 0xf7, 0x0, 0x0, 0x0, 0x1f,
    0xf7, 0x0, 0x0, 0x4, 0xff, 0x30, 0x0, 0x0,
    0x4, 0xff, 0x40, 0x0, 0x0, 0x1, 0x66, 0x10,
    0x0, 0x0, 0x0, 0x0, 0x0, 0x0, 0x0, 0x0,
    0x0, 0x0, 0x0, 0xdf, 0xa0, 0x0, 0xa, 0xfd,
    0xef, 0xa0, 0x0, 0xa, 0xfe, 0xdf, 0x90, 0x0,
    0x9, 0xfd, 0xef, 0xb0, 0x0, 0xb, 0xfe, 0xdf,
    0xa0, 0x0, 0xa, 0xfd, 0xdf, 0xa0, 0x0, 0xa,
    0xfd, 0xdf, 0xa0, 0x0, 0xa, 0xfd, 0xdf, 0xe6,
    0x0, 0x6e, 0xfd, 0xef, 0xf9, 0x0, 0x9f, 0xfe,
    0x7b, 0xfb, 0x66, 0x8d, 0xfd, 0x6, 0xff, 0xff,
    0x9a, 0xfe, 0x5, 0xff, 0xff, 0x8a, 0xfd,

    /* U+00FB "û" */
    0x0, 0xd, 0xff, 0xd0, 0x0, 0x0, 0xd, 0xff,
    0xd0, 0x0, 0x5, 0xff, 0x22, 0xff, 0x50, 0x6,
    0xff, 0x22, 0xff, 0x60, 0x1, 0x66, 0x0, 0x66,
    0x10, 0x0, 0x0, 0x0, 0x0, 0x0, 0x0, 0x0,
    0x0, 0x0, 0x0, 0xdf, 0xa0, 0x0, 0xa, 0xfd,
    0xef, 0xa0, 0x0, 0xa, 0xfe, 0xdf, 0x90, 0x0,
    0x9, 0xfd, 0xef, 0xb0, 0x0, 0xb, 0xfe, 0xdf,
    0xa0, 0x0, 0xa, 0xfd, 0xdf, 0xa0, 0x0, 0xa,
    0xfd, 0xdf, 0xa0, 0x0, 0xa, 0xfd, 0xdf, 0xe6,
    0x0, 0x6e, 0xfd, 0xef, 0xf9, 0x0, 0x9f, 0xfe,
    0x7b, 0xfb, 0x66, 0x8d, 0xfd, 0x6, 0xff, 0xff,
    0x9a, 0xfe, 0x5, 0xff, 0xff, 0x8a, 0xfd,

    /* U+00FC "ü" */
    0xa, 0xfd, 0x0, 0xdf, 0xa0, 0xa, 0xfe, 0x0,
    0xef, 0xa0, 0x3, 0x65, 0x0, 0x56, 0x30, 0x0,
    0x0, 0x0, 0x0, 0x0, 0x0, 0x0, 0x0, 0x0,
    0x0, 0xdf, 0xa0, 0x0, 0xa, 0xfd, 0xef, 0xa0,
    0x0, 0xa, 0xfe, 0xdf, 0x90, 0x0, 0x9, 0xfd,
    0xef, 0xb0, 0x0, 0xb, 0xfe, 0xdf, 0xa0, 0x0,
    0xa, 0xfd, 0xdf, 0xa0, 0x0, 0xa, 0xfd, 0xdf,
    0xa0, 0x0, 0xa, 0xfd, 0xdf, 0xe6, 0x0, 0x6e,
    0xfd, 0xef, 0xf9, 0x0, 0x9f, 0xfe, 0x7b, 0xfb,
    0x66, 0x8d, 0xfd, 0x6, 0xff, 0xff, 0x9a, 0xfe,
    0x5, 0xff, 0xff, 0x8a, 0xfd,

    /* U+00FD "ý" */
    0x0, 0x0, 0x0, 0xff, 0x70, 0x0, 0x0, 0x0,
    0x1f, 0xf7, 0x0, 0x0, 0x0, 0x4f, 0xf3, 0x0,
    0x0, 0x0, 0x4, 0xff, 0x40, 0x0, 0x0, 0x0,
    0x16, 0x61, 0x0, 0x0, 0x0, 0x0, 0x0, 0x0,
    0x0, 0x0, 0x0, 0x0, 0x0, 0x0, 0x2, 0xff,
    0x50, 0x0, 0xa, 0xfd, 0x2f, 0xf6, 0x0, 0x0,
    0xaf, 0xe0, 0x8f, 0xb2, 0x0, 0x5d, 0xf5, 0x4,
    0xff, 0x40, 0x9, 0xff, 0x0, 0x3d, 0xf6, 0x1,
    0xaf, 0xc0, 0x0, 0x5f, 0xf2, 0x7f, 0xf1, 0x0,
    0x5, 0xff, 0x27, 0xff, 0x10, 0x0, 0x1c, 0xf2,
    0xef, 0x80, 0x0, 0x0, 0xcf, 0x5f, 0xf7, 0x0,
    0x0, 0x6, 0xc2, 0xfc, 0x40, 0x0, 0x0, 0x9,
    0xff, 0x90, 0x0, 0x0, 0x0, 0x8f, 0xf8, 0x0,
    0x0, 0x0, 0x8, 0xff, 0x0, 0x0, 0x0, 0x0,
    0x9f, 0xf0, 0x0, 0x0, 0x5, 0x6b, 0xe9, 0x0,
    0x0, 0x0, 0xff, 0xfc, 0x0, 0x0, 0x0, 0xf,
    0xff, 0xb0, 0x0, 0x0,

    /* U+00FE "þ" */
    0xdf, 0xa0, 0x0, 0x0, 0x0, 0xef, 0xb0, 0x0,
    0x0, 0x0, 0xdf, 0x90, 0x0, 0x0, 0x0, 0xef,
    0xa0, 0x0, 0x0, 0x0, 0xdf, 0xa0, 0x0, 0x0,
    0x0, 0xdf, 0xff, 0xff, 0xf7, 0x0, 0xef, 0xff,
    0xff, 0xf7, 0x0, 0xdf, 0xc6, 0x66, 0xe8, 0x10,
    0xef, 0xb0, 0x0, 0xef, 0xa0, 0xdf, 0xa0, 0x0,
    0xdf, 0xa0, 0xdf, 0xa0, 0x0, 0xa, 0xfd, 0xef,
    0xa0, 0x0, 0xa, 0xfd, 0xdf, 0xa0, 0x0, 0xae,
    0xb2, 0xef, 0xb0, 0x0, 0xef, 0xb0, 0xdf, 0xc6,
    0x66, 0xec, 0x50, 0xef, 0xff, 0xff, 0xf7, 0x0,
    0xdf, 0xff, 0xff, 0xf7, 0x0, 0xdf, 0xa0, 0x0,
    0x0, 0x0, 0xef, 0xa0, 0x0, 0x0, 0x0, 0xdf,
    0xa0, 0x0, 0x0, 0x0, 0xef, 0xb0, 0x0, 0x0,
    0x0, 0xdf, 0xa0, 0x0, 0x0, 0x0,

    /* U+00FF "ÿ" */
    0x0, 0xaf, 0xd0, 0xd, 0xfa, 0x0, 0xa, 0xfe,
    0x0, 0xef, 0xa0, 0x0, 0x36, 0x50, 0x5, 0x63,
    0x0, 0x0, 0x0, 0x0, 0x0, 0x0, 0x0, 0x0,
    0x0, 0x0, 0x0, 0x2, 0xff, 0x50, 0x0, 0xa,
    0xfd, 0x2f, 0xf6, 0x0, 0x0, 0xaf, 0xe0, 0x8f,
    0xb2, 0x0, 0x5d, 0xf5, 0x4, 0xff, 0x40, 0x9,
    0xff, 0x0, 0x3d, 0xf6, 0x1, 0xaf, 0xc0, 0x0,
    0x5f, 0xf2, 0x7f, 0xf1, 0x0, 0x5, 0xff, 0x27,
    0xff, 0x10, 0x0, 0x1c, 0xf2, 0xef, 0x80, 0x0,
    0x0, 0xcf, 0x5f, 0xf7, 0x0, 0x0, 0x6, 0xc2,
    0xfc, 0x40, 0x0, 0x0, 0x9, 0xff, 0x90, 0x0,
    0x0, 0x0, 0x8f, 0xf8, 0x0, 0x0, 0x0, 0x8,
    0xff, 0x0, 0x0, 0x0, 0x0, 0x9f, 0xf0, 0x0,
    0x0, 0x5, 0x6b, 0xe9, 0x0, 0x0, 0x0, 0xff,
    0xfc, 0x0, 0x0, 0x0, 0xf, 0xff, 0xb0, 0x0,
    0x0
};


/*---------------------
 *  GLYPH DESCRIPTION
 *--------------------*/

static const lv_font_fmt_txt_glyph_dsc_t glyph_dsc[] = {
    {.bitmap_index = 0, .adv_w = 0, .box_w = 0, .box_h = 0, .ofs_x = 0, .ofs_y = 0} /* id = 0 reserved */,
    {.bitmap_index = 0, .adv_w = 192, .box_w = 0, .box_h = 0, .ofs_x = 0, .ofs_y = 0},
    {.bitmap_index = 0, .adv_w = 192, .box_w = 4, .box_h = 17, .ofs_x = 4, .ofs_y = 0},
    {.bitmap_index = 34, .adv_w = 192, .box_w = 8, .box_h = 5, .ofs_x = 2, .ofs_y = 14},
    {.bitmap_index = 54, .adv_w = 192, .box_w = 10, .box_h = 15, .ofs_x = 1, .ofs_y = 2},
    {.bitmap_index = 129, .adv_w = 192, .box_w = 10, .box_h = 22, .ofs_x = 1, .ofs_y = -3},
    {.bitmap_index = 239, .adv_w = 192, .box_w = 10, .box_h = 17, .ofs_x = 1, .ofs_y = 0},
    {.bitmap_index = 324, .adv_w = 192, .box_w = 10, .box_h = 17, .ofs_x = 1, .ofs_y = 0},
    {.bitmap_index = 409, .adv_w = 192, .box_w = 4, .box_h = 5, .ofs_x = 4, .ofs_y = 14},
    {.bitmap_index = 419, .adv_w = 192, .box_w = 6, .box_h = 22, .ofs_x = 3, .ofs_y = -3},
    {.bitmap_index = 485, .adv_w = 192, .box_w = 6, .box_h = 22, .ofs_x = 3, .ofs_y = -3},
    {.bitmap_index = 551, .adv_w = 192, .box_w = 10, .box_h = 12, .ofs_x = 1, .ofs_y = 2},
    {.bitmap_index = 611, .adv_w = 192, .box_w = 10, .box_h = 12, .ofs_x = 1, .ofs_y = 2},
    {.bitmap_index = 671, .adv_w = 192, .box_w = 4, .box_h = 10, .ofs_x = 4, .ofs_y = -5},
    {.bitmap_index = 691, .adv_w = 192, .box_w = 8, .box_h = 3, .ofs_x = 2, .ofs_y = 7},
    {.bitmap_index = 703, .adv_w = 192, .box_w = 4, .box_h = 5, .ofs_x = 4, .ofs_y = 0},
    {.bitmap_index = 713, .adv_w = 192, .box_w = 10, .box_h = 22, .ofs_x = 1, .ofs_y = -3},
    {.bitmap_index = 823, .adv_w = 192, .box_w = 10, .box_h = 17, .ofs_x = 1, .ofs_y = 0},
    {.bitmap_index = 908, .adv_w = 192, .box_w = 8, .box_h = 17, .ofs_x = 2, .ofs_y = 0},
    {.bitmap_index = 976, .adv_w = 192, .box_w = 10, .box_h = 17, .ofs_x = 1, .ofs_y = 0},
    {.bitmap_index = 1061, .adv_w = 192, .box_w = 10, .box_h = 17, .ofs_x = 1, .ofs_y = 0},
    {.bitmap_index = 1146, .adv_w = 192, .box_w = 10, .box_h = 17, .ofs_x = 1, .ofs_y = 0},
    {.bitmap_index = 1231, .adv_w = 192, .box_w = 10, .box_h = 17, .ofs_x = 1, .ofs_y = 0},
    {.bitmap_index = 1316, .adv_w = 192, .box_w = 10, .box_h = 17, .ofs_x = 1, .ofs_y = 0},
    {.bitmap_index = 1401, .adv_w = 192, .box_w = 10, .box_h = 17, .ofs_x = 1, .ofs_y = 0},
    {.bitmap_index = 1486, .adv_w = 192, .box_w = 10, .box_h = 17, .ofs_x = 1, .ofs_y = 0},
    {.bitmap_index = 1571, .adv_w = 192, .box_w = 10, .box_h = 17, .ofs_x = 1, .ofs_y = 0},
    {.bitmap_index = 1656, .adv_w = 192, .box_w = 4, .box_h = 14, .ofs_x = 4, .ofs_y = 0},
    {.bitmap_index = 1684, .adv_w = 192, .box_w = 4, .box_h = 19, .ofs_x = 4, .ofs_y = -5},
    {.bitmap_index = 1722, .adv_w = 192, .box_w = 8, .box_h = 17, .ofs_x = 2, .ofs_y = 0},
    {.bitmap_index = 1790, .adv_w = 192, .box_w = 8, .box_h = 8, .ofs_x = 2, .ofs_y = 4},
    {.bitmap_index = 1822, .adv_w = 192, .box_w = 8, .box_h = 17, .ofs_x = 2, .ofs_y = 0},
    {.bitmap_index = 1890, .adv_w = 192, .box_w = 10, .box_h = 17, .ofs_x = 1, .ofs_y = 0},
    {.bitmap_index = 1975, .adv_w = 192, .box_w = 10, .box_h = 19, .ofs_x = 1, .ofs_y = 0},
    {.bitmap_index = 2070, .adv_w = 192, .box_w = 10, .box_h = 17, .ofs_x = 1, .ofs_y = 0},
    {.bitmap_index = 2155, .adv_w = 192, .box_w = 10, .box_h = 17, .ofs_x = 1, .ofs_y = 0},
    {.bitmap_index = 2240, .adv_w = 192, .box_w = 10, .box_h = 17, .ofs_x = 1, .ofs_y = 0},
    {.bitmap_index = 2325, .adv_w = 192, .box_w = 10, .box_h = 17, .ofs_x = 1, .ofs_y = 0},
    {.bitmap_index = 2410, .adv_w = 192, .box_w = 8, .box_h = 17, .ofs_x = 2, .ofs_y = 0},
    {.bitmap_index = 2478, .adv_w = 192, .box_w = 8, .box_h = 17, .ofs_x = 2, .ofs_y = 0},
    {.bitmap_index = 2546, .adv_w = 192, .box_w = 10, .box_h = 17, .ofs_x = 1, .ofs_y = 0},
    {.bitmap_index = 2631, .adv_w = 192, .box_w = 10, .box_h = 17, .ofs_x = 1, .ofs_y = 0},
    {.bitmap_index = 2716, .adv_w = 192, .box_w = 8, .box_h = 17, .ofs_x = 2, .ofs_y = 0},
    {.bitmap_index = 2784, .adv_w = 192, .box_w = 10, .box_h = 17, .ofs_x = 1, .ofs_y = 0},
    {.bitmap_index = 2869, .adv_w = 192, .box_w = 10, .box_h = 17, .ofs_x = 1, .ofs_y = 0},
    {.bitmap_index = 2954, .adv_w = 192, .box_w = 9, .box_h = 17, .ofs_x = 2, .ofs_y = 0},
    {.bitmap_index = 3031, .adv_w = 192, .box_w = 10, .box_h = 17, .ofs_x = 1, .ofs_y = 0},
    {.bitmap_index = 3116, .adv_w = 192, .box_w = 10, .box_h = 17, .ofs_x = 1, .ofs_y = 0},
    {.bitmap_index = 3201, .adv_w = 192, .box_w = 10, .box_h = 17, .ofs_x = 1, .ofs_y = 0},
    {.bitmap_index = 3286, .adv_w = 192, .box_w = 10, .box_h = 17, .ofs_x = 1, .ofs_y = 0},
    {.bitmap_index = 3371, .adv_w = 192, .box_w = 10, .box_h = 22, .ofs_x = 1, .ofs_y = -5},
    {.bitmap_index = 3481, .adv_w = 192, .box_w = 10, .box_h = 17, .ofs_x = 1, .ofs_y = 0},
    {.bitmap_index = 3566, .adv_w = 192, .box_w = 10, .box_h = 17, .ofs_x = 1, .ofs_y = 0},
    {.bitmap_index = 3651, .adv_w = 192, .box_w = 10, .box_h = 17, .ofs_x = 1, .ofs_y = 0},
    {.bitmap_index = 3736, .adv_w = 192, .box_w = 10, .box_h = 17, .ofs_x = 1, .ofs_y = 0},
    {.bitmap_index = 3821, .adv_w = 192, .box_w = 10, .box_h = 17, .ofs_x = 1, .ofs_y = 0},
    {.bitmap_index = 3906, .adv_w = 192, .box_w = 10, .box_h = 17, .ofs_x = 1, .ofs_y = 0},
    {.bitmap_index = 3991, .adv_w = 192, .box_w = 10, .box_h = 17, .ofs_x = 1, .ofs_y = 0},
    {.bitmap_index = 4076, .adv_w = 192, .box_w = 10, .box_h = 17, .ofs_x = 1, .ofs_y = 0},
    {.bitmap_index = 4161, .adv_w = 192, .box_w = 10, .box_h = 17, .ofs_x = 1, .ofs_y = 0},
    {.bitmap_index = 4246, .adv_w = 192, .box_w = 5, .box_h = 22, .ofs_x = 4, .ofs_y = -2},
    {.bitmap_index = 4301, .adv_w = 192, .box_w = 10, .box_h = 22, .ofs_x = 1, .ofs_y = -3},
    {.bitmap_index = 4411, .adv_w = 192, .box_w = 5, .box_h = 22, .ofs_x = 3, .ofs_y = -2},
    {.bitmap_index = 4466, .adv_w = 192, .box_w = 10, .box_h = 10, .ofs_x = 1, .ofs_y = 7},
    {.bitmap_index = 4516, .adv_w = 192, .box_w = 10, .box_h = 3, .ofs_x = 1, .ofs_y = 0},
    {.bitmap_index = 4531, .adv_w = 192, .box_w = 5, .box_h = 5, .ofs_x = 3, .ofs_y = 14},
    {.bitmap_index = 4544, .adv_w = 192, .box_w = 10, .box_h = 12, .ofs_x = 1, .ofs_y = 0},
    {.bitmap_index = 4604, .adv_w = 192, .box_w = 10, .box_h = 17, .ofs_x = 1, .ofs_y = 0},
    {.bitmap_index = 4689, .adv_w = 192, .box_w = 10, .box_h = 12, .ofs_x = 1, .ofs_y = 0},
    {.bitmap_index = 4749, .adv_w = 192, .box_w = 10, .box_h = 17, .ofs_x = 1, .ofs_y = 0},
    {.bitmap_index = 4834, .adv_w = 192, .box_w = 10, .box_h = 12, .ofs_x = 1, .ofs_y = 0},
    {.bitmap_index = 4894, .adv_w = 192, .box_w = 8, .box_h = 17, .ofs_x = 2, .ofs_y = 0},
    {.bitmap_index = 4962, .adv_w = 192, .box_w = 10, .box_h = 17, .ofs_x = 1, .ofs_y = -5},
    {.bitmap_index = 5047, .adv_w = 192, .box_w = 10, .box_h = 17, .ofs_x = 1, .ofs_y = 0},
    {.bitmap_index = 5132, .adv_w = 192, .box_w = 8, .box_h = 17, .ofs_x = 2, .ofs_y = 0},
    {.bitmap_index = 5200, .adv_w = 192, .box_w = 7, .box_h = 22, .ofs_x = 2, .ofs_y = -5},
    {.bitmap_index = 5277, .adv_w = 192, .box_w = 10, .box_h = 17, .ofs_x = 1, .ofs_y = 0},
    {.bitmap_index = 5362, .adv_w = 192, .box_w = 8, .box_h = 17, .ofs_x = 2, .ofs_y = 0},
    {.bitmap_index = 5430, .adv_w = 192, .box_w = 10, .box_h = 12, .ofs_x = 1, .ofs_y = 0},
    {.bitmap_index = 5490, .adv_w = 192, .box_w = 10, .box_h = 12, .ofs_x = 1, .ofs_y = 0},
    {.bitmap_index = 5550, .adv_w = 192, .box_w = 10, .box_h = 12, .ofs_x = 1, .ofs_y = 0},
    {.bitmap_index = 5610, .adv_w = 192, .box_w = 10, .box_h = 17, .ofs_x = 1, .ofs_y = -5},
    {.bitmap_index = 5695, .adv_w = 192, .box_w = 10, .box_h = 17, .ofs_x = 1, .ofs_y = -5},
    {.bitmap_index = 5780, .adv_w = 192, .box_w = 10, .box_h = 12, .ofs_x = 1, .ofs_y = 0},
    {.bitmap_index = 5840, .adv_w = 192, .box_w = 10, .box_h = 12, .ofs_x = 1, .ofs_y = 0},
    {.bitmap_index = 5900, .adv_w = 192, .box_w = 9, .box_h = 17, .ofs_x = 1, .ofs_y = 0},
    {.bitmap_index = 5977, .adv_w = 192, .box_w = 10, .box_h = 12, .ofs_x = 1, .ofs_y = 0},
    {.bitmap_index = 6037, .adv_w = 192, .box_w = 10, .box_h = 12, .ofs_x = 1, .ofs_y = 0},
    {.bitmap_index = 6097, .adv_w = 192, .box_w = 10, .box_h = 12, .ofs_x = 1, .ofs_y = 0},
    {.bitmap_index = 6157, .adv_w = 192, .box_w = 10, .box_h = 12, .ofs_x = 1, .ofs_y = 0},
    {.bitmap_index = 6217, .adv_w = 192, .box_w = 11, .box_h = 17, .ofs_x = 0, .ofs_y = -5},
    {.bitmap_index = 6311, .adv_w = 192, .box_w = 10, .box_h = 12, .ofs_x = 1, .ofs_y = 0},
    {.bitmap_index = 6371, .adv_w = 192, .box_w = 8, .box_h = 22, .ofs_x = 2, .ofs_y = -3},
    {.bitmap_index = 6459, .adv_w = 192, .box_w = 4, .box_h = 22, .ofs_x = 4, .ofs_y = -2},
    {.bitmap_index = 6503, .adv_w = 192, .box_w = 8, .box_h = 22, .ofs_x = 2, .ofs_y = -3},
    {.bitmap_index = 6591, .adv_w = 192, .box_w = 10, .box_h = 10, .ofs_x = 1, .ofs_y = 5},
    {.bitmap_index = 6641, .adv_w = 192, .box_w = 0, .box_h = 0, .ofs_x = 0, .ofs_y = 0},
    {.bitmap_index = 6641, .adv_w = 192, .box_w = 4, .box_h = 17, .ofs_x = 4, .ofs_y = -2},
    {.bitmap_index = 6675, .adv_w = 192, .box_w = 10, .box_h = 23, .ofs_x = 1, .ofs_y = -3},
    {.bitmap_index = 6790, .adv_w = 192, .box_w = 10, .box_h = 17, .ofs_x = 1, .ofs_y = 0},
    {.bitmap_index = 6875, .adv_w = 192, .box_w = 10, .box_h = 12, .ofs_x = 1, .ofs_y = 0},
    {.bitmap_index = 6935, .adv_w = 192, .box_w = 10, .box_h = 17, .ofs_x = 1, .ofs_y = 0},
    {.bitmap_index = 7020, .adv_w = 192, .box_w = 4, .box_h = 22, .ofs_x = 4, .ofs_y = -2},
    {.bitmap_index = 7064, .adv_w = 192, .box_w = 10, .box_h = 20, .ofs_x = 1, .ofs_y = -3},
    {.bitmap_index = 7164, .adv_w = 192, .box_w = 8, .box_h = 3, .ofs_x = 2, .ofs_y = 14},
    {.bitmap_index = 7176, .adv_w = 192, .box_w = 10, .box_h = 22, .ofs_x = 1, .ofs_y = -2},
    {.bitmap_index = 7286, .adv_w = 192, .box_w = 8, .box_h = 18, .ofs_x = 2, .ofs_y = -1},
    {.bitmap_index = 7358, .adv_w = 192, .box_w = 10, .box_h = 12, .ofs_x = 1, .ofs_y = 0},
    {.bitmap_index = 7418, .adv_w = 192, .box_w = 10, .box_h = 8, .ofs_x = 1, .ofs_y = 2},
    {.bitmap_index = 7458, .adv_w = 192, .box_w = 8, .box_h = 3, .ofs_x = 2, .ofs_y = 7},
    {.bitmap_index = 7470, .adv_w = 192, .box_w = 10, .box_h = 22, .ofs_x = 1, .ofs_y = -2},
    {.bitmap_index = 7580, .adv_w = 192, .box_w = 8, .box_h = 3, .ofs_x = 2, .ofs_y = 14},
    {.bitmap_index = 7592, .adv_w = 192, .box_w = 8, .box_h = 10, .ofs_x = 2, .ofs_y = 10},
    {.bitmap_index = 7632, .adv_w = 192, .box_w = 10, .box_h = 17, .ofs_x = 1, .ofs_y = 0},
    {.bitmap_index = 7717, .adv_w = 192, .box_w = 6, .box_h = 12, .ofs_x = 3, .ofs_y = 7},
    {.bitmap_index = 7753, .adv_w = 192, .box_w = 6, .box_h = 12, .ofs_x = 3, .ofs_y = 7},
    {.bitmap_index = 7789, .adv_w = 192, .box_w = 5, .box_h = 5, .ofs_x = 4, .ofs_y = 14},
    {.bitmap_index = 7802, .adv_w = 192, .box_w = 12, .box_h = 17, .ofs_x = -1, .ofs_y = -5},
    {.bitmap_index = 7904, .adv_w = 192, .box_w = 10, .box_h = 23, .ofs_x = 1, .ofs_y = -3},
    {.bitmap_index = 8019, .adv_w = 192, .box_w = 4, .box_h = 5, .ofs_x = 4, .ofs_y = 5},
    {.bitmap_index = 8029, .adv_w = 192, .box_w = 4, .box_h = 5, .ofs_x = 4, .ofs_y = -5},
    {.bitmap_index = 8039, .adv_w = 192, .box_w = 5, .box_h = 12, .ofs_x = 3, .ofs_y = 7},
    {.bitmap_index = 8069, .adv_w = 192, .box_w = 8, .box_h = 18, .ofs_x = 2, .ofs_y = -1},
    {.bitmap_index = 8141, .adv_w = 192, .box_w = 10, .box_h = 12, .ofs_x = 1, .ofs_y = 0},
    {.bitmap_index = 8201, .adv_w = 192, .box_w = 12, .box_h = 23, .ofs_x = 0, .ofs_y = -3},
    {.bitmap_index = 8339, .adv_w = 192, .box_w = 11, .box_h = 20, .ofs_x = 0, .ofs_y = 0},
    {.bitmap_index = 8449, .adv_w = 192, .box_w = 11, .box_h = 22, .ofs_x = 1, .ofs_y = -3},
    {.bitmap_index = 8570, .adv_w = 192, .box_w = 10, .box_h = 18, .ofs_x = 1, .ofs_y = -3},
    {.bitmap_index = 8660, .adv_w = 192, .box_w = 10, .box_h = 24, .ofs_x = 1, .ofs_y = 0},
    {.bitmap_index = 8780, .adv_w = 192, .box_w = 10, .box_h = 24, .ofs_x = 1, .ofs_y = 0},
    {.bitmap_index = 8900, .adv_w = 192, .box_w = 10, .box_h = 24, .ofs_x = 1, .ofs_y = 0},
    {.bitmap_index = 9020, .adv_w = 192, .box_w = 10, .box_h = 24, .ofs_x = 1, .ofs_y = 0},
    {.bitmap_index = 9140, .adv_w = 192, .box_w = 10, .box_h = 22, .ofs_x = 1, .ofs_y = 0},
    {.bitmap_index = 9250, .adv_w = 192, .box_w = 10, .box_h = 27, .ofs_x = 1, .ofs_y = 0},
    {.bitmap_index = 9385, .adv_w = 192, .box_w = 10, .box_h = 17, .ofs_x = 1, .ofs_y = 0},
    {.bitmap_index = 9470, .adv_w = 192, .box_w = 10, .box_h = 22, .ofs_x = 1, .ofs_y = -5},
    {.bitmap_index = 9580, .adv_w = 192, .box_w = 8, .box_h = 24, .ofs_x = 2, .ofs_y = 0},
    {.bitmap_index = 9676, .adv_w = 192, .box_w = 8, .box_h = 24, .ofs_x = 2, .ofs_y = 0},
    {.bitmap_index = 9772, .adv_w = 192, .box_w = 8, .box_h = 24, .ofs_x = 2, .ofs_y = 0},
    {.bitmap_index = 9868, .adv_w = 192, .box_w = 8, .box_h = 22, .ofs_x = 2, .ofs_y = 0},
    {.bitmap_index = 9956, .adv_w = 192, .box_w = 8, .box_h = 24, .ofs_x = 2, .ofs_y = 0},
    {.bitmap_index = 10052, .adv_w = 192, .box_w = 8, .box_h = 24, .ofs_x = 2, .ofs_y = 0},
    {.bitmap_index = 10148, .adv_w = 192, .box_w = 8, .box_h = 24, .ofs_x = 2, .ofs_y = 0},
    {.bitmap_index = 10244, .adv_w = 192, .box_w = 8, .box_h = 22, .ofs_x = 2, .ofs_y = 0},
    {.bitmap_index = 10332, .adv_w = 192, .box_w = 10, .box_h = 17, .ofs_x = 1, .ofs_y = 0},
    {.bitmap_index = 10417, .adv_w = 192, .box_w = 10, .box_h = 24, .ofs_x = 1, .ofs_y = 0},
    {.bitmap_index = 10537, .adv_w = 192, .box_w = 10, .box_h = 24, .ofs_x = 1, .ofs_y = 0},
    {.bitmap_index = 10657, .adv_w = 192, .box_w = 10, .box_h = 24, .ofs_x = 1, .ofs_y = 0},
    {.bitmap_index = 10777, .adv_w = 192, .box_w = 10, .box_h = 24, .ofs_x = 1, .ofs_y = 0},
    {.bitmap_index = 10897, .adv_w = 192, .box_w = 10, .box_h = 24, .ofs_x = 1, .ofs_y = 0},
    {.bitmap_index = 11017, .adv_w = 192, .box_w = 10, .box_h = 22, .ofs_x = 1, .ofs_y = 0},
    {.bitmap_index = 11127, .adv_w = 192, .box_w = 8, .box_h = 15, .ofs_x = 2, .ofs_y = 2},
    {.bitmap_index = 11187, .adv_w = 192, .box_w = 10, .box_h = 22, .ofs_x = 1, .ofs_y = -3},
    {.bitmap_index = 11297, .adv_w = 192, .box_w = 10, .box_h = 24, .ofs_x = 1, .ofs_y = 0},
    {.bitmap_index = 11417, .adv_w = 192, .box_w = 10, .box_h = 24, .ofs_x = 1, .ofs_y = 0},
    {.bitmap_index = 11537, .adv_w = 192, .box_w = 10, .box_h = 24, .ofs_x = 1, .ofs_y = 0},
    {.bitmap_index = 11657, .adv_w = 192, .box_w = 10, .box_h = 22, .ofs_x = 1, .ofs_y = 0},
    {.bitmap_index = 11767, .adv_w = 192, .box_w = 10, .box_h = 24, .ofs_x = 1, .ofs_y = 0},
    {.bitmap_index = 11887, .adv_w = 192, .box_w = 10, .box_h = 17, .ofs_x = 1, .ofs_y = 0},
    {.bitmap_index = 11972, .adv_w = 192, .box_w = 10, .box_h = 17, .ofs_x = 1, .ofs_y = 0},
    {.bitmap_index = 12057, .adv_w = 192, .box_w = 10, .box_h = 19, .ofs_x = 1, .ofs_y = 0},
    {.bitmap_index = 12152, .adv_w = 192, .box_w = 10, .box_h = 19, .ofs_x = 1, .ofs_y = 0},
    {.bitmap_index = 12247, .adv_w = 192, .box_w = 10, .box_h = 19, .ofs_x = 1, .ofs_y = 0},
    {.bitmap_index = 12342, .adv_w = 192, .box_w = 10, .box_h = 19, .ofs_x = 1, .ofs_y = 0},
    {.bitmap_index = 12437, .adv_w = 192, .box_w = 10, .box_h = 17, .ofs_x = 1, .ofs_y = 0},
    {.bitmap_index = 12522, .adv_w = 192, .box_w = 10, .box_h = 22, .ofs_x = 1, .ofs_y = 0},
    {.bitmap_index = 12632, .adv_w = 192, .box_w = 10, .box_h = 12, .ofs_x = 1, .ofs_y = 0},
    {.bitmap_index = 12692, .adv_w = 192, .box_w = 10, .box_h = 17, .ofs_x = 1, .ofs_y = -5},
    {.bitmap_index = 12777, .adv_w = 192, .box_w = 10, .box_h = 19, .ofs_x = 1, .ofs_y = 0},
    {.bitmap_index = 12872, .adv_w = 192, .box_w = 10, .box_h = 19, .ofs_x = 1, .ofs_y = 0},
    {.bitmap_index = 12967, .adv_w = 192, .box_w = 10, .box_h = 19, .ofs_x = 1, .ofs_y = 0},
    {.bitmap_index = 13062, .adv_w = 192, .box_w = 10, .box_h = 17, .ofs_x = 1, .ofs_y = 0},
    {.bitmap_index = 13147, .adv_w = 192, .box_w = 8, .box_h = 19, .ofs_x = 2, .ofs_y = 0},
    {.bitmap_index = 13223, .adv_w = 192, .box_w = 8, .box_h = 19, .ofs_x = 2, .ofs_y = 0},
    {.bitmap_index = 13299, .adv_w = 192, .box_w = 8, .box_h = 19, .ofs_x = 2, .ofs_y = 0},
    {.bitmap_index = 13375, .adv_w = 192, .box_w = 8, .box_h = 17, .ofs_x = 2, .ofs_y = 0},
    {.bitmap_index = 13443, .adv_w = 192, .box_w = 10, .box_h = 22, .ofs_x = 1, .ofs_y = 0},
    {.bitmap_index = 13553, .adv_w = 192, .box_w = 10, .box_h = 19, .ofs_x = 1, .ofs_y = 0},
    {.bitmap_index = 13648, .adv_w = 192, .box_w = 10, .box_h = 19, .ofs_x = 1, .ofs_y = 0},
    {.bitmap_index = 13743, .adv_w = 192, .box_w = 10, .box_h = 19, .ofs_x = 1, .ofs_y = 0},
    {.bitmap_index = 13838, .adv_w = 192, .box_w = 10, .box_h = 19, .ofs_x = 1, .ofs_y = 0},
    {.bitmap_index = 13933, .adv_w = 192, .box_w = 10, .box_h = 19, .ofs_x = 1, .ofs_y = 0},
    {.bitmap_index = 14028, .adv_w = 192, .box_w = 10, .box_h = 17, .ofs_x = 1, .ofs_y = 0},
    {.bitmap_index = 14113, .adv_w = 192, .box_w = 8, .box_h = 17, .ofs_x = 2, .ofs_y = 0},
    {.bitmap_index = 14181, .adv_w = 192, .box_w = 10, .box_h = 18, .ofs_x = 1, .ofs_y = -3},
    {.bitmap_index = 14271, .adv_w = 192, .box_w = 10, .box_h = 19, .ofs_x = 1, .ofs_y = 0},
    {.bitmap_index = 14366, .adv_w = 192, .box_w = 10, .box_h = 19, .ofs_x = 1, .ofs_y = 0},
    {.bitmap_index = 14461, .adv_w = 192, .box_w = 10, .box_h = 19, .ofs_x = 1, .ofs_y = 0},
    {.bitmap_index = 14556, .adv_w = 192, .box_w = 10, .box_h = 17, .ofs_x = 1, .ofs_y = 0},
    {.bitmap_index = 14641, .adv_w = 192, .box_w = 11, .box_h = 24, .ofs_x = 0, .ofs_y = -5},
    {.bitmap_index = 14773, .adv_w = 192, .box_w = 10, .box_h = 22, .ofs_x = 1, .ofs_y = -5},
    {.bitmap_index = 14883, .adv_w = 192, .box_w = 11, .box_h = 22, .ofs_x = 0, .ofs_y = -5}
};

/*---------------------
 *  CHARACTER MAPPING
 *--------------------*/



/*Collect the unicode lists and glyph_id offsets*/
static const lv_font_fmt_txt_cmap_t cmaps[] =
{
    {
        .range_start = 32, .range_length = 95, .glyph_id_start = 1,
        .unicode_list = NULL, .glyph_id_ofs_list = NULL, .list_length = 0, .type = LV_FONT_FMT_TXT_CMAP_FORMAT0_TINY
    },
    {
        .range_start = 160, .range_length = 96, .glyph_id_start = 96,
        .unicode_list = NULL, .glyph_id_ofs_list = NULL, .list_length = 0, .type = LV_FONT_FMT_TXT_CMAP_FORMAT0_TINY
    }
};



/*--------------------
 *  ALL CUSTOM DATA
 *--------------------*/

#if LVGL_VERSION_MAJOR == 8
/*Store all the custom data of the font*/
static  lv_font_fmt_txt_glyph_cache_t cache;
#endif

#if LVGL_VERSION_MAJOR >= 8
static const lv_font_fmt_txt_dsc_t font_dsc = {
#else
static lv_font_fmt_txt_dsc_t font_dsc = {
#endif
    .glyph_bitmap = glyph_bitmap,
    .glyph_dsc = glyph_dsc,
    .cmaps = cmaps,
    .kern_dsc = NULL,
    .kern_scale = 0,
    .cmap_num = 2,
    .bpp = 4,
    .kern_classes = 0,
    .bitmap_format = 0,
#if LVGL_VERSION_MAJOR == 8
    .cache = &cache
#endif
};



/*-----------------
 *  PUBLIC FONT
 *----------------*/

/*Initialize a public general font descriptor*/
#if LVGL_VERSION_MAJOR >= 8
const lv_font_t font_vt323_30 = {
#else
lv_font_t font_vt323_30 = {
#endif
    .get_glyph_dsc = lv_font_get_glyph_dsc_fmt_txt,    /*Function pointer to get glyph's data*/
    .get_glyph_bitmap = lv_font_get_bitmap_fmt_txt,    /*Function pointer to get glyph's bitmap*/
    .line_height = 32,          /*The maximum line height required by the font*/
    .base_line = 5,             /*Baseline measured from the bottom of the line*/
#if !(LVGL_VERSION_MAJOR == 6 && LVGL_VERSION_MINOR == 0)
    .subpx = LV_FONT_SUBPX_NONE,
#endif
#if LV_VERSION_CHECK(7, 4, 0) || LVGL_VERSION_MAJOR >= 8
    .underline_position = -4,
    .underline_thickness = 2,
#endif
    .dsc = &font_dsc,          /*The custom font data. Will be accessed by `get_glyph_bitmap/dsc` */
#if LV_VERSION_CHECK(8, 2, 0) || LVGL_VERSION_MAJOR >= 9
    .fallback = NULL,
#endif
    .user_data = NULL,
};



#endif /*#if FONT_VT323_30*/

